% Robot 74 Kim (PCB version 6.3, SVN version 47, battery 12.2 V)

% Basebot log for Kim

% Sample time 1000 us, PWM 1990 Hz, Gear 9.60, Wheels 0.03 m, PPR 48

% maximum log samples 3571 each sized 112 bytes

% 1 time (sec)

% 2 state

% 3   Desired value

% 4-5 motor voltage (left,right) (V)

% 6-7 Encoder count (left, right)

% 8-9 motor vel (left, right) (rad/s)

% 10  Battery voltage (V)

% 11-13 gyro (x,y,z) (rad/s)

% 14-15 motor current  (A)

0.0000 10 0.00 0.00 0.00 0 0 0.00 0.00 12.14 -0.01 -0.33 0.06 -0.2935 0.2560

0.0010 10 0.00 0.00 0.00 0 0 0.00 0.00 12.15 0.23 -0.40 -0.00 -0.2800 0.2425

0.0020 10 0.00 0.00 0.00 0 0 0.00 0.00 12.15 0.14 -0.36 0.18 -0.2440 0.2110

0.0030 10 0.00 0.00 0.00 0 0 0.00 0.00 12.15 0.11 -0.40 0.06 -0.2395 0.1840

0.0040 10 0.00 0.00 0.00 0 0 0.00 0.00 12.15 -0.01 -0.49 -0.03 -0.1990 0.1345

0.0050 10 0.00 0.00 0.00 0 0 0.00 0.00 12.15 0.35 -1.04 -0.09 -0.2440 0.1705

0.0060 10 0.00 0.00 0.00 0 0 0.00 0.00 12.15 0.17 -0.79 -0.18 -0.2980 0.2335

0.0070 10 0.00 0.00 0.00 0 0 0.00 0.00 12.15 0.11 -0.40 0.03 -0.3295 0.2740

0.0080 10 0.00 0.00 0.00 0 0 0.00 0.00 12.15 -0.01 -0.76 0.15 -0.3295 0.2785

0.0090 10 0.00 0.00 0.00 0 0 0.00 0.00 12.15 0.17 -1.46 0.18 -0.3160 0.2695

0.0100 10 0.00 0.00 0.00 0 0 0.00 0.00 12.14 0.05 -1.16 0.21 -0.3295 0.2695

0.0110 10 0.00 0.00 0.00 0 0 0.00 0.00 12.14 0.14 -0.55 0.37 -0.3205 0.2695

0.0120 10 0.00 0.00 0.00 0 0 0.00 0.00 12.14 0.41 -0.43 0.52 -0.3070 0.2650

0.0130 10 0.00 0.00 0.00 0 0 0.00 0.00 12.15 0.23 -0.85 0.58 -0.3160 0.2695

0.0140 10 0.00 0.00 0.00 0 0 0.00 0.00 12.14 0.11 -1.37 0.55 -0.3205 0.2695

0.0150 10 0.00 0.00 0.00 0 0 0.00 0.00 12.14 0.29 -1.49 0.40 -0.3295 0.2740

0.0160 10 0.00 0.00 0.00 0 0 0.00 0.00 12.15 0.32 -1.22 0.30 -0.3025 0.2695

0.0170 10 0.00 0.00 0.00 0 0 0.00 0.00 12.15 0.26 -0.94 0.30 -0.3205 0.2605

0.0180 10 0.00 0.00 0.00 0 0 0.00 0.00 12.15 0.11 -1.07 0.37 -0.3115 0.2740

0.0190 10 0.00 0.00 0.00 0 0 0.00 0.00 12.15 0.20 -0.88 0.46 -0.2935 0.2695

0.0200 10 0.00 0.00 0.00 0 0 0.00 0.00 12.15 0.29 -0.94 0.61 -0.3025 0.2470

0.0210 10 0.00 0.00 0.00 0 0 0.00 0.00 12.14 0.29 -1.34 0.70 -0.3115 0.2785

0.0220 10 0.00 0.00 0.00 0 0 0.00 0.00 12.15 0.23 -1.62 0.76 -0.3295 0.2785

0.0230 10 0.00 0.00 0.00 0 0 0.00 0.00 12.14 0.05 -1.49 0.79 -0.3160 0.2650

0.0240 10 0.00 0.00 0.00 0 0 0.00 0.00 12.15 0.23 -1.28 0.76 -0.3205 0.2740

0.0250 10 0.00 0.00 0.00 0 0 0.00 0.00 12.15 0.26 -1.19 0.82 -0.3205 0.2785

0.0260 10 0.00 0.00 0.00 0 0 0.00 0.00 12.15 0.23 -1.13 0.85 -0.3160 0.2650

0.0270 10 0.00 0.00 0.00 0 0 0.00 0.00 12.15 0.14 -0.98 0.98 -0.3250 0.2695

0.0280 10 0.00 0.00 0.00 0 0 0.00 0.00 12.15 0.02 -1.01 1.04 -0.3160 0.2650

0.0290 10 0.00 0.00 0.00 0 0 0.00 0.00 12.15 -0.01 -1.25 0.95 -0.3160 0.2695

0.0300 10 0.00 0.00 0.00 0 0 0.00 0.00 12.15 0.41 -1.31 1.10 -0.3250 0.2695

0.0310 10 0.00 0.00 0.00 0 0 0.00 0.00 12.14 0.44 -1.16 1.34 -0.3295 0.2785

0.0320 10 0.00 0.00 0.00 0 0 0.00 0.00 12.15 0.29 -1.04 1.16 -0.3250 0.2740

0.0330 10 0.00 0.00 0.00 0 0 0.00 0.00 12.14 0.29 -0.76 1.19 -0.3115 0.2740

0.0340 10 0.00 0.00 0.00 0 0 0.00 0.00 12.14 0.26 -0.70 1.28 -0.3250 0.2785

0.0350 10 0.00 0.00 0.00 0 0 0.00 0.00 12.14 0.23 -0.85 1.49 -0.3205 0.2560

0.0360 10 0.00 0.00 0.00 0 0 0.00 0.00 12.14 0.23 -0.88 1.74 -0.3250 0.2785

0.0370 10 0.00 0.00 0.00 0 0 0.00 0.00 12.14 0.05 -0.70 1.80 -0.3250 0.2695

0.0380 10 0.00 0.00 0.00 0 0 0.00 0.00 12.15 0.11 -0.76 1.74 -0.3070 0.2740

0.0390 10 0.00 0.00 0.00 0 0 0.00 0.00 12.14 0.29 -0.91 1.77 -0.3115 0.2695

0.0400 10 0.00 0.00 0.00 0 0 0.00 0.00 12.14 0.02 -0.91 1.83 -0.2980 0.2650

0.0410 10 0.00 0.00 0.00 0 0 0.00 0.00 12.15 -0.10 -0.73 1.95 -0.2935 0.2560

0.0420 10 0.00 0.00 0.00 0 0 0.00 0.00 12.15 0.11 -0.52 2.11 -0.2800 0.2470

0.0430 10 0.00 0.00 0.00 0 0 0.00 0.00 12.14 0.17 -0.61 2.29 -0.2620 0.2155

0.0440 10 0.00 0.00 0.00 0 0 0.00 0.00 12.14 0.08 -0.64 2.38 -0.2215 0.1930

0.0450 10 0.00 0.00 0.00 0 0 0.00 0.00 12.15 0.02 -0.58 2.35 -0.1810 0.1480

0.0460 10 0.00 0.00 0.00 0 0 0.00 0.00 12.14 0.26 -0.64 2.59 -0.2260 0.1615

0.0470 10 0.00 0.00 0.00 0 0 0.00 0.00 12.15 0.29 -0.64 2.68 -0.2935 0.2155

0.0480 10 0.00 0.00 0.00 0 0 0.00 0.00 12.15 0.17 -0.46 2.78 -0.3205 0.2785

0.0490 10 0.00 0.00 0.00 0 0 0.00 0.00 12.16 0.05 -0.64 2.62 -0.3160 0.2785

0.0500 10 0.00 0.00 0.00 0 0 0.00 0.00 12.15 0.08 -0.91 2.65 -0.3205 0.2740

0.0510 10 0.00 0.00 0.00 0 0 0.00 0.00 12.15 0.11 -0.94 2.72 -0.3205 0.2695

0.0520 10 0.00 0.00 0.00 0 0 0.00 0.00 12.15 0.05 -0.73 2.84 -0.3340 0.2920

0.0530 10 0.00 0.00 0.00 0 0 0.00 0.00 12.15 0.14 -0.58 2.87 -0.3295 0.2875

0.0540 10 0.00 0.00 0.00 0 0 0.00 0.00 12.15 0.11 -0.67 2.96 -0.3205 0.2740

0.0550 10 0.00 0.00 0.00 0 0 0.00 0.00 12.15 0.26 -0.70 3.02 -0.3115 0.2740

0.0560 10 0.00 0.00 0.00 0 0 0.00 0.00 12.15 0.26 -0.70 3.36 -0.3250 0.2695

0.0570 10 0.00 0.00 0.00 0 0 0.00 0.00 12.15 0.08 -0.76 3.48 -0.3070 0.2695

0.0580 10 0.00 0.00 0.00 0 0 0.00 0.00 12.15 -0.07 -0.88 3.36 -0.3205 0.2740

0.0590 10 0.00 0.00 0.00 0 0 0.00 0.00 12.15 0.05 -1.13 3.45 -0.3250 0.2740

0.0600 10 0.00 0.00 0.00 0 0 0.00 0.00 12.15 0.32 -1.16 3.36 -0.3025 0.2695

0.0610 10 0.00 0.00 0.00 0 0 0.00 0.00 12.15 0.32 -1.07 3.23 -0.2980 0.2515

0.0620 10 0.00 0.00 0.00 0 0 0.00 0.00 12.15 0.05 -0.94 3.39 -0.2845 0.2515

0.0630 10 0.00 0.00 0.00 0 0 0.00 0.00 12.14 0.05 -0.91 3.48 -0.3250 0.2785

0.0640 10 0.00 0.00 0.00 0 0 0.00 0.00 12.14 0.05 -0.67 3.51 -0.3295 0.2740

0.0650 10 0.00 0.00 0.00 0 0 0.00 0.00 12.14 0.05 -0.88 3.57 -0.3205 0.2785

0.0660 10 0.00 0.00 0.00 0 0 0.00 0.00 12.15 0.29 -1.13 3.78 -0.3205 0.2740

0.0670 10 0.00 0.00 0.00 0 0 0.00 0.00 12.14 0.23 -1.07 3.66 -0.3340 0.2830

0.0680 10 0.00 0.00 0.00 0 0 0.00 0.00 12.15 0.20 -1.07 3.69 -0.3115 0.2740

0.0690 10 0.00 0.00 0.00 0 0 0.00 0.00 12.15 0.08 -0.70 3.69 -0.3250 0.2830

0.0700 10 0.00 0.00 0.00 0 0 0.00 0.00 12.15 -0.01 -0.58 3.78 -0.3250 0.2695

0.0710 10 0.00 0.00 0.00 0 0 0.00 0.00 12.15 -0.01 -0.79 3.54 -0.3205 0.2695

0.0720 10 0.00 0.00 0.00 0 0 0.00 0.00 12.15 0.08 -0.98 3.42 -0.3295 0.2830

0.0730 10 0.00 0.00 0.00 0 0 0.00 0.00 12.14 0.08 -0.82 3.48 -0.3295 0.2740

0.0740 10 0.00 0.00 0.00 0 0 0.00 0.00 12.15 0.14 -0.73 3.57 -0.3250 0.2740

0.0750 10 0.00 0.00 0.00 0 0 0.00 0.00 12.15 0.38 -0.76 3.42 -0.3205 0.2650

0.0760 10 0.00 0.00 0.00 0 0 0.00 0.00 12.14 0.23 -0.73 3.36 -0.3160 0.2785

0.0770 10 0.00 0.00 0.00 0 0 0.00 0.00 12.15 0.17 -0.82 3.45 -0.3205 0.2740

0.0780 10 0.00 0.00 0.00 0 0 0.00 0.00 12.15 -0.04 -0.85 3.54 -0.3205 0.2695

0.0790 10 0.00 0.00 0.00 0 0 0.00 0.00 12.15 -0.23 -0.85 3.39 -0.3160 0.2695

0.0800 10 0.00 0.00 0.00 0 0 0.00 0.00 12.15 0.02 -0.73 3.05 -0.3070 0.2605

0.0810 10 0.00 0.00 0.00 0 0 0.00 0.00 12.14 0.05 -0.67 3.17 -0.3025 0.2650

0.0820 10 0.00 0.00 0.00 0 0 0.00 0.00 12.15 -0.10 -0.61 3.26 -0.2980 0.2605

0.0830 10 0.00 0.00 0.00 0 0 0.00 0.00 12.15 -0.26 -0.55 3.08 -0.2890 0.2515

0.0840 10 0.00 0.00 0.00 0 0 0.00 0.00 12.14 -0.23 -0.43 2.99 -0.2710 0.2200

0.0850 10 0.00 0.00 0.00 0 0 0.00 0.00 12.14 -0.01 -0.33 3.05 -0.2440 0.2065

0.0860 10 0.00 0.00 0.00 0 0 0.00 0.00 12.15 0.08 -0.46 3.26 -0.1855 0.1615

0.0870 10 0.00 0.00 0.00 0 0 0.00 0.00 12.15 -0.07 -0.58 3.36 -0.2080 0.1390

0.0880 10 0.00 0.00 0.00 0 0 0.00 0.00 12.16 -0.29 -0.52 3.33 -0.2710 0.1795

0.0890 10 0.00 0.00 0.00 0 0 0.00 0.00 12.16 -0.38 -0.40 3.45 -0.3160 0.2605

0.0900 10 0.00 0.00 0.00 0 0 0.00 0.00 12.16 -0.32 -0.30 3.36 -0.3160 0.2695

0.0910 10 0.00 0.00 0.00 0 0 0.00 0.00 12.15 -0.20 -0.40 3.23 -0.3205 0.2560

0.0920 10 0.00 0.00 0.00 0 0 0.00 0.00 12.14 -0.17 -0.52 3.26 -0.3025 0.2695

0.0930 10 0.00 0.00 0.00 0 0 0.00 0.00 12.15 -0.23 -0.43 3.42 -0.3160 0.2695

0.0940 10 0.00 0.00 0.00 0 0 0.00 0.00 12.15 -0.10 0.00 3.30 -0.3025 0.2560

0.0950 10 0.00 0.00 0.00 0 0 0.00 0.00 12.15 -0.07 -0.09 3.14 -0.3160 0.2740

0.0960 10 0.00 0.00 0.00 0 0 0.00 0.00 12.15 -0.29 -0.40 2.96 -0.3160 0.2785

0.0970 10 0.00 0.00 0.00 0 0 0.00 0.00 12.14 -0.23 -0.27 3.14 -0.3205 0.2695

0.0980 10 0.00 0.00 0.00 0 0 0.00 0.00 12.15 -0.14 -0.40 3.14 -0.3205 0.2695

0.0990 10 0.00 0.00 0.00 0 0 0.00 0.00 12.15 -0.04 -0.52 3.02 -0.3115 0.2695

0.1000 11 1.50 1.50 1.50 0 0 0.00 0.00 12.15 -0.23 -0.21 2.78 -0.3115 0.2785

0.1010 11 1.50 1.50 1.50 0 0 0.00 0.00 12.13 -0.50 -0.12 2.81 -0.0955 0.5305

0.1020 11 1.50 1.50 1.50 0 0 0.00 0.00 12.07 -0.38 -0.09 2.90 0.0485 0.4675

0.1030 11 1.50 1.50 1.50 0 0 0.00 0.00 12.07 -0.07 -0.18 2.99 0.1115 0.4045

0.1040 11 1.50 1.50 1.50 0 0 0.00 0.00 12.08 -0.10 -0.40 2.35 0.1250 0.3865

0.1050 11 1.50 1.50 1.50 0 0 0.00 0.00 12.10 -0.87 -0.09 2.53 0.0935 0.4045

0.1060 11 1.50 1.50 1.50 0 0 0.00 0.00 12.09 -0.35 -0.12 2.50 0.1070 0.4045

0.1070 11 1.50 1.50 1.50 0 0 0.00 0.00 12.10 -0.14 0.03 2.23 0.0890 0.4090

0.1080 11 1.50 1.50 1.50 0 1 0.00 0.00 12.09 -0.23 0.28 2.32 0.0800 0.4045

0.1090 11 1.50 1.50 1.50 0 1 0.00 0.00 12.10 -0.59 0.28 2.47 0.0710 0.4000

0.1100 11 1.50 1.50 1.50 0 1 0.00 0.00 12.09 -0.53 0.03 2.23 0.0530 0.4000

0.1110 11 1.50 1.50 1.50 0 1 0.00 0.00 12.09 -0.29 -0.09 2.07 0.0395 0.3910

0.1120 11 1.50 1.50 1.50 0 2 0.00 0.00 12.09 -0.14 0.06 2.04 0.0260 0.3955

0.1130 11 1.50 1.50 1.50 0 2 0.00 0.00 12.10 -0.35 -0.03 2.14 0.0125 0.3685

0.1140 11 1.50 1.50 1.50 0 2 0.00 0.00 12.10 -0.50 0.09 2.20 0.0035 0.3775

0.1150 11 1.50 1.50 1.50 0 3 0.00 0.00 12.10 -0.20 0.31 1.98 0.0080 0.3775

0.1160 11 1.50 1.50 1.50 1 3 0.00 0.00 12.11 0.02 0.18 1.92 -0.0100 0.3595

0.1170 11 1.50 1.50 1.50 1 4 0.00 0.00 12.11 0.17 -0.12 1.89 -0.0100 0.3730

0.1180 11 1.50 1.50 1.50 2 4 0.00 0.00 12.11 0.32 -0.36 1.83 -0.0190 0.3775

0.1190 11 1.50 1.50 1.50 2 5 0.00 47.84 12.12 0.05 -0.33 1.95 -0.0370 0.3685

0.1200 11 1.50 1.50 1.50 3 5 0.00 47.84 12.12 -0.04 -0.06 1.83 -0.0145 0.3550

0.1210 11 1.50 1.50 1.50 3 6 0.00 56.78 12.12 0.32 0.15 1.53 -0.0055 0.3550

0.1220 11 1.50 1.50 1.50 4 6 0.00 56.78 12.12 0.17 0.25 1.40 0.0215 0.3460

0.1230 11 1.50 1.50 1.50 4 7 0.00 65.10 12.12 -0.14 0.15 1.34 0.0350 0.3415

0.1240 11 1.50 1.50 1.50 5 8 62.21 72.09 12.12 -0.35 0.03 1.37 0.0170 0.3460

0.1250 11 1.50 1.50 1.50 5 8 62.21 72.09 12.12 -0.53 0.12 1.28 0.0260 0.3235

0.1260 11 1.50 1.50 1.50 6 9 67.36 77.21 12.12 -0.78 0.52 1.19 0.0530 0.3190

0.1270 11 1.50 1.50 1.50 7 10 72.41 81.29 12.12 -0.78 0.73 1.07 0.0800 0.2515

0.1280 11 1.50 1.50 1.50 7 10 72.41 81.29 12.13 -0.35 1.07 1.04 0.0710 0.2110

0.1290 11 1.50 1.50 1.50 8 11 76.66 83.82 12.14 -0.20 1.22 1.13 0.0125 0.2560

0.1300 11 1.50 1.50 1.50 8 12 76.66 86.18 12.13 -0.07 0.79 1.04 -0.0505 0.3055

0.1310 11 1.50 1.50 1.50 9 12 79.24 86.18 12.14 0.05 0.34 1.01 -0.0595 0.3370

0.1320 11 1.50 1.50 1.50 10 13 83.18 87.95 12.13 -0.17 0.31 1.34 -0.0730 0.3370

0.1330 11 1.50 1.50 1.50 11 14 88.45 91.10 12.13 -0.26 0.64 1.28 -0.0640 0.3370

0.1340 11 1.50 1.50 1.50 11 15 88.45 95.46 12.12 -0.10 0.86 0.91 -0.0415 0.3460

0.1350 11 1.50 1.50 1.50 12 15 92.34 95.46 12.13 0.11 1.13 1.04 -0.0055 0.3550

0.1360 11 1.50 1.50 1.50 13 16 95.59 99.28 12.12 0.11 0.79 1.19 -0.0550 0.3505

0.1370 11 1.50 1.50 1.50 14 17 98.55 102.82 12.13 -0.01 0.58 0.88 -0.0550 0.3415

0.1380 11 1.50 1.50 1.50 14 18 98.55 105.35 12.13 -0.26 0.25 0.27 -0.0730 0.3415

0.1390 11 1.50 1.50 1.50 15 19 102.72 106.58 12.12 -1.26 0.37 0.49 -0.0820 0.3415

0.1400 11 1.50 1.50 1.50 16 20 104.88 107.72 12.13 -0.65 0.49 0.49 -0.0865 0.3280

0.1410 11 1.50 1.50 1.50 17 20 107.72 107.72 12.13 0.29 1.22 0.70 -0.0955 0.3235

0.1420 11 1.50 1.50 1.50 18 21 109.68 109.62 12.13 0.17 1.50 0.85 -0.0955 0.3190

0.1430 11 1.50 1.50 1.50 19 22 109.75 111.45 12.13 -0.26 0.73 0.82 -0.0775 0.3370

0.1440 11 1.50 1.50 1.50 20 23 111.72 114.47 12.13 -0.50 -0.06 0.67 -0.0460 0.3370

0.1450 11 1.50 1.50 1.50 20 24 111.72 117.08 12.13 -0.68 -0.12 0.34 0.0125 0.3325

0.1460 11 1.50 1.50 1.50 21 25 112.86 117.25 12.12 -0.20 -0.09 0.37 -0.0415 0.2875

0.1470 11 1.50 1.50 1.50 22 26 114.46 119.40 12.12 0.29 0.22 0.49 -0.0865 0.3370

0.1480 11 1.50 1.50 1.50 23 27 117.63 123.57 12.12 0.23 0.55 0.49 -0.1000 0.3235

0.1490 11 1.50 1.50 1.50 24 28 119.00 123.99 12.13 -0.01 0.58 0.34 -0.1090 0.3010

0.1500 11 1.50 1.50 1.50 25 29 119.63 122.54 12.13 -0.44 0.70 0.27 -0.1405 0.3325

0.1510 11 1.50 1.50 1.50 26 30 121.15 122.95 12.13 -0.20 0.52 0.40 -0.1405 0.3280

0.1520 11 1.50 1.50 1.50 27 31 121.75 122.21 12.13 0.17 0.73 0.55 -0.1045 0.3325

0.1530 11 1.50 1.50 1.50 28 32 123.40 123.78 12.13 0.02 1.01 0.79 -0.1045 0.3460

0.1540 11 1.50 1.50 1.50 29 33 125.42 126.43 12.12 -0.35 1.01 0.52 -0.0730 0.3280

0.1550 11 1.50 1.50 1.50 30 34 126.85 127.82 12.13 -0.53 0.70 0.24 -0.0955 0.3055

0.1560 11 1.50 1.50 1.50 31 35 129.78 127.79 12.12 -0.87 0.58 0.34 -0.1090 0.3235

0.1570 11 1.50 1.50 1.50 32 36 130.80 128.48 12.12 -0.50 0.46 0.46 -0.1180 0.3235

0.1580 11 1.50 1.50 1.50 33 37 131.86 132.60 12.13 -0.07 0.95 0.61 -0.1315 0.3145

0.1590 11 1.50 1.50 1.50 34 38 132.89 133.59 12.13 -0.17 1.56 0.55 -0.1450 0.3415

0.1600 11 1.50 1.50 1.50 35 39 133.43 136.10 12.13 -0.59 1.71 0.52 -0.1315 0.3370

0.1610 11 1.50 1.50 1.50 36 40 134.75 137.77 12.13 -0.53 1.22 0.52 -0.0595 0.3415

0.1620 11 1.50 1.50 1.50 37 41 134.71 136.94 12.12 -0.53 0.70 0.67 -0.0685 0.3550

0.1630 11 1.50 1.50 1.50 38 42 135.94 138.21 12.12 -0.41 0.79 0.70 -0.1045 0.3235

0.1640 11 1.50 1.50 1.50 39 43 136.02 138.34 12.13 -0.41 1.28 0.79 -0.1000 0.3100

0.1650 11 1.50 1.50 1.50 40 44 136.36 139.03 12.12 -0.44 1.74 0.79 -0.0955 0.2875

0.1660 11 1.50 1.50 1.50 41 45 136.96 141.53 12.13 0.14 1.56 0.58 -0.1000 0.2830

0.1670 11 1.50 1.50 1.50 42 46 137.17 141.93 12.13 0.20 0.92 0.43 -0.0775 0.2740

0.1680 11 1.50 1.50 1.50 43 47 137.54 141.40 12.12 -0.71 0.83 0.88 0.0125 0.2470

0.1690 11 1.50 1.50 1.50 44 48 138.68 141.98 12.12 -0.62 1.10 0.70 0.0170 0.1885

0.1700 11 1.50 1.50 1.50 46 50 141.00 141.35 12.12 -0.38 1.77 0.49 -0.0145 0.2155

0.1710 11 1.50 1.50 1.50 47 51 142.30 142.88 12.13 -0.50 1.92 1.07 -0.0865 0.2695

0.1720 11 1.50 1.50 1.50 48 52 143.17 142.79 12.13 -0.29 1.53 0.82 -0.1180 0.3190

0.1730 11 1.50 1.50 1.50 49 53 144.46 145.11 12.13 0.23 1.19 0.82 -0.1315 0.3190

0.1740 11 1.50 1.50 1.50 50 54 145.29 145.72 12.13 -0.14 1.19 1.19 -0.1540 0.3325

0.1750 11 1.50 1.50 1.50 51 55 144.15 146.84 12.12 -0.56 1.47 1.10 -0.1135 0.3280

0.1760 11 1.50 1.50 1.50 52 56 145.15 148.27 12.12 -0.53 1.44 1.04 -0.0865 0.3505

0.1770 11 1.50 1.50 1.50 53 57 148.80 149.13 12.12 -0.44 1.22 0.95 -0.1360 0.3235

0.1780 11 1.50 1.50 1.50 55 59 149.64 149.85 12.12 0.05 1.34 0.82 -0.1360 0.3100

0.1790 11 1.50 1.50 1.50 56 60 150.20 149.83 12.13 -0.04 1.47 0.98 -0.1360 0.3145

0.1800 11 1.50 1.50 1.50 57 61 148.51 148.75 12.13 -0.68 1.59 1.13 -0.1405 0.3145

0.1810 11 1.50 1.50 1.50 58 62 149.31 149.08 12.12 -0.47 1.65 0.91 -0.1540 0.3280

0.1820 11 1.50 1.50 1.50 59 63 152.38 150.51 12.14 -0.20 1.77 1.04 -0.1135 0.3415

0.1830 11 1.50 1.50 1.50 60 64 153.31 151.47 12.12 -0.01 1.34 0.98 -0.0820 0.3460

0.1840 11 1.50 1.50 1.50 62 66 154.26 153.05 12.12 -0.20 0.92 0.76 -0.1045 0.3145

0.1850 11 1.50 1.50 1.50 63 67 157.65 153.22 12.13 -0.17 1.10 0.73 -0.1225 0.3100

0.1860 11 1.50 1.50 1.50 64 68 157.75 153.50 12.12 0.20 1.28 0.58 -0.1270 0.2785

0.1870 11 1.50 1.50 1.50 65 69 158.96 154.69 12.13 0.23 1.50 0.73 -0.1180 0.2785

0.1880 11 1.50 1.50 1.50 66 70 158.82 155.17 12.12 -0.07 1.37 0.73 -0.1045 0.2785

0.1890 11 1.50 1.50 1.50 68 71 156.64 156.34 12.13 -0.62 1.41 1.04 -0.1180 0.3460

0.1900 11 1.50 1.50 1.50 69 73 157.02 156.39 12.12 -0.50 1.53 0.95 -0.0865 0.3280

0.1910 11 1.50 1.50 1.50 70 74 157.94 156.21 12.12 -0.71 1.44 0.70 -0.1360 0.3235

0.1920 11 1.50 1.50 1.50 71 75 161.00 160.27 12.12 -0.65 1.22 0.82 -0.1765 0.3100

0.1930 11 1.50 1.50 1.50 73 76 160.95 160.26 12.12 -0.29 1.28 0.91 -0.1810 0.2965

0.1940 11 1.50 1.50 1.50 74 77 160.73 158.14 12.12 -0.26 1.34 0.85 -0.1945 0.3100

0.1950 11 1.50 1.50 1.50 75 79 159.86 157.38 12.13 -0.35 1.56 0.55 -0.1720 0.3280

0.1960 11 1.50 1.50 1.50 76 80 160.47 157.23 12.13 -0.53 1.89 0.73 -0.1495 0.3235

0.1970 11 1.50 1.50 1.50 78 81 161.61 158.95 12.12 -0.38 1.99 0.82 -0.1450 0.3145

0.1980 11 1.50 1.50 1.50 79 82 163.77 159.49 12.12 -0.29 1.59 0.82 -0.1765 0.3145

0.1990 11 1.50 1.50 1.50 80 84 165.77 158.47 12.12 -0.20 1.53 1.01 -0.2035 0.2965

0.2000 11 1.50 1.50 1.50 81 85 166.40 162.41 12.13 -0.04 1.56 1.07 -0.2170 0.3010

0.2010 11 1.50 1.50 1.50 83 86 166.00 162.65 12.12 -0.10 1.37 1.04 -0.2080 0.3055

0.2020 11 1.50 1.50 1.50 84 87 165.23 164.24 12.13 -0.04 1.19 0.79 -0.1630 0.3145

0.2030 11 1.50 1.50 1.50 85 89 163.17 164.00 12.11 0.02 1.16 0.76 -0.1450 0.3370

0.2040 11 1.50 1.50 1.50 86 90 163.08 163.60 12.11 -0.10 0.86 0.67 -0.1945 0.3190

0.2050 11 1.50 1.50 1.50 88 91 162.73 163.02 12.12 -0.23 1.01 0.61 -0.2080 0.2920

0.2060 11 1.50 1.50 1.50 89 92 163.90 163.20 12.13 -0.59 1.47 0.61 -0.2215 0.2695

0.2070 11 1.50 1.50 1.50 90 94 164.32 165.70 12.11 -0.59 1.62 0.58 -0.2125 0.2830

0.2080 11 1.50 1.50 1.50 91 95 164.37 164.94 12.12 -0.47 1.25 0.70 -0.1585 0.2785

0.2090 11 1.50 1.50 1.50 93 96 165.33 165.60 12.13 -0.26 1.01 0.76 -0.1135 0.2335

0.2100 11 1.50 1.50 1.50 94 97 166.34 164.94 12.12 -0.50 1.07 0.67 -0.0685 0.1795

0.2110 11 1.50 1.50 1.50 95 99 166.41 166.20 12.12 -0.50 0.89 0.40 -0.1270 0.1885

0.2120 11 1.50 1.50 1.50 96 100 166.70 166.88 12.13 -0.32 0.92 0.40 -0.1945 0.2200

0.2130 11 1.50 1.50 1.50 98 101 167.78 168.91 12.14 -0.01 0.95 0.61 -0.2665 0.2830

0.2140 11 1.50 1.50 1.50 99 103 165.90 169.32 12.14 -0.04 0.46 0.67 -0.2575 0.2920

0.2150 11 1.50 1.50 1.50 100 104 166.43 170.25 12.13 0.02 0.31 0.70 -0.2080 0.3100

0.2160 11 1.50 1.50 1.50 102 105 170.22 170.52 12.13 0.14 0.55 0.76 -0.2170 0.3055

0.2170 11 1.50 1.50 1.50 103 106 169.94 171.00 12.12 -0.01 0.18 0.58 -0.2350 0.2875

0.2180 11 1.50 1.50 1.50 104 108 170.16 169.83 12.13 0.17 -0.12 0.67 -0.2125 0.2740

0.2190 11 1.50 1.50 1.50 106 109 168.03 168.13 12.14 -0.10 -0.12 0.64 -0.2485 0.2785

0.2200 11 1.50 1.50 1.50 107 110 171.14 167.94 12.14 0.14 -0.03 0.15 -0.2395 0.2830

0.2210 11 1.50 1.50 1.50 108 112 171.62 169.29 12.13 0.14 0.52 0.34 -0.1810 0.2875

0.2220 11 1.50 1.50 1.50 109 113 171.68 170.23 12.14 0.11 0.67 0.46 -0.1900 0.3055

0.2230 11 1.50 1.50 1.50 111 114 174.01 170.49 12.14 -0.10 0.34 0.06 -0.2170 0.2830

0.2240 11 1.50 1.50 1.50 112 116 176.04 169.69 12.14 -0.14 0.03 0.03 -0.2485 0.2695

0.2250 11 1.50 1.50 1.50 114 117 177.64 170.60 12.14 -0.04 0.15 0.21 -0.2485 0.2560

0.2260 11 1.50 1.50 1.50 115 118 174.48 170.72 12.14 0.14 0.18 0.27 -0.2215 0.2695

0.2270 11 1.50 1.50 1.50 116 119 174.82 171.49 12.14 -0.01 0.18 0.24 -0.1765 0.2785

0.2280 11 1.50 1.50 1.50 118 121 174.58 170.74 12.14 -0.04 0.22 0.18 -0.1765 0.2650

0.2290 11 1.50 1.50 1.50 119 122 177.63 169.87 12.13 -0.07 -0.03 -0.03 -0.1630 0.2425

0.2300 11 1.50 1.50 1.50 120 123 177.42 173.87 12.13 -0.26 -0.27 0.12 -0.1540 0.2065

0.2310 11 1.50 1.50 1.50 122 125 175.34 171.27 12.14 0.17 -0.36 0.06 -0.2665 0.2695

0.2320 11 1.50 1.50 1.50 123 126 173.22 168.44 12.14 0.02 -0.24 0.03 -0.2575 0.2695

0.2330 11 1.50 1.50 1.50 124 127 173.19 165.52 12.14 -0.41 -0.64 -0.00 -0.2035 0.2920

0.2340 11 1.50 1.50 1.50 126 128 174.04 165.31 12.14 0.35 -0.30 -0.03 -0.2035 0.2965

0.2350 11 1.50 1.50 1.50 127 130 177.10 166.79 12.12 0.48 0.67 0.18 -0.2080 0.2965

0.2360 11 1.50 1.50 1.50 128 131 177.35 165.51 12.13 -0.47 0.70 0.09 -0.2440 0.2785

0.2370 11 1.50 1.50 1.50 130 132 177.83 165.44 12.14 -0.53 -0.33 -0.09 -0.2440 0.2695

0.2380 11 1.50 1.50 1.50 131 134 177.01 169.52 12.13 0.29 -1.13 0.40 -0.2350 0.3055

0.2390 11 1.50 1.50 1.50 132 135 177.18 171.00 12.14 0.14 -0.43 0.40 -0.1900 0.3010

0.2400 11 1.50 1.50 1.50 134 136 175.69 171.49 12.13 -0.07 0.37 -0.06 -0.1945 0.3145

0.2410 11 1.50 1.50 1.50 135 138 175.11 169.35 12.13 0.17 0.61 -0.06 -0.2215 0.2965

0.2420 11 1.50 1.50 1.50 136 139 175.26 168.68 12.13 -0.10 0.67 0.03 -0.2215 0.2830

0.2430 11 1.50 1.50 1.50 138 140 175.90 168.75 12.14 0.17 0.06 -0.00 -0.2350 0.2875

0.2440 11 1.50 1.50 1.50 139 141 175.83 171.04 12.13 0.14 -0.43 0.12 -0.2260 0.2875

0.2450 11 1.50 1.50 1.50 140 143 176.05 170.49 12.13 0.02 -0.49 -0.03 -0.1765 0.2920

0.2460 11 1.50 1.50 1.50 142 144 177.03 170.43 12.13 -0.32 0.06 0.24 -0.1540 0.2830

0.2470 11 1.50 1.50 1.50 143 145 177.01 169.61 12.14 0.08 0.12 0.18 -0.1765 0.2875

0.2480 11 1.50 1.50 1.50 144 147 177.16 170.64 12.14 0.11 -0.18 -0.00 -0.1810 0.2650

0.2490 11 1.50 1.50 1.50 146 148 178.02 171.15 12.12 0.20 -0.30 0.21 -0.1810 0.2470

0.2500 11 1.50 1.50 1.50 147 149 175.73 173.16 12.13 0.29 0.03 0.27 -0.1315 0.2200

0.2510 11 1.50 1.50 1.50 149 151 177.86 173.19 12.16 -0.07 -0.06 0.15 -0.0640 0.2065

0.2520 11 1.50 1.50 1.50 150 152 179.86 173.86 12.13 -0.14 -0.40 0.21 -0.0685 0.1975

0.2530 11 1.50 1.50 1.50 151 153 179.11 174.05 12.13 -0.23 -0.18 0.34 -0.1360 0.2290

0.2540 11 1.50 1.50 1.50 153 155 177.79 173.97 12.14 -0.10 -0.24 0.12 -0.2170 0.2785

0.2550 11 1.50 1.50 1.50 154 156 176.68 173.11 12.14 0.32 -0.55 0.21 -0.2215 0.2920

0.2560 11 1.50 1.50 1.50 155 157 179.49 171.29 12.14 0.20 -0.21 0.34 -0.1810 0.2875

0.2570 11 1.50 1.50 1.50 157 159 179.78 171.48 12.13 0.14 -0.27 0.09 -0.1630 0.3055

0.2580 11 1.50 1.50 1.50 158 160 180.16 172.32 12.12 0.20 -0.30 0.06 -0.1585 0.3280

0.2590 11 1.50 1.50 1.50 160 161 183.06 173.05 12.13 0.41 -0.30 -0.06 -0.1945 0.3145

0.2600 11 1.50 1.50 1.50 161 162 183.89 173.24 12.13 0.05 -0.12 -0.06 -0.2125 0.3100

0.2610 11 1.50 1.50 1.50 162 164 183.29 172.38 12.13 0.29 -0.24 0.09 -0.2125 0.2875

0.2620 11 1.50 1.50 1.50 164 165 179.79 173.18 12.13 0.26 -0.18 0.18 -0.1585 0.2920

0.2630 11 1.50 1.50 1.50 165 166 179.27 173.17 12.13 0.14 0.09 0.03 -0.1540 0.3055

0.2640 11 1.50 1.50 1.50 166 168 179.61 174.13 12.13 -0.04 0.22 0.06 -0.1810 0.3190

0.2650 11 1.50 1.50 1.50 168 169 182.45 171.69 12.13 -0.07 0.15 0.18 -0.1945 0.2965

0.2660 11 1.50 1.50 1.50 169 170 181.06 172.22 12.13 -0.35 0.18 0.18 -0.2080 0.3055

0.2670 11 1.50 1.50 1.50 171 172 180.35 176.05 12.14 -0.41 0.00 0.06 -0.2035 0.2830

0.2680 11 1.50 1.50 1.50 172 173 179.86 173.11 12.13 -0.26 -0.09 0.12 -0.1405 0.2695

0.2690 11 1.50 1.50 1.50 173 174 180.61 172.76 12.13 -0.04 0.34 0.18 -0.1405 0.2740

0.2700 11 1.50 1.50 1.50 175 176 182.37 170.76 12.13 0.02 0.40 0.30 -0.1225 0.2785

0.2710 11 1.50 1.50 1.50 176 177 183.98 172.41 12.13 -0.01 -0.06 0.03 -0.1360 0.2335

0.2720 11 1.50 1.50 1.50 178 178 184.31 172.47 12.13 -0.62 -0.40 -0.00 -0.1180 0.2065

0.2730 11 1.50 1.50 1.50 179 180 183.28 170.99 12.13 -0.59 0.22 0.15 -0.2035 0.2920

0.2740 11 1.50 1.50 1.50 180 181 183.38 175.04 12.13 -0.26 1.04 -0.00 -0.1450 0.2920

0.2750 11 1.50 1.50 1.50 182 182 181.72 175.15 12.13 0.38 0.83 -0.00 -0.1945 0.3235

0.2760 11 1.50 1.50 1.50 183 184 181.02 176.67 12.13 0.17 0.52 0.15 -0.1900 0.3235

0.2770 11 1.50 1.50 1.50 185 185 181.02 174.24 12.13 -0.20 0.28 0.12 -0.1990 0.3415

0.2780 11 1.50 1.50 1.50 186 186 181.60 174.61 12.12 -0.29 -0.06 0.06 -0.2215 0.3280

0.2790 11 1.50 1.50 1.50 187 188 181.44 173.67 12.13 -0.14 0.06 0.18 -0.1630 0.2965

0.2800 11 1.50 1.50 1.50 189 189 181.99 175.93 12.13 -0.23 0.15 0.37 -0.1540 0.2875

0.2810 11 1.50 1.50 1.50 190 190 182.63 175.85 12.13 0.02 -0.12 0.40 -0.1585 0.3145

0.2820 11 1.50 1.50 1.50 191 192 182.35 174.86 12.13 -0.04 -0.43 0.09 -0.1765 0.3235

0.2830 11 1.50 1.50 1.50 193 193 182.62 174.22 12.12 0.08 -0.30 0.06 -0.2035 0.3190

0.2840 11 1.50 1.50 1.50 194 194 182.79 174.37 12.13 -0.04 -0.15 0.06 -0.2080 0.3055

0.2850 11 1.50 1.50 1.50 196 196 180.35 175.80 12.13 -0.10 -0.55 0.12 -0.1450 0.2920

0.2860 11 1.50 1.50 1.50 197 197 184.06 177.70 12.13 0.17 -0.30 0.21 -0.1630 0.2875

0.2870 11 1.50 1.50 1.50 198 198 183.95 177.64 12.13 0.51 0.15 0.30 -0.1765 0.3145

0.2880 11 1.50 1.50 1.50 200 200 182.37 178.10 12.13 0.20 0.06 -0.00 -0.1720 0.3055

0.2890 11 1.50 1.50 1.50 201 201 178.94 178.40 12.13 0.29 -0.43 -0.09 -0.1720 0.3010

0.2900 11 1.50 1.50 1.50 203 203 180.30 178.16 12.12 0.02 -0.58 -0.00 -0.1630 0.2740

0.2910 11 1.50 1.50 1.50 204 204 181.98 177.26 12.14 -0.14 -0.27 0.12 -0.0775 0.2380

0.2920 11 1.50 1.50 1.50 205 205 181.75 175.39 12.12 -0.26 0.00 0.24 -0.0685 0.2020

0.2930 11 1.50 1.50 1.50 207 207 183.89 175.58 12.13 0.29 -0.30 0.27 -0.0730 0.1795

0.2940 11 1.50 1.50 1.50 208 208 185.68 176.27 12.12 0.26 -0.40 0.30 -0.1315 0.2110

0.2950 11 1.50 1.50 1.50 210 209 187.09 176.93 12.13 0.35 -0.21 0.15 -0.2125 0.2695

0.2960 11 1.50 1.50 1.50 211 211 183.50 176.63 12.14 -0.07 -0.06 0.03 -0.2125 0.3055

0.2970 11 1.50 1.50 1.50 212 212 183.63 176.04 12.13 -0.23 0.12 0.15 -0.1540 0.2920

0.2980 11 1.50 1.50 1.50 214 213 183.08 176.96 12.13 -0.01 0.49 0.30 -0.2080 0.2965

0.2990 11 1.50 1.50 1.50 215 215 185.99 177.27 12.12 -0.04 0.46 0.15 -0.2215 0.3145

0.3000 11 1.50 1.50 1.50 217 216 185.09 178.06 12.13 -0.23 0.09 0.15 -0.2440 0.3280

0.3010 11 1.50 1.50 1.50 218 217 184.16 175.19 12.13 -0.29 0.55 0.06 -0.2755 0.3100

0.3020 11 1.50 1.50 1.50 219 219 182.75 177.64 12.13 -0.38 0.92 0.15 -0.2125 0.2965

0.3030 11 1.50 1.50 1.50 221 220 183.29 179.20 12.13 -0.71 0.86 0.30 -0.1990 0.2830

0.3040 11 1.50 1.50 1.50 222 221 183.94 176.38 12.12 -0.29 0.58 0.24 -0.2080 0.2875

0.3050 11 1.50 1.50 1.50 224 223 186.94 174.91 12.13 0.14 0.22 0.18 -0.2575 0.2965

0.3060 11 1.50 1.50 1.50 225 224 187.32 174.12 12.13 -0.17 0.06 0.24 -0.2620 0.3055

0.3070 11 1.50 1.50 1.50 227 225 186.72 175.51 12.12 -0.53 0.09 0.18 -0.2710 0.2965

0.3080 11 1.50 1.50 1.50 228 227 186.23 174.78 12.13 -0.65 0.22 0.09 -0.2260 0.2785

0.3090 11 1.50 1.50 1.50 229 228 184.40 173.75 12.13 -0.41 0.40 0.09 -0.2125 0.2605

0.3100 11 1.50 1.50 1.50 231 230 184.10 177.99 12.13 0.05 0.64 0.03 -0.2305 0.2470

0.3110 11 1.50 1.50 1.50 232 231 183.68 179.29 12.13 -0.07 0.49 0.12 -0.2215 0.2605

0.3120 11 1.50 1.50 1.50 234 232 184.20 179.62 12.14 -0.32 0.52 0.27 -0.1990 0.2560

0.3130 11 1.50 1.50 1.50 235 234 183.99 177.12 12.13 -0.32 0.64 0.21 -0.1630 0.1840

0.3140 11 1.50 1.50 1.50 236 235 184.09 176.12 12.13 -0.26 0.31 0.34 -0.1000 0.1480

0.3150 11 1.50 1.50 1.50 238 236 184.86 176.19 12.13 -0.04 0.00 0.37 -0.2215 0.2785

0.3160 11 1.50 1.50 1.50 239 238 184.71 178.33 12.14 -0.07 0.00 0.37 -0.2575 0.2875

0.3170 11 1.50 1.50 1.50 241 239 185.20 177.18 12.13 0.02 -0.24 0.24 -0.2755 0.2875

0.3180 11 1.50 1.50 1.50 242 240 185.55 177.36 12.14 0.11 -0.24 0.30 -0.2800 0.2875

0.3190 11 1.50 1.50 1.50 243 242 182.97 176.43 12.14 0.11 0.03 0.15 -0.2620 0.2875

0.3200 11 1.50 1.50 1.50 245 243 184.99 177.91 12.14 -0.10 -0.40 -0.09 -0.2440 0.2830

0.3210 11 1.50 1.50 1.50 246 244 186.95 177.46 12.14 -0.04 -0.61 0.09 -0.2395 0.2740

0.3220 11 1.50 1.50 1.50 248 246 186.07 179.16 12.14 0.35 -0.18 0.21 -0.2665 0.2920

0.3230 11 1.50 1.50 1.50 249 247 183.16 178.84 12.14 0.26 0.34 -0.00 -0.2800 0.3010

0.3240 11 1.50 1.50 1.50 251 249 184.73 179.07 12.15 0.17 0.09 0.12 -0.2620 0.3010

0.3250 11 1.50 1.50 1.50 252 250 186.32 179.28 12.14 0.35 -0.24 0.12 -0.2305 0.2785

0.3260 11 1.50 1.50 1.50 253 251 186.00 177.91 12.14 0.20 -0.33 0.03 -0.2170 0.2695

0.3270 11 1.50 1.50 1.50 255 253 188.02 176.66 12.13 0.14 -0.24 0.21 -0.2305 0.2650

0.3280 11 1.50 1.50 1.50 256 254 189.71 175.55 12.14 0.11 -0.55 0.24 -0.2620 0.2785

0.3290 11 1.50 1.50 1.50 258 255 191.03 176.56 12.14 0.35 -0.49 0.12 -0.2440 0.2875

0.3300 11 1.50 1.50 1.50 259 257 187.20 177.12 12.14 0.17 0.15 0.34 -0.2260 0.2830

0.3310 11 1.50 1.50 1.50 261 258 186.68 177.56 12.14 0.02 0.12 0.18 -0.1630 0.2560

0.3320 11 1.50 1.50 1.50 262 259 185.94 176.74 12.13 -0.17 -0.24 -0.00 -0.1675 0.2335

0.3330 11 1.50 1.50 1.50 264 261 188.00 176.93 12.13 0.23 -0.12 0.21 -0.1585 0.2020

0.3340 11 1.50 1.50 1.50 265 262 185.92 177.17 12.14 0.32 0.03 0.15 -0.1360 0.1570

0.3350 11 1.50 1.50 1.50 266 263 185.68 177.84 12.14 -0.10 -0.06 0.09 -0.1675 0.1885

0.3360 11 1.50 1.50 1.50 268 265 184.37 176.30 12.15 -0.29 0.09 0.40 -0.1810 0.2290

0.3370 11 1.50 1.50 1.50 269 266 185.16 174.99 12.14 -0.23 0.52 0.30 -0.2035 0.3010

0.3380 11 1.50 1.50 1.50 271 267 186.89 178.73 12.14 -0.44 0.67 0.15 -0.2260 0.2740

0.3390 11 1.50 1.50 1.50 272 269 188.45 177.26 12.14 -0.14 0.25 0.15 -0.2530 0.2740

0.3400 11 1.50 1.50 1.50 273 270 188.78 175.41 12.13 -0.20 0.18 0.09 -0.2665 0.2920

0.3410 11 1.50 1.50 1.50 275 271 188.09 173.36 12.14 -0.29 0.25 0.21 -0.2530 0.3100

0.3420 11 1.50 1.50 1.50 276 273 187.58 174.17 12.14 -0.23 0.46 0.27 -0.2080 0.2875

0.3430 11 1.50 1.50 1.50 278 274 185.72 175.21 12.14 0.08 0.49 0.18 -0.2215 0.3010

0.3440 11 1.50 1.50 1.50 279 275 184.80 173.55 12.14 -0.07 0.12 0.06 -0.2215 0.2875

0.3450 11 1.50 1.50 1.50 281 277 185.00 175.42 12.14 0.02 0.28 0.40 -0.2530 0.2830

0.3460 11 1.50 1.50 1.50 282 278 185.23 177.34 12.14 -0.10 0.83 0.43 -0.2485 0.3010

0.3470 11 1.50 1.50 1.50 283 280 184.98 178.88 12.13 -0.41 0.86 0.15 -0.1990 0.3190

0.3480 11 1.50 1.50 1.50 285 281 185.37 176.31 12.14 -0.14 0.67 0.43 -0.1765 0.3235

0.3490 11 1.50 1.50 1.50 286 282 185.88 176.72 12.13 0.08 0.58 0.58 -0.1855 0.2965

0.3500 11 1.50 1.50 1.50 288 284 185.68 175.64 12.15 -0.01 0.34 0.37 -0.1990 0.2650

0.3510 11 1.50 1.50 1.50 289 285 186.48 177.92 12.14 -0.07 0.12 0.24 -0.2125 0.2695

0.3520 11 1.50 1.50 1.50 290 286 186.41 177.73 12.13 0.08 -0.03 0.18 -0.1990 0.2605

0.3530 11 1.50 1.50 1.50 292 288 183.87 176.74 12.13 -0.07 -0.03 0.09 -0.1225 0.2515

0.3540 11 1.50 1.50 1.50 293 289 187.68 175.83 12.14 0.11 -0.18 0.12 -0.1090 0.2290

0.3550 11 1.50 1.50 1.50 295 290 187.27 176.03 12.14 0.11 -0.21 0.15 -0.0730 0.1750

0.3560 11 1.50 1.50 1.50 296 292 186.55 177.25 12.15 -0.04 -0.15 0.21 -0.1180 0.1615

0.3570 11 1.50 1.50 1.50 298 293 183.47 179.18 12.14 0.14 0.22 0.37 -0.2170 0.2920

0.3580 11 1.50 1.50 1.50 299 294 185.97 178.95 12.14 0.41 0.03 0.09 -0.2125 0.2920

0.3590 11 1.50 1.50 1.50 300 296 186.09 179.35 12.13 0.14 -0.36 -0.00 -0.1810 0.3055

0.3600 11 1.50 1.50 1.50 302 297 185.90 179.57 12.13 0.17 -0.24 0.09 -0.1720 0.3145

0.3610 11 1.50 1.50 1.50 303 299 189.35 179.20 12.14 0.14 0.22 0.18 -0.2125 0.3010

0.3620 11 1.50 1.50 1.50 305 300 190.13 178.16 12.13 0.08 -0.06 0.27 -0.2215 0.2965

0.3630 11 1.50 1.50 1.50 306 301 190.54 176.21 12.13 0.02 -0.46 0.21 -0.2215 0.2965

0.3640 11 1.50 1.50 1.50 308 303 186.97 176.43 12.14 0.26 -0.58 0.12 -0.1675 0.2875

0.3650 11 1.50 1.50 1.50 309 304 186.25 177.19 12.13 -0.07 -0.43 0.24 -0.1450 0.3190

0.3660 11 1.50 1.50 1.50 311 305 187.89 177.70 12.13 -0.07 -0.09 0.06 -0.1945 0.3235

0.3670 11 1.50 1.50 1.50 312 307 189.22 177.34 12.13 -0.29 -0.12 -0.12 -0.2035 0.2920

0.3680 11 1.50 1.50 1.50 313 308 187.62 176.63 12.13 0.02 -0.24 -0.03 -0.2215 0.3010

0.3690 11 1.50 1.50 1.50 315 309 186.72 177.56 12.14 0.29 0.03 0.18 -0.1900 0.2920

0.3700 11 1.50 1.50 1.50 316 311 186.14 177.84 12.13 0.57 0.28 0.24 -0.1495 0.3055

0.3710 11 1.50 1.50 1.50 318 312 186.92 178.56 12.13 -0.01 0.31 0.37 -0.1360 0.3055

0.3720 11 1.50 1.50 1.50 319 313 190.03 175.68 12.13 -0.17 0.34 0.40 -0.1495 0.2830

0.3730 11 1.50 1.50 1.50 321 315 190.23 178.13 12.13 -0.17 0.61 0.30 -0.1585 0.2515

0.3740 11 1.50 1.50 1.50 322 316 190.26 179.71 12.14 -0.26 0.34 0.09 -0.1450 0.2110

0.3750 11 1.50 1.50 1.50 323 317 189.12 176.89 12.13 0.26 0.00 0.18 -0.0595 0.1885

0.3760 11 1.50 1.50 1.50 325 319 188.20 175.42 12.13 0.32 0.34 0.27 -0.0460 0.1885

0.3770 11 1.50 1.50 1.50 326 320 187.37 174.60 12.13 -0.01 0.55 0.21 -0.1270 0.2335

0.3780 11 1.50 1.50 1.50 328 322 186.43 176.13 12.14 -0.14 0.49 -0.03 -0.2125 0.2920

0.3790 11 1.50 1.50 1.50 329 323 186.92 174.63 12.14 -0.35 0.25 0.18 -0.2260 0.2965

0.3800 11 1.50 1.50 1.50 331 324 186.73 174.33 12.13 -0.32 0.22 0.21 -0.2170 0.3055

0.3810 11 1.50 1.50 1.50 332 326 186.67 178.59 12.13 0.17 0.34 0.37 -0.1585 0.2965

0.3820 11 1.50 1.50 1.50 333 327 187.34 179.86 12.13 0.26 0.37 0.24 -0.1630 0.3145

0.3830 11 1.50 1.50 1.50 335 328 187.34 180.24 12.13 0.14 0.28 0.24 -0.1765 0.3235

0.3840 11 1.50 1.50 1.50 336 330 186.82 177.56 12.13 0.05 -0.09 0.15 -0.1990 0.3100

0.3850 11 1.50 1.50 1.50 338 331 186.83 176.63 12.13 -0.04 -0.21 0.09 -0.2215 0.3100

0.3860 11 1.50 1.50 1.50 339 332 183.59 176.58 12.13 0.23 -0.40 0.09 -0.1810 0.3010

0.3870 11 1.50 1.50 1.50 341 334 185.49 178.70 12.13 -0.07 -0.30 -0.00 -0.1450 0.2875

0.3880 11 1.50 1.50 1.50 342 335 187.46 177.45 12.13 0.17 -0.58 -0.03 -0.1855 0.3370

0.3890 11 1.50 1.50 1.50 343 336 186.53 177.68 12.13 0.32 -0.30 0.27 -0.2035 0.3100

0.3900 11 1.50 1.50 1.50 345 338 185.04 176.81 12.13 0.38 -0.30 0.15 -0.2080 0.3055

0.3910 11 1.50 1.50 1.50 346 339 183.78 178.34 12.11 0.17 -0.79 -0.15 -0.2170 0.2830

0.3920 11 1.50 1.50 1.50 348 341 186.65 179.01 12.13 0.35 -0.76 -0.15 -0.1360 0.2875

0.3930 11 1.50 1.50 1.50 349 342 186.49 179.77 12.13 0.51 -0.15 0.03 -0.1360 0.2785

0.3940 11 1.50 1.50 1.50 351 343 188.57 179.90 12.12 0.11 0.15 0.15 -0.1360 0.2695

0.3950 11 1.50 1.50 1.50 352 345 190.39 180.29 12.13 0.23 -0.15 0.21 -0.1405 0.2740

0.3960 11 1.50 1.50 1.50 353 346 191.91 180.76 12.12 0.26 -0.40 0.03 -0.1135 0.2020

0.3970 11 1.50 1.50 1.50 355 347 189.79 179.31 12.12 -0.10 -0.36 -0.06 -0.1270 0.1615

0.3980 11 1.50 1.50 1.50 356 349 188.03 178.11 12.14 -0.23 -0.18 0.12 -0.1225 0.2020

0.3990 11 1.50 1.50 1.50 358 350 187.30 176.74 12.14 -0.01 -0.18 0.12 -0.2035 0.3055

0.4000 11 1.50 1.50 1.50 359 351 190.29 177.87 12.13 0.11 -0.21 -0.00 -0.2170 0.3055

0.4010 11 1.50 1.50 1.50 361 353 189.38 178.33 12.14 0.11 0.12 -0.03 -0.2575 0.3280

0.4020 11 1.50 1.50 1.50 362 354 188.47 178.77 12.13 0.32 0.15 -0.09 -0.2665 0.3145

0.4030 11 1.50 1.50 1.50 364 356 186.94 177.76 12.13 -0.04 0.00 -0.03 -0.2125 0.2875

0.4040 11 1.50 1.50 1.50 365 357 187.67 178.53 12.12 -0.32 0.34 0.09 -0.2170 0.2740

0.4050 11 1.50 1.50 1.50 366 358 187.91 178.41 12.12 -0.26 0.58 0.21 -0.2440 0.3010

0.4060 11 1.50 1.50 1.50 368 360 190.89 179.30 12.13 -0.23 0.40 0.37 -0.2620 0.3055

0.4070 11 1.50 1.50 1.50 369 361 191.19 176.54 12.12 -0.04 0.18 0.43 -0.2665 0.3010

0.4080 11 1.50 1.50 1.50 371 362 190.52 177.00 12.11 -0.29 0.55 0.09 -0.2800 0.3190

0.4090 11 1.50 1.50 1.50 372 364 189.96 180.80 12.14 -0.50 0.58 -0.09 -0.2260 0.2830

0.4100 11 1.50 1.50 1.50 374 365 188.06 177.81 12.13 -0.23 0.18 -0.12 -0.2485 0.2650

0.4110 11 1.50 1.50 1.50 375 366 187.13 177.40 12.13 -0.10 0.06 -0.06 -0.2530 0.2785

0.4120 11 1.50 1.50 1.50 377 368 187.38 175.16 12.14 -0.23 0.22 0.03 -0.2620 0.2605

0.4130 11 1.50 1.50 1.50 378 369 187.64 176.83 12.14 -0.23 -0.03 0.12 -0.2485 0.2695

0.4140 11 1.50 1.50 1.50 379 370 187.33 176.79 12.14 -0.17 0.00 -0.00 -0.2305 0.2470

0.4150 11 1.50 1.50 1.50 381 372 187.68 175.20 12.13 -0.14 0.22 0.18 -0.1720 0.2110

0.4160 11 1.50 1.50 1.50 382 373 188.09 179.19 12.13 0.05 0.15 0.21 -0.1180 0.1840

0.4170 11 1.50 1.50 1.50 384 375 187.81 179.86 12.13 -0.01 -0.12 0.03 -0.1450 0.1570

0.4180 11 1.50 1.50 1.50 385 376 188.43 180.87 12.14 -0.14 0.00 0.18 -0.1945 0.1975

0.4190 11 1.50 1.50 1.50 387 377 187.02 178.05 12.14 0.08 0.03 0.09 -0.2620 0.2515

0.4200 11 1.50 1.50 1.50 388 379 185.79 177.85 12.15 0.02 -0.21 0.09 -0.2575 0.2740

0.4210 11 1.50 1.50 1.50 389 380 189.47 177.30 12.14 0.35 -0.52 0.12 -0.2530 0.2695

0.4220 11 1.50 1.50 1.50 391 381 188.92 179.61 12.14 0.14 -0.40 -0.00 -0.2530 0.2560

0.4230 11 1.50 1.50 1.50 392 383 188.26 178.80 12.14 0.20 -0.64 -0.12 -0.2755 0.2740

0.4240 11 1.50 1.50 1.50 394 384 185.43 178.42 12.14 0.14 -0.70 0.15 -0.3025 0.2785

0.4250 11 1.50 1.50 1.50 395 386 188.20 177.48 12.14 0.48 -0.46 0.15 -0.2755 0.3055

0.4260 11 1.50 1.50 1.50 397 387 188.21 179.04 12.14 0.17 -0.43 0.09 -0.2305 0.2740

0.4270 11 1.50 1.50 1.50 398 388 188.38 178.67 12.13 -0.01 -0.40 0.15 -0.2305 0.2785

0.4280 11 1.50 1.50 1.50 400 390 191.66 180.55 12.14 0.17 -0.30 0.06 -0.2665 0.2785

0.4290 11 1.50 1.50 1.50 401 391 193.17 180.57 12.14 0.17 0.12 0.09 -0.2665 0.2830

0.4300 11 1.50 1.50 1.50 402 392 192.85 180.97 12.14 -0.01 0.15 0.18 -0.2530 0.2920

0.4310 11 1.50 1.50 1.50 404 394 189.19 181.22 12.14 0.02 -0.21 -0.00 -0.2170 0.2830

0.4320 11 1.50 1.50 1.50 405 395 188.37 179.94 12.14 -0.26 -0.30 0.09 -0.2125 0.2650

0.4330 11 1.50 1.50 1.50 407 396 189.95 179.73 12.14 0.08 -0.18 0.34 -0.2170 0.2560

0.4340 11 1.50 1.50 1.50 408 398 191.35 177.56 12.14 0.26 -0.21 0.27 -0.2440 0.2650

0.4350 11 1.50 1.50 1.50 410 399 189.65 178.52 12.13 0.29 -0.36 0.12 -0.2215 0.2515

0.4360 11 1.50 1.50 1.50 411 401 187.94 178.94 12.13 0.08 0.18 0.24 -0.1450 0.2335

0.4370 11 1.50 1.50 1.50 413 402 187.91 179.35 12.14 0.02 0.25 0.15 -0.0955 0.2020

0.4380 11 1.50 1.50 1.50 414 403 187.98 178.43 12.14 -0.20 0.12 0.06 -0.0910 0.1570

0.4390 11 1.50 1.50 1.50 415 405 190.52 178.61 12.14 -0.20 0.40 0.34 -0.1495 0.1705

0.4400 11 1.50 1.50 1.50 417 406 190.33 178.93 12.14 0.11 0.46 0.15 -0.2530 0.2515

0.4410 11 1.50 1.50 1.50 418 407 189.98 179.73 12.15 0.02 0.18 0.12 -0.2620 0.3055

0.4420 11 1.50 1.50 1.50 420 409 188.80 178.63 12.12 -0.01 0.06 0.34 -0.2080 0.2875

0.4430 11 1.50 1.50 1.50 421 410 186.81 177.68 12.13 -0.04 0.31 0.24 -0.2035 0.3010

0.4440 11 1.50 1.50 1.50 423 412 186.35 181.39 12.14 -0.38 0.55 0.30 -0.2170 0.2830

0.4450 11 1.50 1.50 1.50 424 413 185.95 178.28 12.14 -0.38 0.15 0.34 -0.2395 0.2740

0.4460 11 1.50 1.50 1.50 425 414 186.52 177.77 12.13 -0.14 0.00 0.15 -0.2530 0.2830

0.4470 11 1.50 1.50 1.50 427 416 186.40 175.36 12.14 -0.10 0.40 0.40 -0.2305 0.2965

0.4480 11 1.50 1.50 1.50 428 417 186.30 176.52 12.14 -0.38 0.49 0.34 -0.1900 0.3010

0.4490 11 1.50 1.50 1.50 430 418 187.03 176.24 12.13 -0.14 -0.12 -0.03 -0.1990 0.3010

0.4500 11 1.50 1.50 1.50 431 420 186.86 174.26 12.13 -0.41 -0.09 0.09 -0.2080 0.2830

0.4510 11 1.50 1.50 1.50 433 421 187.22 178.14 12.14 0.02 -0.27 0.15 -0.2215 0.2740

0.4520 11 1.50 1.50 1.50 434 422 187.48 178.16 12.13 -0.04 -0.40 0.18 -0.2305 0.2875

0.4530 11 1.50 1.50 1.50 435 424 184.90 179.63 12.13 0.08 0.06 0.34 -0.1900 0.3055

0.4540 11 1.50 1.50 1.50 437 425 186.90 177.13 12.14 0.26 0.31 0.27 -0.1450 0.3055

0.4550 11 1.50 1.50 1.50 438 426 188.75 177.50 12.13 0.17 -0.24 -0.12 -0.1720 0.2695

0.4560 11 1.50 1.50 1.50 440 428 187.75 176.45 12.15 0.23 -0.64 -0.24 -0.1675 0.2425

0.4570 11 1.50 1.50 1.50 441 429 184.77 178.73 12.13 0.29 -0.21 -0.06 -0.1225 0.2020

0.4580 11 1.50 1.50 1.50 443 430 186.30 178.56 12.14 0.44 -0.18 0.09 -0.0910 0.1660

0.4590 11 1.50 1.50 1.50 444 432 187.77 177.43 12.13 0.26 -0.64 0.21 -0.0640 0.2110

0.4600 11 1.50 1.50 1.50 446 433 187.55 176.67 12.14 0.41 -0.64 0.18 -0.1450 0.2515

0.4610 11 1.50 1.50 1.50 447 435 189.52 177.55 12.14 0.20 -0.33 0.03 -0.1990 0.2875

0.4620 11 1.50 1.50 1.50 448 436 191.28 177.95 12.14 -0.01 -0.40 -0.06 -0.2215 0.2785

0.4630 11 1.50 1.50 1.50 450 437 192.69 179.91 12.14 -0.07 -0.30 0.06 -0.2395 0.2965

0.4640 11 1.50 1.50 1.50 451 439 188.90 179.76 12.14 0.02 -0.21 0.18 -0.2125 0.3055

0.4650 11 1.50 1.50 1.50 453 440 188.48 180.24 12.13 -0.14 -0.36 0.18 -0.1585 0.3145

0.4660 11 1.50 1.50 1.50 454 441 188.15 180.30 12.12 -0.14 -0.40 0.18 -0.1900 0.3100

0.4670 11 1.50 1.50 1.50 456 443 190.97 180.01 12.13 -0.23 -0.15 0.15 -0.2170 0.2965

0.4680 11 1.50 1.50 1.50 457 444 189.26 179.06 12.13 0.02 0.06 0.21 -0.2350 0.2830

0.4690 11 1.50 1.50 1.50 459 446 188.31 177.06 12.13 0.11 0.09 0.15 -0.2440 0.2965

0.4700 11 1.50 1.50 1.50 460 447 187.53 177.26 12.13 0.57 -0.21 -0.06 -0.1585 0.3010

0.4710 11 1.50 1.50 1.50 461 448 188.19 178.02 12.13 0.35 0.09 0.24 -0.1540 0.3235

0.4720 11 1.50 1.50 1.50 463 450 189.85 178.62 12.13 0.20 0.03 0.24 -0.1855 0.3055

0.4730 11 1.50 1.50 1.50 464 451 191.35 177.85 12.14 -0.17 -0.24 0.12 -0.2080 0.2785

0.4740 11 1.50 1.50 1.50 466 452 191.54 177.59 12.16 -0.14 -0.09 0.03 -0.1990 0.2695

0.4750 11 1.50 1.50 1.50 467 454 190.42 178.50 12.13 0.32 0.49 0.06 -0.1900 0.2740

0.4760 11 1.50 1.50 1.50 469 455 189.39 179.14 12.14 0.23 0.43 0.06 -0.1225 0.2875

0.4770 11 1.50 1.50 1.50 470 456 188.41 179.51 12.13 -0.23 0.37 0.06 -0.1360 0.2740

0.4780 11 1.50 1.50 1.50 472 458 187.36 176.98 12.13 -0.44 0.46 0.09 -0.1180 0.2200

0.4790 11 1.50 1.50 1.50 473 459 187.73 181.24 12.13 -0.96 0.46 0.12 -0.0865 0.1705

0.4800 11 1.50 1.50 1.50 474 460 187.69 181.00 12.13 -0.65 0.09 0.18 -0.1315 0.1840

0.4810 11 1.50 1.50 1.50 476 462 187.44 177.96 12.14 -0.04 0.00 0.03 -0.1225 0.2380

0.4820 11 1.50 1.50 1.50 477 463 188.11 175.51 12.14 0.05 0.09 0.03 -0.1495 0.3100

0.4830 11 1.50 1.50 1.50 479 465 188.16 176.54 12.12 -0.10 0.28 0.37 -0.1720 0.3235

0.4840 11 1.50 1.50 1.50 480 466 187.90 177.31 12.12 -0.07 0.03 0.18 -0.2035 0.3100

0.4850 11 1.50 1.50 1.50 482 467 188.24 175.86 12.13 -0.23 -0.18 0.03 -0.2215 0.3100

0.4860 11 1.50 1.50 1.50 483 469 185.20 177.67 12.14 0.11 -0.03 0.18 -0.1900 0.2875

0.4870 11 1.50 1.50 1.50 484 470 185.22 179.88 12.13 0.38 -0.30 0.30 -0.1540 0.3145

0.4880 11 1.50 1.50 1.50 486 471 188.82 181.18 12.13 0.20 -0.55 0.24 -0.1900 0.3280

0.4890 11 1.50 1.50 1.50 487 473 187.90 180.15 12.12 0.29 -0.21 0.15 -0.1900 0.3190

0.4900 11 1.50 1.50 1.50 489 474 186.46 179.07 12.13 -0.01 0.18 0.03 -0.2125 0.3100

0.4910 11 1.50 1.50 1.50 490 475 185.21 178.05 12.13 0.08 -0.24 -0.00 -0.2260 0.3055

0.4920 11 1.50 1.50 1.50 492 477 188.02 179.19 12.13 0.29 -0.55 0.12 -0.1720 0.2875

0.4930 11 1.50 1.50 1.50 493 478 187.84 180.15 12.14 0.38 -0.58 0.06 -0.1585 0.3010

0.4940 11 1.50 1.50 1.50 495 480 189.86 179.01 12.13 -0.07 -0.64 -0.00 -0.1630 0.2965

0.4950 11 1.50 1.50 1.50 496 481 191.60 178.07 12.13 0.14 -0.24 0.12 -0.1990 0.2965

0.4960 11 1.50 1.50 1.50 497 482 193.19 178.15 12.13 0.11 -0.15 0.15 -0.1990 0.2740

0.4970 11 1.50 1.50 1.50 499 484 191.08 179.39 12.13 -0.10 -0.49 -0.00 -0.1675 0.2380

0.4980 11 1.50 1.50 1.50 500 485 189.27 181.21 12.13 0.17 -0.21 -0.03 -0.0955 0.2200

0.4990 11 1.50 1.50 1.50 502 486 188.55 180.87 12.13 -0.01 -0.09 -0.00 -0.0820 0.1930

0.5000 11 1.50 1.50 1.50 503 488 191.48 181.20 12.13 -0.20 -0.18 0.30 -0.1360 0.2020

0.5010 11 1.50 1.50 1.50 505 489 190.62 181.35 12.13 0.08 -0.03 0.21 -0.1900 0.2380

0.5020 11 1.50 1.50 1.50 506 491 189.65 181.03 12.13 -0.26 0.22 -0.12 -0.2755 0.2965

0.5030 11 1.50 1.50 1.50 508 492 188.15 180.03 12.14 -0.07 0.09 0.09 -0.2215 0.2875

0.5040 11 1.50 1.50 1.50 509 493 188.87 178.01 12.13 0.08 0.18 0.34 -0.2125 0.3010

0.5050 11 1.50 1.50 1.50 511 495 190.56 178.21 12.13 0.29 0.22 0.09 -0.2350 0.3055

0.5060 11 1.50 1.50 1.50 512 496 192.12 178.91 12.13 -0.26 0.34 0.18 -0.2350 0.3100

0.5070 11 1.50 1.50 1.50 513 497 192.39 179.44 12.14 -0.35 0.34 0.15 -0.2710 0.2875

0.5080 11 1.50 1.50 1.50 515 499 191.71 179.10 12.12 -0.53 0.40 -0.12 -0.2755 0.3010

0.5090 11 1.50 1.50 1.50 516 500 191.13 178.33 12.13 -0.32 0.76 0.09 -0.2305 0.2785

0.5100 11 1.50 1.50 1.50 518 502 189.20 179.23 12.13 -0.10 0.95 0.15 -0.2575 0.2785

0.5110 11 1.50 1.50 1.50 519 503 188.26 179.86 12.12 -0.26 0.55 -0.12 -0.2620 0.2920

0.5120 11 1.50 1.50 1.50 521 504 188.36 180.25 12.12 -0.26 0.22 -0.06 -0.2665 0.2965

0.5130 11 1.50 1.50 1.50 522 506 188.33 177.66 12.13 -0.23 0.40 0.03 -0.3070 0.2830

0.5140 11 1.50 1.50 1.50 524 507 187.80 181.87 12.13 -0.56 0.55 0.06 -0.2260 0.2830

0.5150 11 1.50 1.50 1.50 525 508 188.14 181.42 12.13 -0.38 0.22 0.24 -0.2080 0.2650

0.5160 11 1.50 1.50 1.50 526 510 187.94 178.37 12.14 0.26 -0.15 0.21 -0.2080 0.2515

0.5170 11 1.50 1.50 1.50 528 511 187.16 175.84 12.13 0.38 -0.15 0.24 -0.2215 0.2560

0.5180 11 1.50 1.50 1.50 529 512 187.57 176.13 12.15 0.14 -0.36 0.24 -0.2305 0.2380

0.5190 11 1.50 1.50 1.50 531 514 186.23 177.62 12.14 0.11 -0.61 -0.03 -0.2080 0.2245

0.5200 11 1.50 1.50 1.50 532 515 185.10 176.16 12.14 0.20 -0.46 0.03 -0.1315 0.1570

0.5210 11 1.50 1.50 1.50 534 517 188.80 177.83 12.13 0.11 -0.24 0.27 -0.1360 0.1390

0.5220 11 1.50 1.50 1.50 535 518 187.82 179.77 12.14 -0.10 -0.30 0.18 -0.2170 0.1930

0.5230 11 1.50 1.50 1.50 536 519 187.67 180.89 12.14 -0.07 -0.61 0.21 -0.2710 0.2695

0.5240 11 1.50 1.50 1.50 538 521 184.83 179.82 12.16 -0.10 -0.21 0.18 -0.2800 0.3055

0.5250 11 1.50 1.50 1.50 539 522 187.62 178.79 12.14 -0.23 0.09 -0.03 -0.2755 0.2920

0.5260 11 1.50 1.50 1.50 541 523 187.62 177.67 12.13 -0.20 -0.36 0.09 -0.2260 0.2695

0.5270 11 1.50 1.50 1.50 542 525 187.73 178.78 12.14 0.11 -0.36 0.27 -0.2395 0.2785

0.5280 11 1.50 1.50 1.50 544 526 190.98 179.71 12.14 0.05 -0.33 0.12 -0.2710 0.2785

0.5290 11 1.50 1.50 1.50 545 527 192.53 178.48 12.14 0.05 -0.55 -0.03 -0.2710 0.2920

0.5300 11 1.50 1.50 1.50 546 529 192.27 178.28 12.15 -0.07 -0.24 0.21 -0.2665 0.3190

0.5310 11 1.50 1.50 1.50 548 530 188.59 177.88 12.15 -0.10 -0.30 0.21 -0.2215 0.2830

0.5320 11 1.50 1.50 1.50 549 532 187.90 179.23 12.14 -0.17 -0.52 -0.12 -0.2170 0.2695

0.5330 11 1.50 1.50 1.50 551 533 189.50 181.03 12.14 -0.01 -0.09 0.12 -0.2620 0.2740

0.5340 11 1.50 1.50 1.50 552 534 190.82 180.73 12.14 0.23 0.15 0.06 -0.2575 0.2740

0.5350 11 1.50 1.50 1.50 554 536 189.20 181.03 12.14 -0.07 0.40 -0.03 -0.2530 0.2785

0.5360 11 1.50 1.50 1.50 555 537 187.59 181.10 12.14 0.02 0.43 0.03 -0.2125 0.2875

0.5370 11 1.50 1.50 1.50 557 538 188.01 181.45 12.13 -0.07 0.22 0.03 -0.1630 0.2515

0.5380 11 1.50 1.50 1.50 558 540 188.59 179.81 12.13 -0.10 0.25 -0.06 -0.1585 0.2335

0.5390 11 1.50 1.50 1.50 560 541 191.61 177.66 12.13 -0.23 0.18 -0.15 -0.1675 0.2020

0.5400 11 1.50 1.50 1.50 561 543 191.95 177.93 12.13 0.02 0.09 -0.21 -0.1450 0.1885

0.5410 11 1.50 1.50 1.50 562 544 191.86 178.66 12.14 -0.20 0.37 0.21 -0.1495 0.1705

0.5420 11 1.50 1.50 1.50 564 545 190.75 179.21 12.14 -0.20 0.46 0.21 -0.1450 0.2020

0.5430 11 1.50 1.50 1.50 565 547 188.83 178.86 12.15 -0.20 0.15 -0.03 -0.2035 0.2605

0.5440 11 1.50 1.50 1.50 567 548 188.43 178.12 12.15 -0.17 0.15 -0.00 -0.2170 0.2830

0.5450 11 1.50 1.50 1.50 568 549 187.95 179.15 12.14 -0.14 0.58 0.03 -0.2575 0.2785

0.5460 11 1.50 1.50 1.50 570 551 188.39 179.40 12.14 -0.01 0.67 0.21 -0.2575 0.2920

0.5470 11 1.50 1.50 1.50 571 552 188.07 180.11 12.14 -0.38 0.55 0.43 -0.2260 0.3145

0.5480 11 1.50 1.50 1.50 573 553 188.48 177.20 12.14 -0.01 0.37 0.27 -0.2035 0.2965

0.5490 11 1.50 1.50 1.50 574 555 188.84 179.42 12.13 -0.04 0.31 0.21 -0.1945 0.2875

0.5500 11 1.50 1.50 1.50 575 556 188.57 180.77 12.13 -0.23 -0.12 0.18 -0.2170 0.2740

0.5510 11 1.50 1.50 1.50 577 558 188.77 177.55 12.14 0.14 -0.24 0.15 -0.2215 0.2830

0.5520 11 1.50 1.50 1.50 578 559 189.03 175.07 12.14 0.20 0.12 0.03 -0.2350 0.2830

0.5530 11 1.50 1.50 1.50 580 560 186.45 175.40 12.14 0.14 0.31 -0.00 -0.1900 0.2965

0.5540 11 1.50 1.50 1.50 581 562 190.21 176.86 12.13 -0.35 -0.21 0.06 -0.2035 0.3010

0.5550 11 1.50 1.50 1.50 583 563 189.73 175.34 12.14 -0.20 -0.73 0.18 -0.2080 0.2875

0.5560 11 1.50 1.50 1.50 584 564 189.06 175.01 12.13 -0.07 -0.43 0.40 -0.2080 0.2695

0.5570 11 1.50 1.50 1.50 585 566 186.12 179.38 12.14 0.41 -0.21 0.06 -0.1990 0.2830

0.5580 11 1.50 1.50 1.50 587 567 187.56 180.69 12.13 0.35 -0.27 -0.03 -0.1945 0.2875

0.5590 11 1.50 1.50 1.50 588 568 189.08 180.98 12.14 0.26 -0.03 0.06 -0.1270 0.2830

0.5600 11 1.50 1.50 1.50 590 570 188.85 178.31 12.13 0.23 0.06 0.09 -0.1090 0.2425

0.5610 11 1.50 1.50 1.50 591 571 192.29 177.23 12.14 0.14 -0.30 0.21 -0.0910 0.2020

0.5620 11 1.50 1.50 1.50 593 573 193.04 178.06 12.13 0.14 -0.52 0.15 -0.1090 0.1570

0.5630 11 1.50 1.50 1.50 594 574 193.43 178.30 12.15 -0.26 -0.52 -0.03 -0.1675 0.2020

0.5640 11 1.50 1.50 1.50 596 575 189.69 176.91 12.15 -0.23 -0.55 0.03 -0.1675 0.2695

0.5650 11 1.50 1.50 1.50 597 577 189.02 176.37 12.14 0.35 -0.27 0.46 -0.1450 0.3010

0.5660 11 1.50 1.50 1.50 599 578 190.62 176.11 12.15 0.38 -0.27 0.24 -0.2035 0.3145

0.5670 11 1.50 1.50 1.50 600 579 191.88 177.55 12.14 -0.17 -0.40 -0.03 -0.2170 0.2920

0.5680 11 1.50 1.50 1.50 601 581 190.31 178.26 12.13 -0.10 -0.12 -0.09 -0.2305 0.3010

0.5690 11 1.50 1.50 1.50 603 582 189.27 179.04 12.13 0.29 0.12 -0.12 -0.1945 0.2920

0.5700 11 1.50 1.50 1.50 604 583 188.61 179.20 12.14 -0.01 0.18 0.09 -0.1450 0.3145

0.5710 11 1.50 1.50 1.50 606 585 189.36 179.66 12.13 0.17 0.31 0.24 -0.1675 0.3370

0.5720 11 1.50 1.50 1.50 607 586 192.48 180.14 12.12 -0.26 0.34 0.15 -0.2035 0.3100

0.5730 11 1.50 1.50 1.50 609 587 192.66 178.77 12.16 -0.53 0.31 -0.03 -0.2305 0.3055

0.5740 11 1.50 1.50 1.50 610 589 192.35 177.57 12.13 -0.41 0.18 0.09 -0.2125 0.2965

0.5750 11 1.50 1.50 1.50 612 590 190.46 176.23 12.14 -0.14 -0.24 -0.00 -0.1810 0.3100

0.5760 11 1.50 1.50 1.50 613 592 187.82 177.41 12.14 0.08 -0.06 -0.06 -0.1495 0.3055

0.5770 11 1.50 1.50 1.50 615 593 187.15 178.13 12.13 0.23 0.15 0.18 -0.1855 0.3055

0.5780 11 1.50 1.50 1.50 616 594 186.68 178.33 12.13 -0.23 0.15 0.12 -0.1855 0.2785

0.5790 11 1.50 1.50 1.50 617 596 187.19 177.25 12.13 -0.56 0.15 -0.00 -0.1720 0.2470

0.5800 11 1.50 1.50 1.50 619 597 187.05 178.09 12.14 -0.50 0.52 0.27 -0.1405 0.2290

0.5810 12 3.00 3.00 3.00 620 598 186.93 177.98 12.13 0.11 0.64 0.40 -0.0685 0.2200

0.5820 12 3.00 3.00 3.00 622 600 187.62 178.90 12.13 0.08 0.22 0.34 0.0620 0.2560

0.5830 12 3.00 3.00 3.00 623 601 187.51 176.50 12.11 0.08 0.00 0.46 0.1475 0.2965

0.5840 12 3.00 3.00 3.00 625 602 188.75 177.38 12.09 -0.53 0.40 0.34 0.1430 0.3595

0.5850 12 3.00 3.00 3.00 626 604 191.35 183.76 12.09 -0.14 0.49 0.12 0.1250 0.4135

0.5860 12 3.00 3.00 3.00 628 605 191.82 184.35 12.08 0.05 0.12 0.18 0.1655 0.4315

0.5870 12 3.00 3.00 3.00 629 607 198.76 187.28 12.08 0.29 -0.18 0.06 0.1295 0.4315

0.5880 12 3.00 3.00 3.00 631 608 201.01 190.75 12.07 0.20 0.03 0.18 0.1295 0.4630

0.5890 12 3.00 3.00 3.00 632 610 203.38 196.18 12.07 0.20 -0.06 0.03 0.1160 0.4180

0.5900 12 3.00 3.00 3.00 634 611 203.52 198.13 12.08 -0.04 -0.94 -0.03 0.1070 0.4135

0.5910 12 3.00 3.00 3.00 635 613 210.15 204.25 12.07 -0.20 -0.85 0.40 0.1520 0.4135

0.5920 12 3.00 3.00 3.00 637 615 213.58 212.96 12.07 0.11 -0.03 0.24 0.0935 0.4225

0.5930 12 3.00 3.00 3.00 639 616 219.84 217.63 12.07 -0.14 0.73 0.24 0.1115 0.4405

0.5940 12 3.00 3.00 3.00 641 618 226.37 217.14 12.06 0.05 0.40 0.18 0.0890 0.4000

0.5950 12 3.00 3.00 3.00 642 620 229.13 219.50 12.07 0.14 -0.12 0.24 0.0845 0.3820

0.5960 12 3.00 3.00 3.00 644 622 226.62 226.24 12.08 -0.75 -0.55 0.24 0.1790 0.3910

0.5970 12 3.00 3.00 3.00 646 623 228.38 227.84 12.06 -0.01 -0.67 -0.03 0.0575 0.4135

0.5980 12 3.00 3.00 3.00 648 625 235.02 230.01 12.07 0.23 -0.21 0.27 0.0575 0.3865

0.5990 12 3.00 3.00 3.00 650 627 235.63 233.12 12.07 0.20 0.03 0.27 0.0530 0.3730

0.6000 12 3.00 3.00 3.00 651 629 235.45 236.76 12.08 0.38 -0.09 -0.09 0.1025 0.3460

0.6010 12 3.00 3.00 3.00 653 631 238.52 238.33 12.08 0.57 0.06 0.12 0.0980 0.3370

0.6020 12 3.00 3.00 3.00 655 632 244.17 239.27 12.08 -0.78 -0.46 0.21 0.1295 0.3460

0.6030 12 3.00 3.00 3.00 657 634 248.99 240.43 12.06 -1.87 -2.01 -0.21 0.0890 0.2560

0.6040 12 3.00 3.00 3.00 659 636 250.89 241.97 12.08 -1.26 -1.71 -0.61 0.0440 0.2650

0.6050 12 3.00 3.00 3.00 661 638 250.91 242.20 12.08 1.02 0.95 0.30 -0.0100 0.3190

0.6060 12 3.00 3.00 3.00 663 640 250.98 246.16 12.08 2.06 3.02 0.64 -0.0280 0.4225

0.6070 12 3.00 3.00 3.00 665 642 252.26 249.56 12.08 0.60 1.41 -0.00 -0.0640 0.3955

0.6080 12 3.00 3.00 3.00 667 644 253.56 250.26 12.08 -0.65 -1.25 0.21 -0.0415 0.3820

0.6090 12 3.00 3.00 3.00 669 646 255.59 254.44 12.09 -0.75 -2.32 0.24 -0.0460 0.3640

0.6100 12 3.00 3.00 3.00 671 648 258.16 258.41 12.08 0.41 -2.41 -0.12 -0.0280 0.3910

0.6110 12 3.00 3.00 3.00 673 650 260.56 256.16 12.07 1.12 -0.67 -0.06 -0.0640 0.3730

0.6120 12 3.00 3.00 3.00 675 652 261.08 262.97 12.08 1.45 2.41 0.12 -0.0820 0.3595

0.6130 12 3.00 3.00 3.00 677 654 263.80 260.00 12.09 -1.20 3.72 0.09 -0.0550 0.3505

0.6140 12 3.00 3.00 3.00 679 656 267.54 258.43 12.09 -1.84 0.86 -0.15 -0.0865 0.3730

0.6150 12 3.00 3.00 3.00 681 658 266.60 262.11 12.08 0.11 -1.86 -0.61 -0.1000 0.3550

0.6160 12 3.00 3.00 3.00 683 660 268.63 261.84 12.09 1.76 -1.22 -0.09 -0.0910 0.3415

0.6170 12 3.00 3.00 3.00 685 662 272.46 270.82 12.09 -0.07 1.31 0.61 -0.0685 0.3325

0.6180 12 3.00 3.00 3.00 687 664 276.64 274.73 12.09 -1.57 1.89 0.34 -0.0595 0.3640

0.6190 12 3.00 3.00 3.00 689 666 281.78 271.86 12.09 -1.54 0.83 0.34 -0.0865 0.3235

0.6200 12 3.00 3.00 3.00 691 668 281.21 271.58 12.09 -0.17 -0.73 0.15 -0.0595 0.3145

0.6210 12 3.00 3.00 3.00 694 670 279.39 274.83 12.10 0.75 -1.52 0.27 -0.0415 0.2875

0.6220 12 3.00 3.00 3.00 696 672 285.32 272.96 12.09 -0.04 -0.67 0.46 -0.0325 0.2650

0.6230 12 3.00 3.00 3.00 698 674 285.03 272.46 12.09 -1.87 1.10 0.52 -0.0325 0.2245

0.6240 12 3.00 3.00 3.00 700 676 284.25 275.97 12.10 -0.62 1.37 -0.06 -0.0235 0.1930

0.6250 12 3.00 3.00 3.00 702 679 286.37 281.79 12.11 1.12 0.76 0.40 -0.0730 0.2560

0.6260 12 3.00 3.00 3.00 705 681 291.70 284.27 12.11 1.21 0.22 0.64 -0.1405 0.3415

0.6270 12 3.00 3.00 3.00 707 683 292.26 284.55 12.10 0.38 -0.36 0.30 -0.1540 0.3100

0.6280 12 3.00 3.00 3.00 709 685 290.90 283.09 12.11 -0.32 -0.82 0.24 -0.1315 0.3100

0.6290 12 3.00 3.00 3.00 711 687 289.25 283.70 12.11 -1.02 -1.10 -0.18 -0.1450 0.3235

0.6300 12 3.00 3.00 3.00 713 690 290.22 286.89 12.11 0.26 -1.71 -0.40 -0.1585 0.3370

0.6310 12 3.00 3.00 3.00 716 692 292.58 286.79 12.11 1.36 -1.31 -0.00 -0.1405 0.3010

0.6320 12 3.00 3.00 3.00 718 694 295.28 289.49 12.11 0.99 0.43 0.15 -0.1225 0.3055

0.6330 12 3.00 3.00 3.00 720 696 295.89 292.04 12.11 0.48 1.80 -0.12 -0.1360 0.3460

0.6340 12 3.00 3.00 3.00 723 698 297.20 288.21 12.12 0.08 1.59 -0.34 -0.1540 0.3235

0.6350 12 3.00 3.00 3.00 725 701 298.80 294.97 12.11 -0.04 -0.12 -0.06 -0.1045 0.3100

0.6360 12 3.00 3.00 3.00 727 703 300.81 291.42 12.12 -0.99 -0.91 -0.00 -0.1270 0.3055

0.6370 12 3.00 3.00 3.00 729 705 298.51 291.80 12.12 -0.38 -1.13 -0.12 -0.1495 0.3055

0.6380 12 3.00 3.00 3.00 732 707 301.27 292.49 12.12 0.51 -0.73 0.03 -0.1135 0.2965

0.6390 12 3.00 3.00 3.00 734 710 303.72 297.47 12.12 0.26 0.06 0.43 -0.1045 0.2965

0.6400 12 3.00 3.00 3.00 737 712 310.23 303.81 12.11 -0.81 0.67 0.34 -0.1180 0.3055

0.6410 12 3.00 3.00 3.00 739 714 311.91 299.43 12.12 -0.99 0.70 -0.18 -0.1090 0.3010

0.6420 12 3.00 3.00 3.00 741 717 308.29 300.71 12.12 -0.47 0.25 -0.03 -0.0370 0.2560

0.6430 12 3.00 3.00 3.00 744 719 311.42 303.20 12.12 -0.35 -0.36 0.30 -0.0595 0.2335

0.6440 12 3.00 3.00 3.00 746 721 311.80 302.11 12.11 -0.35 -0.94 0.43 -0.0505 0.1975

0.6450 12 3.00 3.00 3.00 748 724 310.17 303.74 12.12 -0.32 -1.04 -0.00 -0.0325 0.1840

0.6460 12 3.00 3.00 3.00 751 726 313.69 309.43 12.12 -0.14 -0.03 0.03 -0.0955 0.2335

0.6470 12 3.00 3.00 3.00 753 728 318.14 311.28 12.12 0.08 0.86 0.15 -0.1540 0.3280

0.6480 12 3.00 3.00 3.00 756 731 317.96 311.13 12.12 0.17 0.09 0.30 -0.2350 0.3145

0.6490 12 3.00 3.00 3.00 758 733 314.58 309.10 12.12 0.32 -0.03 0.34 -0.1900 0.3010

0.6500 12 3.00 3.00 3.00 760 735 312.83 308.95 12.12 0.05 0.76 0.09 -0.1765 0.3235

0.6510 12 3.00 3.00 3.00 763 738 313.44 311.25 12.13 0.29 0.52 -0.03 -0.1675 0.3325

0.6520 12 3.00 3.00 3.00 765 740 313.94 310.22 12.12 0.11 -0.30 0.06 -0.1090 0.3145

0.6530 12 3.00 3.00 3.00 768 743 314.99 313.09 12.13 0.93 -0.09 0.15 -0.1135 0.3145

0.6540 12 3.00 3.00 3.00 770 745 317.39 312.35 12.12 0.60 0.61 0.18 -0.1315 0.3280

0.6550 12 3.00 3.00 3.00 773 747 316.14 314.17 12.11 0.05 0.31 -0.03 -0.0820 0.3055

0.6560 12 3.00 3.00 3.00 775 750 319.45 314.94 12.12 -0.47 0.49 0.06 -0.1360 0.3010

0.6570 12 3.00 3.00 3.00 777 752 316.75 310.00 12.12 -0.62 0.83 0.03 -0.1405 0.3280

0.6580 12 3.00 3.00 3.00 780 754 319.02 312.99 12.12 0.51 -0.40 0.12 -0.0775 0.3100

0.6590 12 3.00 3.00 3.00 782 757 320.95 313.18 12.12 0.23 -0.76 0.34 -0.1045 0.3190

0.6600 12 3.00 3.00 3.00 785 759 328.44 320.58 12.12 -0.26 -0.18 0.27 -0.1090 0.3190

0.6610 12 3.00 3.00 3.00 787 762 327.63 318.66 12.10 -0.84 0.46 -0.00 -0.1045 0.3145

0.6620 12 3.00 3.00 3.00 790 764 324.19 315.06 12.11 -0.84 -0.03 -0.21 -0.0595 0.2695

0.6630 12 3.00 3.00 3.00 792 767 329.08 315.76 12.11 0.87 0.00 -0.00 -0.0640 0.2605

0.6640 12 3.00 3.00 3.00 795 769 326.47 311.51 12.12 -0.04 0.37 0.85 -0.0325 0.2155

0.6650 12 3.00 3.00 3.00 797 771 325.81 312.51 12.12 -1.66 -1.43 0.15 0.0035 0.2020

0.6660 12 3.00 3.00 3.00 800 774 329.97 317.58 12.13 -2.88 -2.44 -1.04 -0.0775 0.2335

0.6670 12 3.00 3.00 3.00 802 776 332.25 320.96 12.12 0.17 -1.46 -0.73 -0.1450 0.3280

0.6680 12 3.00 3.00 3.00 805 779 329.17 319.81 12.12 0.84 1.44 0.76 -0.1000 0.3145

0.6690 12 3.00 3.00 3.00 807 781 325.37 317.41 12.11 1.33 1.56 0.88 -0.1360 0.3055

0.6700 12 3.00 3.00 3.00 810 784 325.61 317.02 12.12 1.09 0.09 0.64 -0.1585 0.3460

0.6710 12 3.00 3.00 3.00 812 786 326.59 318.84 12.12 0.17 -0.40 0.58 -0.1045 0.3325

0.6720 12 3.00 3.00 3.00 815 788 328.18 317.56 12.11 -0.90 -1.28 0.03 -0.1045 0.3100

0.6730 12 3.00 3.00 3.00 817 791 328.91 320.23 12.13 1.24 -3.02 -0.06 -0.1180 0.3370

0.6740 12 3.00 3.00 3.00 820 793 327.02 318.65 12.12 2.25 -1.77 0.27 -0.0685 0.3145

0.6750 12 3.00 3.00 3.00 822 796 331.67 321.83 12.11 1.97 1.59 0.21 -0.1090 0.3055

0.6760 12 3.00 3.00 3.00 825 798 327.53 319.76 12.11 0.78 3.27 -0.00 -0.1360 0.3280

0.6770 12 3.00 3.00 3.00 827 801 327.66 316.51 12.11 -0.44 2.02 -0.43 -0.0685 0.3325

0.6780 12 3.00 3.00 3.00 830 803 330.53 317.25 12.11 -1.05 -0.18 -0.31 -0.0685 0.3280

0.6790 12 3.00 3.00 3.00 833 806 337.89 322.16 12.11 -0.41 -2.35 -0.18 -0.1000 0.3190

0.6800 12 3.00 3.00 3.00 835 808 336.96 328.12 12.10 -0.62 -2.44 -0.28 -0.1000 0.3460

0.6810 12 3.00 3.00 3.00 838 811 333.72 322.02 12.10 -1.11 -0.33 -0.24 -0.0775 0.3145

0.6820 12 3.00 3.00 3.00 840 813 338.44 323.69 12.11 -1.66 2.26 -0.12 -0.1090 0.2875

0.6830 12 3.00 3.00 3.00 843 815 335.02 324.82 12.12 -0.90 1.92 0.12 -0.0550 0.3010

0.6840 12 3.00 3.00 3.00 845 818 334.52 322.45 12.11 -0.10 0.06 0.30 -0.0100 0.2695

0.6850 12 3.00 3.00 3.00 848 820 339.23 324.84 12.11 -0.17 -0.52 0.24 -0.0145 0.2065

0.6860 12 3.00 3.00 3.00 851 823 341.34 329.92 12.11 -0.93 0.22 0.46 -0.0370 0.2065

0.6870 12 3.00 3.00 3.00 853 826 338.56 330.69 12.11 -1.29 0.49 0.43 -0.0145 0.2560

0.6880 12 3.00 3.00 3.00 856 828 335.89 328.41 12.11 -0.17 0.15 0.58 -0.1360 0.2785

0.6890 12 3.00 3.00 3.00 858 830 336.54 325.87 12.12 0.60 0.64 0.91 -0.1540 0.3280

0.6900 12 3.00 3.00 3.00 861 833 337.02 328.23 12.12 0.93 1.25 0.79 -0.0775 0.3460

0.6910 12 3.00 3.00 3.00 863 836 338.16 328.01 12.10 0.72 1.07 0.21 -0.1045 0.3235

0.6920 12 3.00 3.00 3.00 866 838 339.37 328.25 12.11 0.44 0.55 -0.00 -0.1270 0.3280

0.6930 12 3.00 3.00 3.00 869 841 338.32 329.07 12.12 0.38 -0.12 -0.03 -0.0550 0.3550

0.6940 12 3.00 3.00 3.00 871 843 341.51 329.99 12.10 0.66 -0.64 0.03 -0.1315 0.3280

0.6950 12 3.00 3.00 3.00 874 846 337.32 330.23 12.11 0.20 -0.12 0.18 -0.1585 0.3190

0.6960 12 3.00 3.00 3.00 876 848 341.82 324.77 12.12 0.41 0.46 0.09 -0.1000 0.3415

0.6970 12 3.00 3.00 3.00 879 851 343.25 326.51 12.10 0.60 0.37 0.21 -0.1360 0.3370

0.6980 12 3.00 3.00 3.00 882 853 349.31 329.04 12.11 0.02 -0.64 -0.09 -0.1720 0.3280

0.6990 12 3.00 3.00 3.00 884 856 343.60 335.23 12.11 -0.59 -1.07 -0.15 -0.1000 0.3370

0.7000 12 3.00 3.00 3.00 887 858 343.53 330.53 12.09 -1.14 -0.79 -0.06 -0.1585 0.3415

0.7010 12 3.00 3.00 3.00 890 861 345.02 330.66 12.11 -0.99 -0.67 -0.15 -0.1945 0.3235

0.7020 12 3.00 3.00 3.00 892 863 341.97 333.03 12.11 -0.56 -0.24 -0.03 -0.1090 0.3100

0.7030 12 3.00 3.00 3.00 895 866 345.45 330.02 12.10 -0.53 0.25 0.27 -0.0865 0.3010

0.7040 12 3.00 3.00 3.00 898 868 349.66 332.09 12.10 -0.41 -0.30 0.24 -0.1315 0.2650

0.7050 12 3.00 3.00 3.00 900 871 347.77 336.93 12.11 -0.41 -0.46 0.15 -0.0910 0.2380

0.7060 12 3.00 3.00 3.00 903 874 343.34 337.65 12.11 -0.14 -0.21 0.21 -0.0865 0.2065

0.7070 12 3.00 3.00 3.00 905 876 342.18 335.47 12.10 0.11 -0.70 0.18 -0.1360 0.1930

0.7080 12 3.00 3.00 3.00 908 879 342.28 333.46 12.11 0.51 -0.70 0.34 -0.1810 0.2650

0.7090 12 3.00 3.00 3.00 911 881 343.47 335.25 12.13 0.51 0.22 0.49 -0.1720 0.3280

0.7100 12 3.00 3.00 3.00 913 884 343.96 334.38 12.10 0.81 0.70 0.37 -0.1990 0.3145

0.7110 12 3.00 3.00 3.00 916 886 341.64 335.55 12.11 1.06 0.37 0.34 -0.1855 0.3190

0.7120 12 3.00 3.00 3.00 919 889 345.92 334.94 12.11 1.30 0.06 0.30 -0.1945 0.3280

0.7130 12 3.00 3.00 3.00 921 891 341.54 335.55 12.11 0.99 -0.40 0.12 -0.2215 0.3055

0.7140 12 3.00 3.00 3.00 924 894 342.98 336.15 12.13 0.72 -0.91 -0.12 -0.2080 0.2875

0.7150 12 3.00 3.00 3.00 927 896 346.52 329.73 12.11 0.11 -0.40 -0.12 -0.2035 0.3100

0.7160 12 3.00 3.00 3.00 929 899 352.18 331.19 12.11 0.02 -0.09 -0.03 -0.2395 0.2965

0.7170 12 3.00 3.00 3.00 932 902 348.86 335.48 12.11 -0.53 -0.15 -0.15 -0.2170 0.2875

0.7180 12 3.00 3.00 3.00 935 904 345.65 341.29 12.13 -0.71 -0.24 -0.09 -0.2035 0.3235

0.7190 12 3.00 3.00 3.00 937 907 350.20 334.58 12.10 -0.96 -0.18 -0.09 -0.2440 0.3100

0.7200 12 3.00 3.00 3.00 940 909 346.23 335.92 12.12 -1.42 -0.12 -0.21 -0.2440 0.2740

0.7210 12 3.00 3.00 3.00 943 912 347.10 336.46 12.12 -1.51 0.15 -0.18 -0.2170 0.2965

0.7220 12 3.00 3.00 3.00 945 914 352.77 332.99 12.12 -1.02 0.49 0.12 -0.2305 0.2875

0.7230 12 3.00 3.00 3.00 948 917 351.82 337.65 12.13 -0.90 0.49 0.24 -0.2170 0.2605

0.7240 12 3.00 3.00 3.00 950 920 347.65 340.10 12.12 -0.32 0.46 0.34 -0.2035 0.2650

0.7250 12 3.00 3.00 3.00 953 922 346.24 337.09 12.11 -0.20 0.83 0.61 -0.1990 0.2470

0.7260 12 3.00 3.00 3.00 956 925 346.83 330.48 12.12 0.96 0.95 0.91 -0.1405 0.1795

0.7270 12 3.00 3.00 3.00 958 927 347.94 329.38 12.12 -0.75 0.89 0.79 -0.1045 0.1570

0.7280 12 3.00 3.00 3.00 961 930 347.82 332.04 12.12 -0.56 -1.01 -0.61 -0.1585 0.1885

0.7290 12 3.00 3.00 3.00 964 932 345.57 330.61 12.12 -0.07 -0.61 -0.15 -0.2260 0.2155

0.7300 12 3.00 3.00 3.00 966 935 350.67 333.41 12.13 1.02 1.10 0.79 -0.2620 0.2965

0.7310 12 3.00 3.00 3.00 969 937 346.93 331.18 12.13 0.72 1.74 0.85 -0.2665 0.3055

0.7320 12 3.00 3.00 3.00 972 940 347.22 333.45 12.12 0.60 0.31 0.52 -0.2395 0.2740

0.7330 12 3.00 3.00 3.00 974 942 348.39 330.98 12.12 0.96 -1.43 0.12 -0.2215 0.2740

0.7340 12 3.00 3.00 3.00 977 945 355.96 327.63 12.12 0.41 -1.77 0.12 -0.2440 0.2965

0.7350 12 3.00 3.00 3.00 980 947 352.62 327.80 12.13 0.99 -1.95 -0.24 -0.2395 0.2830

0.7360 12 3.00 3.00 3.00 983 950 348.54 332.63 12.12 0.66 -0.79 -0.43 -0.2440 0.2785

0.7370 12 3.00 3.00 3.00 985 953 352.42 336.26 12.13 0.14 1.07 -0.64 -0.2530 0.3190

0.7380 12 3.00 3.00 3.00 988 955 349.11 331.45 12.12 0.38 1.65 -0.55 -0.1990 0.2830

0.7390 12 3.00 3.00 3.00 991 958 351.66 334.29 12.13 0.35 0.95 -0.12 -0.1945 0.2785

0.7400 12 3.00 3.00 3.00 993 960 355.85 333.26 12.12 -0.84 0.25 -0.06 -0.2305 0.2965

0.7410 12 3.00 3.00 3.00 996 963 355.22 331.68 12.15 -1.48 -0.82 -0.12 -0.2170 0.3145

0.7420 12 3.00 3.00 3.00 999 965 350.19 336.64 12.14 -2.21 -1.07 -0.03 -0.2260 0.2830

0.7430 12 3.00 3.00 3.00 1001 968 348.89 340.07 12.13 -1.60 -0.49 -0.06 -0.2440 0.3190

0.7440 12 3.00 3.00 3.00 1004 971 349.61 340.06 12.13 -0.44 0.83 0.43 -0.1495 0.2605

0.7450 12 3.00 3.00 3.00 1007 973 350.52 337.79 12.13 0.51 1.22 0.67 -0.1180 0.2245

0.7460 12 3.00 3.00 3.00 1009 976 351.12 337.37 12.12 -0.07 1.04 0.79 -0.1225 0.2245

0.7470 12 3.00 3.00 3.00 1012 978 349.01 339.35 12.12 -0.10 0.58 0.61 -0.0550 0.1795

0.7480 12 3.00 3.00 3.00 1015 981 353.25 338.56 12.11 0.44 0.12 0.82 -0.0865 0.1660

0.7490 12 3.00 3.00 3.00 1017 983 348.47 341.25 12.13 1.15 -0.24 0.85 -0.1810 0.2425

0.7500 12 3.00 3.00 3.00 1020 986 350.18 338.60 12.14 1.09 -0.21 0.64 -0.1630 0.3100

0.7510 12 3.00 3.00 3.00 1023 989 353.71 344.14 12.13 1.67 0.00 0.09 -0.1630 0.2785

0.7520 12 3.00 3.00 3.00 1026 991 359.90 338.44 12.12 1.12 0.79 0.15 -0.2080 0.2965

0.7530 12 3.00 3.00 3.00 1028 994 353.87 337.43 12.12 0.44 0.25 -0.24 -0.1495 0.3190

0.7540 12 3.00 3.00 3.00 1031 996 354.47 335.60 12.12 -0.04 -1.13 -0.49 -0.1765 0.2740

0.7550 12 3.00 3.00 3.00 1034 999 356.23 346.22 12.12 0.38 -2.04 -0.06 -0.2215 0.3100

0.7560 12 3.00 3.00 3.00 1036 1002 352.31 343.28 12.12 -0.04 -1.19 -0.03 -0.1765 0.3100

0.7570 12 3.00 3.00 3.00 1039 1004 355.38 339.51 12.12 -1.02 0.28 -0.46 -0.1630 0.2965

0.7580 12 3.00 3.00 3.00 1042 1007 359.45 343.02 12.12 -1.26 0.52 -0.70 -0.2125 0.3010

0.7590 12 3.00 3.00 3.00 1044 1010 357.39 339.75 12.12 -0.53 0.25 -0.55 -0.1765 0.3145

0.7600 12 3.00 3.00 3.00 1047 1012 353.10 341.88 12.12 -0.29 0.15 -0.28 -0.2080 0.2830

0.7610 12 3.00 3.00 3.00 1050 1015 351.82 346.58 12.12 -1.11 -0.30 -0.12 -0.1945 0.3010

0.7620 12 3.00 3.00 3.00 1053 1017 351.72 346.81 12.13 -1.75 -0.33 0.21 -0.1450 0.3055

0.7630 12 3.00 3.00 3.00 1055 1020 351.86 345.13 12.11 -0.87 -0.09 0.43 -0.1360 0.2785

0.7640 12 3.00 3.00 3.00 1058 1023 352.18 341.63 12.12 0.26 -0.09 0.67 -0.1630 0.2785

0.7650 12 3.00 3.00 3.00 1061 1025 350.07 342.32 12.13 1.06 0.00 0.76 -0.1135 0.2830

0.7660 12 3.00 3.00 3.00 1063 1028 353.01 339.47 12.11 2.15 1.13 0.43 -0.1225 0.2425

0.7670 12 3.00 3.00 3.00 1066 1030 348.22 339.33 12.12 0.11 2.02 0.61 -0.1045 0.2335

0.7680 12 3.00 3.00 3.00 1069 1033 351.74 338.20 12.12 -0.96 -0.03 -0.03 -0.0055 0.2020

0.7690 12 3.00 3.00 3.00 1071 1036 354.52 339.18 12.11 -0.93 -2.56 -0.34 -0.0550 0.2065

0.7700 12 3.00 3.00 3.00 1074 1038 359.51 334.57 12.12 2.15 -2.62 -0.18 -0.1495 0.2470

0.7710 12 3.00 3.00 3.00 1077 1041 353.22 330.49 12.13 1.24 0.40 0.73 -0.1090 0.3325

0.7720 12 3.00 3.00 3.00 1080 1043 356.12 330.75 12.12 0.66 1.10 0.52 -0.1720 0.3145

0.7730 12 3.00 3.00 3.00 1082 1046 354.65 335.29 12.12 -0.38 1.04 0.03 -0.1900 0.3190

0.7740 12 3.00 3.00 3.00 1085 1048 352.20 340.94 12.12 -0.47 -0.06 0.12 -0.1000 0.3460

0.7750 12 3.00 3.00 3.00 1088 1051 357.22 334.22 12.12 -0.65 -1.19 -0.79 -0.1450 0.3235

0.7760 12 3.00 3.00 3.00 1090 1054 359.85 336.01 12.12 -1.11 -1.25 -0.58 -0.1810 0.3055

0.7770 12 3.00 3.00 3.00 1093 1056 356.52 334.99 12.13 -1.11 -0.91 0.37 -0.1495 0.3370

0.7780 12 3.00 3.00 3.00 1096 1059 352.69 333.42 12.11 -0.96 -0.85 -0.12 -0.1720 0.3190

0.7790 12 3.00 3.00 3.00 1099 1061 352.72 338.56 12.12 -0.41 -0.52 0.03 -0.1900 0.3280

0.7800 12 3.00 3.00 3.00 1101 1064 353.11 341.51 12.12 0.26 1.13 0.49 -0.0910 0.3415

0.7810 12 3.00 3.00 3.00 1104 1066 353.49 341.06 12.11 -0.81 2.60 0.37 -0.1360 0.3280

0.7820 12 3.00 3.00 3.00 1107 1069 353.19 338.32 12.11 -0.53 1.89 0.15 -0.1675 0.3190

0.7830 12 3.00 3.00 3.00 1109 1072 353.70 337.42 12.13 -0.17 0.37 0.12 -0.1225 0.3415

0.7840 12 3.00 3.00 3.00 1112 1074 355.53 339.24 12.11 0.57 -0.98 0.15 -0.1495 0.3280

0.7850 12 3.00 3.00 3.00 1115 1077 351.39 338.18 12.11 1.33 -0.67 0.67 -0.1450 0.3145

0.7860 12 3.00 3.00 3.00 1117 1079 354.93 340.44 12.12 1.27 0.43 0.82 -0.0730 0.2830

0.7870 12 3.00 3.00 3.00 1120 1082 358.95 337.91 12.11 0.75 0.79 0.58 -0.0820 0.2740

0.7880 12 3.00 3.00 3.00 1123 1085 361.43 342.77 12.12 1.18 -0.12 0.64 -0.0415 0.2155

0.7890 12 3.00 3.00 3.00 1126 1087 355.72 337.30 12.12 1.48 -0.98 0.55 -0.0325 0.2065

0.7900 12 3.00 3.00 3.00 1128 1090 360.36 337.23 12.11 0.60 -1.04 -0.03 -0.1180 0.2515

0.7910 12 3.00 3.00 3.00 1131 1092 356.55 335.51 12.12 -0.10 -0.43 -0.43 -0.1360 0.2830

0.7920 12 3.00 3.00 3.00 1134 1095 355.73 345.16 12.12 -0.96 0.15 -0.58 -0.1135 0.3370

0.7930 12 3.00 3.00 3.00 1137 1098 362.16 343.18 12.11 -1.33 0.28 -0.73 -0.1450 0.3235

0.7940 12 3.00 3.00 3.00 1139 1100 361.56 338.92 12.11 -0.99 -0.27 -0.82 -0.1630 0.3190

0.7950 12 3.00 3.00 3.00 1142 1103 358.11 342.96 12.12 -1.29 0.12 -0.49 -0.1675 0.3550

0.7960 12 3.00 3.00 3.00 1145 1105 355.44 339.59 12.12 -1.48 0.98 -0.00 -0.1855 0.3235

0.7970 12 3.00 3.00 3.00 1148 1108 355.13 340.62 12.11 -1.48 1.37 0.34 -0.1315 0.3145

0.7980 12 3.00 3.00 3.00 1150 1111 355.43 346.86 12.11 -1.42 0.70 0.43 -0.1225 0.3235

0.7990 12 3.00 3.00 3.00 1153 1113 354.98 346.91 12.11 -0.71 -0.40 0.24 -0.1720 0.3415

0.8000 12 3.00 3.00 3.00 1156 1116 352.54 345.23 12.11 0.57 -1.01 0.52 -0.1495 0.3100

0.8010 12 3.00 3.00 3.00 1158 1119 357.26 342.00 12.11 0.93 -0.70 0.76 -0.1585 0.3190

0.8020 12 3.00 3.00 3.00 1161 1121 352.83 343.58 12.11 0.96 0.22 0.85 -0.1855 0.3280

0.8030 12 3.00 3.00 3.00 1164 1124 353.87 342.48 12.11 1.48 0.52 0.73 -0.1540 0.2920

0.8040 12 3.00 3.00 3.00 1167 1126 357.39 343.54 12.11 1.60 -0.40 0.34 -0.1540 0.3145

0.8050 12 3.00 3.00 3.00 1169 1129 363.26 342.87 12.11 1.48 -1.16 0.30 -0.1810 0.3055

0.8060 12 3.00 3.00 3.00 1172 1132 359.93 344.28 12.10 1.12 -1.22 -0.06 -0.1315 0.2740

0.8070 12 3.00 3.00 3.00 1175 1134 357.60 341.70 12.11 0.29 -0.94 -0.34 -0.1495 0.2515

0.8080 12 3.00 3.00 3.00 1177 1137 359.20 338.23 12.11 -0.07 -0.06 -0.31 -0.1495 0.2560

0.8090 12 3.00 3.00 3.00 1180 1139 356.31 338.43 12.11 0.20 0.34 -0.40 -0.0595 0.2020

0.8100 12 3.00 3.00 3.00 1183 1142 358.94 342.89 12.11 -0.29 -0.09 -0.46 -0.0730 0.1795

0.8110 12 3.00 3.00 3.00 1186 1145 363.25 345.92 12.11 -0.99 -0.15 -0.31 -0.1765 0.2650

0.8120 12 3.00 3.00 3.00 1188 1147 361.47 341.19 12.11 -1.33 0.15 -0.00 -0.2485 0.2920

0.8130 12 3.00 3.00 3.00 1191 1150 357.16 343.78 12.11 -1.87 0.40 -0.00 -0.2800 0.2920

0.8140 12 3.00 3.00 3.00 1194 1153 356.33 342.00 12.12 -1.63 0.49 -0.03 -0.2530 0.3235

0.8150 12 3.00 3.00 3.00 1197 1155 356.35 338.18 12.11 0.11 0.98 0.18 -0.1990 0.3145

0.8160 12 3.00 3.00 3.00 1199 1158 357.11 341.99 12.11 -1.08 0.98 0.40 -0.1990 0.2965

0.8170 12 3.00 3.00 3.00 1202 1160 357.91 344.70 12.12 -1.48 -0.49 0.21 -0.2440 0.3505

0.8180 12 3.00 3.00 3.00 1205 1163 355.97 343.28 12.11 -0.84 -0.64 0.40 -0.2170 0.3100

0.8190 12 3.00 3.00 3.00 1208 1166 357.23 340.62 12.11 1.36 0.83 0.73 -0.2440 0.2830

0.8200 12 3.00 3.00 3.00 1210 1168 350.30 340.57 12.12 0.81 2.38 1.01 -0.2710 0.3145

0.8210 12 3.00 3.00 3.00 1213 1171 355.93 340.57 12.12 1.27 0.40 0.58 -0.2485 0.2920

0.8220 12 3.00 3.00 3.00 1216 1173 360.09 340.45 12.12 0.75 -1.49 0.70 -0.2395 0.2785

0.8230 12 3.00 3.00 3.00 1219 1176 365.01 342.46 12.12 1.36 -2.50 0.73 -0.2710 0.3010

0.8240 12 3.00 3.00 3.00 1221 1179 357.24 339.71 12.12 1.02 -1.62 0.09 -0.2260 0.2920

0.8250 12 3.00 3.00 3.00 1224 1181 359.12 342.59 12.12 1.67 -0.21 -0.43 -0.2755 0.2740

0.8260 12 3.00 3.00 3.00 1227 1184 357.02 336.76 12.13 0.84 1.37 -0.31 -0.2845 0.3010

0.8270 12 3.00 3.00 3.00 1229 1186 356.21 337.95 12.13 0.38 1.28 -0.31 -0.2125 0.2920

0.8280 12 3.00 3.00 3.00 1232 1189 360.90 337.95 12.12 -0.44 -0.27 -0.24 -0.1855 0.2155

0.8290 12 3.00 3.00 3.00 1235 1192 363.45 345.32 12.13 -0.87 -1.49 -0.34 -0.1675 0.1975

0.8300 12 3.00 3.00 3.00 1238 1194 359.51 340.39 12.12 -1.91 -0.52 -0.43 -0.1180 0.1615

0.8310 12 3.00 3.00 3.00 1240 1197 355.31 339.99 12.12 -1.81 0.18 -0.64 -0.2035 0.1750

0.8320 12 3.00 3.00 3.00 1243 1199 356.77 341.59 12.14 -1.48 0.52 -0.21 -0.2665 0.2605

0.8330 12 3.00 3.00 3.00 1246 1202 357.84 338.78 12.14 -0.56 1.31 -0.09 -0.2170 0.2875

0.8340 12 3.00 3.00 3.00 1249 1205 358.55 341.95 12.12 -0.14 1.10 0.12 -0.1945 0.2740

0.8350 12 3.00 3.00 3.00 1251 1207 357.35 345.70 12.13 -0.32 0.43 0.18 -0.2305 0.2830

0.8360 12 3.00 3.00 3.00 1254 1210 359.44 345.80 12.13 -1.05 0.58 0.18 -0.2260 0.3010

0.8370 12 3.00 3.00 3.00 1257 1212 356.65 343.17 12.12 -1.08 0.67 0.37 -0.2620 0.2605

0.8380 12 3.00 3.00 3.00 1260 1215 357.38 340.94 12.13 0.14 -0.09 0.70 -0.2575 0.2920

0.8390 12 3.00 3.00 3.00 1262 1218 358.78 342.59 12.13 1.51 -0.49 1.13 -0.2170 0.2965

0.8400 12 3.00 3.00 3.00 1265 1220 366.20 340.79 12.12 1.94 -0.09 0.91 -0.2530 0.2785

0.8410 12 3.00 3.00 3.00 1268 1223 363.15 343.07 12.13 1.67 0.28 0.73 -0.2305 0.2695

0.8420 12 3.00 3.00 3.00 1271 1226 360.88 339.95 12.13 1.27 -0.06 0.18 -0.2260 0.2920

0.8430 12 3.00 3.00 3.00 1273 1228 362.49 345.93 12.13 0.66 -0.91 -0.06 -0.2665 0.2695

0.8440 12 3.00 3.00 3.00 1276 1231 359.17 339.36 12.13 0.11 -1.34 -0.15 -0.1945 0.2605

0.8450 12 3.00 3.00 3.00 1279 1233 361.57 337.76 12.13 -0.01 -0.58 -0.43 -0.1900 0.2875

0.8460 12 3.00 3.00 3.00 1282 1236 365.90 337.18 12.12 -0.65 0.76 -0.31 -0.2305 0.2695

0.8470 12 3.00 3.00 3.00 1284 1239 364.29 345.47 12.13 -0.56 0.95 -0.40 -0.1810 0.2650

0.8480 12 3.00 3.00 3.00 1287 1241 359.88 344.07 12.12 -1.02 0.61 -0.31 -0.1675 0.2875

0.8490 12 3.00 3.00 3.00 1290 1244 358.54 340.20 12.12 -1.29 0.03 -0.28 -0.1765 0.2290

0.8500 12 3.00 3.00 3.00 1293 1246 359.26 344.37 12.12 -2.00 0.00 -0.28 -0.1000 0.1885

0.8510 12 3.00 3.00 3.00 1295 1249 359.87 340.93 12.13 -1.63 0.34 0.06 -0.0865 0.1840

0.8520 12 3.00 3.00 3.00 1298 1252 360.71 340.65 12.13 -0.75 0.31 0.18 -0.1585 0.1975

0.8530 12 3.00 3.00 3.00 1301 1254 358.92 347.07 12.13 -0.35 0.25 0.21 -0.1585 0.2650

0.8540 12 3.00 3.00 3.00 1304 1257 360.75 347.27 12.14 -0.04 0.28 0.52 -0.1810 0.3415

0.8550 12 3.00 3.00 3.00 1306 1260 353.58 345.49 12.12 0.17 0.52 0.52 -0.2260 0.2920

0.8560 12 3.00 3.00 3.00 1309 1262 358.73 342.07 12.12 1.27 -0.46 0.49 -0.1495 0.2965

0.8570 12 3.00 3.00 3.00 1312 1265 362.52 343.84 12.13 1.45 -1.13 0.76 -0.1810 0.3235

0.8580 12 3.00 3.00 3.00 1315 1267 365.19 343.33 12.11 1.70 -1.40 0.61 -0.2080 0.3010

0.8590 12 3.00 3.00 3.00 1318 1270 359.33 343.77 12.12 1.21 -0.73 0.34 -0.1405 0.3055

0.8600 12 3.00 3.00 3.00 1320 1273 364.20 343.86 12.12 1.82 -0.21 0.15 -0.1900 0.3235

0.8610 12 3.00 3.00 3.00 1323 1275 360.47 343.96 12.12 1.27 -0.33 0.27 -0.2080 0.3010

0.8620 12 3.00 3.00 3.00 1326 1278 359.63 343.90 12.12 0.72 -0.88 -0.24 -0.1585 0.2875

0.8630 12 3.00 3.00 3.00 1329 1280 365.93 338.02 12.12 0.05 -0.21 -0.24 -0.1990 0.3190

0.8640 12 3.00 3.00 3.00 1331 1283 365.07 339.62 12.12 -0.38 0.52 -0.18 -0.2260 0.3100

0.8650 12 3.00 3.00 3.00 1334 1286 361.54 343.44 12.12 -0.90 0.34 -0.31 -0.2170 0.3100

0.8660 12 3.00 3.00 3.00 1337 1288 358.48 348.67 12.12 -1.33 -0.03 -0.24 -0.2125 0.3415

0.8670 12 3.00 3.00 3.00 1340 1291 358.38 342.17 12.13 -1.57 0.18 -0.21 -0.1585 0.3190

0.8680 12 3.00 3.00 3.00 1342 1294 359.48 344.30 12.11 -1.78 0.83 -0.12 -0.1360 0.3100

0.8690 12 3.00 3.00 3.00 1345 1296 359.92 342.92 12.12 -1.54 0.95 0.24 -0.1765 0.3235

0.8700 12 3.00 3.00 3.00 1348 1299 357.84 341.19 12.12 -0.96 0.86 0.49 -0.0505 0.2290

0.8710 12 3.00 3.00 3.00 1351 1302 361.23 346.71 12.12 -0.84 0.40 0.46 -0.0325 0.1705

0.8720 12 3.00 3.00 3.00 1353 1304 356.19 349.03 12.12 -0.35 0.15 0.58 -0.0865 0.2380

0.8730 12 3.00 3.00 3.00 1356 1307 358.01 347.46 12.12 0.23 0.18 0.64 -0.1045 0.2605

0.8740 12 3.00 3.00 3.00 1359 1309 361.85 344.47 12.12 0.75 -0.46 0.61 -0.1360 0.3145

0.8750 12 3.00 3.00 3.00 1362 1312 367.74 342.77 12.13 0.87 -0.85 0.64 -0.1765 0.3325

0.8760 12 3.00 3.00 3.00 1364 1315 360.77 342.64 12.12 0.69 -0.40 0.55 -0.1180 0.3100

0.8770 12 3.00 3.00 3.00 1367 1317 360.22 342.14 12.12 1.70 -0.21 0.46 -0.1585 0.3100

0.8780 12 3.00 3.00 3.00 1370 1320 361.34 343.87 12.12 1.73 -0.15 0.61 -0.1810 0.3325

0.8790 12 3.00 3.00 3.00 1373 1323 358.45 340.26 12.11 1.02 -0.64 0.49 -0.1225 0.3325

0.8800 12 3.00 3.00 3.00 1375 1325 362.51 343.22 12.12 0.29 -0.64 -0.00 -0.1180 0.3055

0.8810 12 3.00 3.00 3.00 1378 1328 365.80 337.52 12.13 -0.35 -0.24 -0.24 -0.1810 0.3280

0.8820 12 3.00 3.00 3.00 1381 1330 362.83 338.36 12.11 -0.32 -0.18 -0.52 -0.1270 0.3235

0.8830 12 3.00 3.00 3.00 1384 1333 358.85 338.58 12.12 -0.87 0.15 -0.52 -0.1630 0.3055

0.8840 12 3.00 3.00 3.00 1386 1336 358.59 346.44 12.12 -0.90 0.37 -0.43 -0.1945 0.3460

0.8850 12 3.00 3.00 3.00 1389 1338 358.69 340.85 12.11 -1.45 1.01 -0.31 -0.1135 0.3280

0.8860 12 3.00 3.00 3.00 1392 1341 359.51 341.00 12.12 -1.36 1.01 -0.21 -0.1225 0.3010

0.8870 12 3.00 3.00 3.00 1395 1343 359.83 342.60 12.11 -0.99 0.73 -0.03 -0.1405 0.3100

0.8880 12 3.00 3.00 3.00 1397 1346 359.41 339.20 12.12 -1.02 0.15 0.12 -0.1135 0.3190

0.8890 12 3.00 3.00 3.00 1400 1349 359.68 343.13 12.11 -0.96 0.00 0.30 -0.1135 0.2740

0.8900 12 3.00 3.00 3.00 1403 1351 354.83 346.93 12.12 0.14 -0.06 0.43 -0.1000 0.2875

0.8910 12 3.00 3.00 3.00 1406 1354 358.78 346.64 12.11 0.69 -0.27 0.46 -0.0325 0.2560

0.8920 12 3.00 3.00 3.00 1408 1356 365.11 344.43 12.10 0.60 -0.76 0.73 -0.0460 0.1750

0.8930 12 3.00 3.00 3.00 1411 1359 365.24 342.07 12.12 0.90 -0.67 0.91 -0.0730 0.2200

0.8940 12 3.00 3.00 3.00 1414 1362 358.89 343.53 12.12 0.84 -0.55 0.52 -0.1270 0.2830

0.8950 12 3.00 3.00 3.00 1417 1364 362.31 341.87 12.11 1.36 -0.82 0.37 -0.1765 0.3145

0.8960 12 3.00 3.00 3.00 1419 1367 359.11 344.56 12.12 1.91 -1.28 0.49 -0.1540 0.3370

0.8970 12 3.00 3.00 3.00 1422 1370 358.93 341.15 12.11 0.63 -0.79 0.40 -0.1360 0.3370

0.8980 12 3.00 3.00 3.00 1425 1372 365.31 346.73 12.11 0.11 0.00 -0.09 -0.1855 0.3235

0.8990 12 3.00 3.00 3.00 1428 1375 364.26 340.76 12.11 -0.07 0.46 -0.46 -0.1495 0.3235

0.9000 12 3.00 3.00 3.00 1431 1377 359.47 338.85 12.12 -0.38 0.49 -0.52 -0.1810 0.3235

0.9010 12 3.00 3.00 3.00 1433 1380 358.56 338.51 12.11 -0.78 0.00 -0.52 -0.2170 0.3100

0.9020 12 3.00 3.00 3.00 1436 1383 358.64 347.08 12.11 -1.20 0.06 -0.46 -0.1810 0.3280

0.9030 12 3.00 3.00 3.00 1439 1385 359.56 345.89 12.11 -1.72 0.64 -0.52 -0.1540 0.3235

0.9040 12 3.00 3.00 3.00 1442 1388 360.42 341.55 12.10 -1.60 1.25 -0.21 -0.2080 0.3145

0.9050 12 3.00 3.00 3.00 1444 1391 358.15 344.90 12.11 -1.11 1.10 0.15 -0.1630 0.3190

0.9060 12 3.00 3.00 3.00 1447 1393 361.65 341.36 12.10 -0.84 0.46 0.27 -0.1855 0.3415

0.9070 12 3.00 3.00 3.00 1450 1396 356.03 342.25 12.10 -0.35 0.22 0.40 -0.2215 0.3235

0.9080 12 3.00 3.00 3.00 1452 1398 360.60 348.12 12.13 0.38 -0.18 0.46 -0.1810 0.3100

0.9090 12 3.00 3.00 3.00 1455 1401 362.38 348.63 12.11 0.20 -0.67 0.43 -0.1900 0.3415

0.9100 12 3.00 3.00 3.00 1458 1404 368.88 346.84 12.10 0.66 -0.98 0.49 -0.2350 0.2965

0.9110 12 3.00 3.00 3.00 1461 1406 361.77 342.91 12.11 0.90 -0.52 0.55 -0.1585 0.3055

0.9120 12 3.00 3.00 3.00 1464 1409 363.86 344.99 12.10 0.78 -0.21 0.49 -0.1000 0.2065

0.9130 12 3.00 3.00 3.00 1466 1412 362.94 344.22 12.10 1.33 -0.49 0.40 -0.1540 0.1705

0.9140 12 3.00 3.00 3.00 1469 1414 360.99 345.39 12.12 1.27 -0.85 0.43 -0.1855 0.2335

0.9150 12 3.00 3.00 3.00 1472 1417 365.83 344.97 12.14 0.72 -0.67 0.21 -0.2395 0.3145

0.9160 12 3.00 3.00 3.00 1475 1420 367.36 346.00 12.12 -0.04 0.00 -0.00 -0.2710 0.3010

0.9170 12 3.00 3.00 3.00 1477 1422 363.90 344.05 12.12 -0.10 0.37 -0.18 -0.2575 0.2965

0.9180 12 3.00 3.00 3.00 1480 1425 360.83 340.10 12.12 -0.17 0.09 -0.24 -0.2755 0.3010

0.9190 12 3.00 3.00 3.00 1483 1427 360.61 340.40 12.12 -0.14 -0.03 -0.31 -0.2665 0.3010

0.9200 12 3.00 3.00 3.00 1486 1430 360.61 345.06 12.12 -0.99 0.43 -0.43 -0.2125 0.2875

0.9210 12 3.00 3.00 3.00 1489 1433 361.35 348.60 12.12 -1.42 0.58 -0.34 -0.2395 0.3190

0.9220 12 3.00 3.00 3.00 1491 1435 360.44 343.35 12.11 -0.90 0.28 -0.18 -0.2575 0.2740

0.9230 12 3.00 3.00 3.00 1494 1438 362.04 346.21 12.12 -0.96 0.12 -0.03 -0.2485 0.2740

0.9240 12 3.00 3.00 3.00 1497 1441 358.99 344.03 12.12 -0.23 0.43 0.18 -0.2665 0.2830

0.9250 12 3.00 3.00 3.00 1500 1443 359.32 343.27 12.13 -0.14 0.61 0.52 -0.2710 0.2875

0.9260 12 3.00 3.00 3.00 1502 1446 360.05 348.17 12.11 0.48 -0.27 0.18 -0.2395 0.2740

0.9270 12 3.00 3.00 3.00 1505 1449 367.46 350.34 12.12 0.41 -0.94 0.40 -0.2575 0.3055

0.9280 12 3.00 3.00 3.00 1508 1451 363.99 348.60 12.12 0.11 -0.85 0.61 -0.2575 0.2650

0.9290 12 3.00 3.00 3.00 1511 1454 361.35 345.67 12.13 0.57 -0.70 0.27 -0.2440 0.2695

0.9300 12 3.00 3.00 3.00 1513 1457 362.96 346.41 12.13 0.81 -0.55 0.43 -0.2530 0.2605

0.9310 12 3.00 3.00 3.00 1516 1459 360.03 346.03 12.13 1.27 -0.88 0.37 -0.1810 0.2335

0.9320 12 3.00 3.00 3.00 1519 1462 362.49 346.26 12.12 0.87 -0.73 0.18 -0.1360 0.1930

0.9330 12 3.00 3.00 3.00 1522 1464 366.76 348.35 12.13 0.60 -0.15 0.09 -0.1405 0.1885

0.9340 12 3.00 3.00 3.00 1524 1467 364.74 344.29 12.12 -0.32 0.70 -0.03 -0.1450 0.1705

0.9350 12 3.00 3.00 3.00 1527 1470 360.40 346.32 12.13 -0.20 0.37 -0.24 -0.2170 0.2065

0.9360 12 3.00 3.00 3.00 1530 1472 359.94 340.13 12.14 -0.35 -0.03 0.03 -0.2755 0.2830

0.9370 12 3.00 3.00 3.00 1533 1475 360.12 341.67 12.14 -0.32 0.03 -0.09 -0.2260 0.2875

0.9380 12 3.00 3.00 3.00 1536 1478 360.74 345.33 12.13 -0.93 0.70 -0.40 -0.2260 0.2695

0.9390 12 3.00 3.00 3.00 1538 1480 362.63 350.69 12.13 -0.99 0.98 -0.28 -0.2575 0.3145

0.9400 12 3.00 3.00 3.00 1541 1483 359.84 344.17 12.12 -0.99 0.70 -0.06 -0.2125 0.2785

0.9410 12 3.00 3.00 3.00 1544 1486 361.62 346.20 12.12 -1.11 0.31 -0.06 -0.2575 0.2785

0.9420 12 3.00 3.00 3.00 1547 1488 357.44 345.08 12.13 -0.32 0.46 0.21 -0.2575 0.2875

0.9430 12 3.00 3.00 3.00 1549 1491 361.28 342.90 12.12 -0.04 0.25 0.37 -0.2260 0.2965

0.9440 12 3.00 3.00 3.00 1552 1493 365.29 347.25 12.12 0.11 -0.58 0.46 -0.2440 0.2695

0.9450 12 3.00 3.00 3.00 1555 1496 367.41 350.43 12.13 -0.04 -0.58 0.70 -0.2395 0.3055

0.9460 12 3.00 3.00 3.00 1558 1499 360.29 348.92 12.13 -0.07 -0.30 0.30 -0.1810 0.3055

0.9470 12 3.00 3.00 3.00 1560 1501 364.23 346.15 12.12 0.29 -0.52 0.09 -0.2350 0.2740

0.9480 12 3.00 3.00 3.00 1563 1504 360.51 345.00 12.13 0.66 -0.76 0.30 -0.2440 0.3100

0.9490 12 3.00 3.00 3.00 1566 1507 360.10 343.86 12.13 1.67 -1.25 -0.24 -0.1990 0.3010

0.9500 12 3.00 3.00 3.00 1569 1509 366.33 343.11 12.12 -0.26 -0.52 0.18 -0.2305 0.2875

0.9510 12 3.00 3.00 3.00 1572 1512 365.12 344.91 12.14 0.35 0.06 0.21 -0.2215 0.3100

0.9520 12 3.00 3.00 3.00 1574 1515 360.49 341.71 12.13 0.14 0.76 -0.18 -0.2125 0.3100

0.9530 12 3.00 3.00 3.00 1577 1517 358.54 344.72 12.12 0.75 0.18 -0.34 -0.2350 0.2875

0.9540 12 3.00 3.00 3.00 1580 1520 357.82 339.10 12.13 0.11 -0.06 -0.03 -0.0505 0.1750

0.9550 12 3.00 3.00 3.00 1582 1522 358.47 339.90 12.13 0.51 -0.49 -0.15 -0.0865 0.2155

0.9560 12 3.00 3.00 3.00 1585 1525 358.84 339.88 12.12 -0.62 0.00 -0.06 -0.2080 0.2740

0.9570 12 3.00 3.00 3.00 1588 1528 357.33 347.85 12.13 -0.53 0.43 -0.15 -0.1450 0.3190

0.9580 12 3.00 3.00 3.00 1591 1530 360.95 342.37 12.12 -0.71 0.46 -0.28 -0.1900 0.3190

0.9590 12 3.00 3.00 3.00 1593 1533 356.29 342.21 12.12 -0.99 0.49 0.09 -0.2125 0.2830

0.9600 12 3.00 3.00 3.00 1596 1535 358.22 344.22 12.13 -0.17 0.34 0.27 -0.1450 0.3055

0.9610 12 3.00 3.00 3.00 1599 1538 361.64 340.68 12.12 0.23 -0.24 0.34 -0.1720 0.3190

0.9620 12 3.00 3.00 3.00 1602 1541 368.14 344.25 12.11 -0.17 -0.85 0.52 -0.2035 0.2830

0.9630 12 3.00 3.00 3.00 1605 1543 361.77 347.98 12.12 -0.38 -0.67 0.43 -0.1180 0.3280

0.9640 12 3.00 3.00 3.00 1607 1546 361.53 348.00 12.12 -0.47 -0.12 0.43 -0.1765 0.3235

0.9650 12 3.00 3.00 3.00 1610 1549 362.49 344.46 12.12 0.26 -0.49 0.27 -0.2170 0.2830

0.9660 12 3.00 3.00 3.00 1613 1551 359.76 343.15 12.12 0.75 -0.58 0.49 -0.1225 0.3145

0.9670 12 3.00 3.00 3.00 1616 1554 364.76 344.71 12.12 0.57 -0.15 0.49 -0.1585 0.3100

0.9680 12 3.00 3.00 3.00 1618 1557 367.31 343.62 12.12 0.17 0.28 0.24 -0.1855 0.2830

0.9690 12 3.00 3.00 3.00 1621 1559 363.87 345.38 12.12 0.14 0.52 0.21 -0.1675 0.3145

0.9700 12 3.00 3.00 3.00 1624 1562 360.11 342.15 12.12 -0.04 0.25 0.18 -0.1810 0.3055

0.9710 12 3.00 3.00 3.00 1627 1564 360.02 348.30 12.12 0.44 -0.49 -0.18 -0.1540 0.2830

0.9720 12 3.00 3.00 3.00 1629 1567 360.20 341.88 12.12 -0.29 0.28 0.06 -0.0730 0.2740

0.9730 12 3.00 3.00 3.00 1632 1570 360.58 340.34 12.12 -0.23 1.07 -0.06 -0.0865 0.2515

0.9740 12 3.00 3.00 3.00 1635 1572 360.68 338.03 12.11 -0.59 1.31 -0.21 -0.0550 0.2065

0.9750 12 3.00 3.00 3.00 1638 1575 360.56 348.43 12.12 -0.32 0.61 -0.03 -0.0460 0.1930

0.9760 12 3.00 3.00 3.00 1640 1578 359.26 345.49 12.12 -0.53 0.12 -0.09 -0.1270 0.2380

0.9770 12 3.00 3.00 3.00 1643 1580 356.04 341.81 12.12 -0.23 -0.58 -0.06 -0.1765 0.2830

0.9780 12 3.00 3.00 3.00 1646 1583 359.89 346.28 12.13 -0.47 -0.09 0.03 -0.1675 0.3370

0.9790 12 3.00 3.00 3.00 1649 1585 367.28 342.12 12.12 -0.41 -0.06 0.06 -0.1720 0.3370

0.9800 12 3.00 3.00 3.00 1651 1588 365.02 343.14 12.12 -0.41 -0.33 0.18 -0.1495 0.3145

0.9810 12 3.00 3.00 3.00 1654 1591 360.04 349.16 12.12 0.14 -0.64 0.43 -0.1405 0.3190

0.9820 12 3.00 3.00 3.00 1657 1593 363.31 349.43 12.11 0.29 -0.98 0.43 -0.1765 0.3460

0.9830 12 3.00 3.00 3.00 1660 1596 359.54 347.66 12.11 0.11 -1.22 0.30 -0.1360 0.3100

0.9840 12 3.00 3.00 3.00 1663 1599 362.36 344.37 12.11 0.32 -0.64 0.15 -0.1360 0.3145

0.9850 12 3.00 3.00 3.00 1665 1601 366.54 345.59 12.12 0.05 -0.09 0.18 -0.1720 0.3415

0.9860 12 3.00 3.00 3.00 1668 1604 365.31 344.71 12.11 0.57 -0.09 0.06 -0.1135 0.3100

0.9870 12 3.00 3.00 3.00 1671 1607 360.31 346.38 12.12 0.72 -0.06 0.18 -0.1630 0.3145

0.9880 12 3.00 3.00 3.00 1674 1609 359.75 344.11 12.11 0.41 0.22 0.15 -0.1855 0.3325

0.9890 12 3.00 3.00 3.00 1676 1612 359.60 346.80 12.11 0.08 0.49 -0.12 -0.1360 0.3145

0.9900 12 3.00 3.00 3.00 1679 1614 360.75 344.33 12.11 0.29 0.86 -0.03 -0.1405 0.3190

0.9910 12 3.00 3.00 3.00 1682 1617 361.60 340.25 12.11 0.11 1.01 -0.09 -0.1765 0.3325

0.9920 12 3.00 3.00 3.00 1685 1620 359.96 339.71 12.12 0.44 0.28 -0.28 -0.1000 0.3190

0.9930 12 3.00 3.00 3.00 1687 1622 362.59 348.06 12.11 -0.10 -0.12 0.15 -0.1540 0.3190

0.9940 12 3.00 3.00 3.00 1690 1625 357.29 348.47 12.11 -0.75 0.15 0.18 -0.1810 0.3685

0.9950 12 3.00 3.00 3.00 1693 1628 361.71 343.03 12.10 -0.65 0.25 -0.06 -0.1180 0.3145

0.9960 12 3.00 3.00 3.00 1696 1630 365.86 347.69 12.11 -0.47 0.09 0.21 -0.0730 0.2065

0.9970 12 3.00 3.00 3.00 1698 1633 370.42 343.42 12.12 -0.38 -0.52 0.09 -0.1585 0.2830

0.9980 12 3.00 3.00 3.00 1701 1635 361.77 343.31 12.12 -0.32 -0.70 0.12 -0.1270 0.3235

0.9990 12 3.00 3.00 3.00 1704 1638 364.14 347.85 12.12 -0.56 -0.70 0.21 -0.1855 0.3235

1.0000 12 3.00 3.00 3.00 1707 1641 361.55 349.89 12.12 -0.14 -0.49 0.03 -0.1585 0.3505

1.0010 12 3.00 3.00 3.00 1710 1643 361.48 348.43 12.10 -0.04 -0.36 0.30 -0.1405 0.3235

1.0020 12 3.00 3.00 3.00 1712 1646 367.77 345.24 12.11 0.05 -0.33 0.21 -0.1900 0.3145

1.0030 12 3.00 3.00 3.00 1715 1649 367.69 346.27 12.11 -0.38 -0.03 -0.00 -0.1990 0.3460

1.0040 12 3.00 3.00 3.00 1718 1651 363.50 345.73 12.11 0.02 -0.03 -0.12 -0.2215 0.3145

1.0050 12 3.00 3.00 3.00 1721 1654 360.38 345.71 12.11 0.51 -0.18 -0.12 -0.2260 0.3055

1.0060 12 3.00 3.00 3.00 1723 1657 360.50 345.48 12.12 0.69 -0.12 0.24 -0.1810 0.3370

1.0070 12 3.00 3.00 3.00 1726 1659 361.00 346.18 12.11 0.60 0.37 0.15 -0.1630 0.2605

1.0080 12 3.00 3.00 3.00 1729 1662 360.86 346.14 12.11 0.29 0.89 -0.12 -0.2035 0.3055

1.0090 12 3.00 3.00 3.00 1732 1665 357.94 340.96 12.12 0.26 1.13 -0.24 -0.1900 0.3145

1.0100 12 3.00 3.00 3.00 1734 1667 361.88 340.90 12.10 0.87 0.46 0.03 -0.1945 0.3100

1.0110 12 3.00 3.00 3.00 1737 1670 356.59 345.36 12.11 0.48 -0.76 0.24 -0.2350 0.2830

1.0120 12 3.00 3.00 3.00 1740 1672 357.54 351.30 12.11 -0.17 -0.67 0.03 -0.2035 0.3145

1.0130 12 3.00 3.00 3.00 1743 1675 361.10 344.24 12.10 -0.47 0.12 -0.09 -0.1675 0.2650

1.0140 12 3.00 3.00 3.00 1745 1678 367.28 346.72 12.11 -1.05 0.40 -0.03 -0.1945 0.2380

1.0150 12 3.00 3.00 3.00 1748 1680 363.16 345.47 12.12 -0.53 -0.15 -0.00 -0.1045 0.2110

1.0160 12 3.00 3.00 3.00 1751 1683 360.64 343.03 12.11 -0.10 -1.07 0.15 -0.1315 0.1615

1.0170 12 3.00 3.00 3.00 1754 1686 361.30 348.87 12.12 -0.17 -1.28 0.09 -0.2080 0.1885

1.0180 12 3.00 3.00 3.00 1756 1688 357.99 351.07 12.12 -0.50 -0.18 0.21 -0.2035 0.2785

1.0190 12 3.00 3.00 3.00 1759 1691 361.58 349.56 12.14 -0.84 0.52 0.15 -0.2395 0.3010

1.0200 12 3.00 3.00 3.00 1762 1694 365.88 345.98 12.12 -0.38 0.06 0.15 -0.2890 0.2875

1.0210 12 3.00 3.00 3.00 1765 1696 362.55 346.56 12.12 -0.20 0.03 0.49 -0.2485 0.3055

1.0220 12 3.00 3.00 3.00 1768 1699 358.78 346.61 12.12 0.63 -0.33 0.15 -0.2665 0.2875

1.0230 12 3.00 3.00 3.00 1770 1702 359.09 346.61 12.12 0.32 -0.06 0.27 -0.2935 0.2875

1.0240 12 3.00 3.00 3.00 1773 1704 358.99 348.60 12.12 0.78 0.46 0.27 -0.2305 0.3010

1.0250 12 3.00 3.00 3.00 1776 1707 359.52 345.17 12.12 0.11 0.89 -0.00 -0.2260 0.2740

1.0260 12 3.00 3.00 3.00 1778 1710 360.86 347.29 12.13 0.48 0.95 -0.12 -0.2755 0.2875

1.0270 12 3.00 3.00 3.00 1781 1712 358.70 340.87 12.13 0.54 0.89 -0.00 -0.2440 0.2920

1.0280 12 3.00 3.00 3.00 1784 1715 361.02 341.87 12.12 0.90 0.15 -0.21 -0.2620 0.2740

1.0290 12 3.00 3.00 3.00 1787 1718 356.67 346.40 12.13 -0.17 -0.03 -0.15 -0.2710 0.2650

1.0300 12 3.00 3.00 3.00 1790 1720 360.39 352.26 12.12 -0.01 -0.12 -0.00 -0.1990 0.3055

1.0310 12 3.00 3.00 3.00 1792 1723 366.77 344.77 12.12 -0.07 -0.30 -0.12 -0.2530 0.2965

1.0320 12 3.00 3.00 3.00 1795 1725 367.54 346.72 12.13 -0.20 -0.64 -0.12 -0.2620 0.2785

1.0330 12 3.00 3.00 3.00 1798 1728 361.39 346.87 12.13 -0.65 -0.70 0.21 -0.2215 0.3010

1.0340 12 3.00 3.00 3.00 1801 1731 364.55 344.32 12.12 -0.68 -0.21 0.21 -0.2755 0.2830

1.0350 12 3.00 3.00 3.00 1803 1733 361.21 348.29 12.12 -0.84 -0.15 0.18 -0.2845 0.2785

1.0360 12 3.00 3.00 3.00 1806 1736 361.53 350.53 12.13 0.05 -1.10 0.09 -0.2440 0.3055

1.0370 12 3.00 3.00 3.00 1809 1739 367.78 349.13 12.12 -0.59 -0.91 0.27 -0.2800 0.2740

1.0380 12 3.00 3.00 3.00 1812 1741 366.42 345.51 12.13 -0.81 -0.27 0.12 -0.2665 0.1975

1.0390 12 3.00 3.00 3.00 1815 1744 360.92 345.45 12.14 -0.59 0.34 0.24 -0.2665 0.2875

1.0400 12 3.00 3.00 3.00 1817 1747 359.94 346.17 12.13 -0.10 -0.09 0.34 -0.2755 0.3055

1.0410 12 3.00 3.00 3.00 1820 1749 360.10 345.71 12.13 0.57 -0.73 0.27 -0.2035 0.2740

1.0420 12 3.00 3.00 3.00 1823 1752 361.04 347.58 12.13 0.99 -0.24 0.43 -0.1900 0.2965

1.0430 12 3.00 3.00 3.00 1826 1755 361.88 345.00 12.13 0.78 0.83 0.21 -0.2485 0.2875

1.0440 12 3.00 3.00 3.00 1828 1757 358.14 347.91 12.13 0.69 1.13 -0.09 -0.1945 0.2740

1.0450 12 3.00 3.00 3.00 1831 1760 364.00 342.07 12.13 0.20 0.89 0.15 -0.2170 0.2965

1.0460 12 3.00 3.00 3.00 1834 1762 357.94 343.08 12.12 0.66 -0.09 0.12 -0.2575 0.3145

1.0470 12 3.00 3.00 3.00 1837 1765 362.22 342.96 12.12 0.41 -0.67 -0.09 -0.2125 0.2740

1.0480 12 3.00 3.00 3.00 1839 1768 365.08 351.14 12.12 0.63 -0.52 -0.06 -0.2080 0.3145

1.0490 12 3.00 3.00 3.00 1842 1770 370.40 345.30 12.14 -0.07 -0.15 -0.15 -0.2440 0.3010

1.0500 12 3.00 3.00 3.00 1845 1773 363.47 345.53 12.12 -0.50 -0.36 0.03 -0.1540 0.2650

1.0510 12 3.00 3.00 3.00 1848 1776 365.29 346.51 12.12 -1.45 -0.30 0.18 -0.2170 0.2875

1.0520 12 3.00 3.00 3.00 1851 1778 362.44 342.75 12.12 -1.05 -0.40 -0.28 -0.2260 0.2920

1.0530 12 3.00 3.00 3.00 1853 1781 361.90 347.34 12.12 -0.56 -0.55 -0.09 -0.1405 0.2740

1.0540 12 3.00 3.00 3.00 1856 1784 366.63 351.24 12.13 -0.23 -0.64 0.30 -0.1765 0.2695

1.0550 12 3.00 3.00 3.00 1859 1786 368.33 350.65 12.12 -0.90 -0.06 0.21 -0.1855 0.2560

1.0560 12 3.00 3.00 3.00 1862 1789 364.22 347.36 12.12 -1.36 0.64 0.40 -0.1225 0.2065

1.0570 12 3.00 3.00 3.00 1864 1792 360.97 346.26 12.12 -1.05 0.55 0.49 -0.0865 0.1975

1.0580 12 3.00 3.00 3.00 1867 1794 361.62 347.59 12.13 0.17 -0.18 0.61 -0.1270 0.2110

1.0590 12 3.00 3.00 3.00 1870 1797 361.52 346.15 12.13 0.51 -0.30 0.64 -0.1450 0.2290

1.0600 12 3.00 3.00 3.00 1873 1800 360.72 348.35 12.12 1.21 0.49 0.37 -0.2035 0.3190

1.0610 12 3.00 3.00 3.00 1875 1802 358.94 342.60 12.13 0.81 1.47 0.03 -0.1675 0.3190

1.0620 12 3.00 3.00 3.00 1878 1805 360.97 349.67 12.12 1.09 0.67 -0.21 -0.1675 0.2920

1.0630 12 3.00 3.00 3.00 1881 1807 358.50 343.33 12.12 0.57 0.06 -0.06 -0.2035 0.3235

1.0640 12 3.00 3.00 3.00 1884 1810 359.31 342.54 12.13 1.02 -0.18 -0.15 -0.1540 0.3145

1.0650 12 3.00 3.00 3.00 1887 1813 362.80 343.34 12.11 0.23 -0.06 0.09 -0.1495 0.3010

1.0660 12 3.00 3.00 3.00 1889 1815 369.41 349.98 12.12 0.35 -0.55 0.03 -0.2170 0.3235

1.0670 12 3.00 3.00 3.00 1892 1818 365.54 346.62 12.13 -0.10 -0.40 0.06 -0.1180 0.3145

1.0680 12 3.00 3.00 3.00 1895 1821 362.84 344.52 12.12 -0.44 -0.76 -0.09 -0.1720 0.3190

1.0690 12 3.00 3.00 3.00 1898 1823 363.95 345.92 12.12 -0.75 -0.82 -0.06 -0.2125 0.3235

1.0700 12 3.00 3.00 3.00 1900 1826 360.61 343.02 12.12 -0.53 -0.49 -0.03 -0.1810 0.3190

1.0710 12 3.00 3.00 3.00 1903 1829 364.28 346.25 12.12 -0.93 -0.36 0.06 -0.1630 0.2875

1.0720 12 3.00 3.00 3.00 1906 1831 368.28 349.44 12.12 -0.81 -0.36 0.06 -0.2080 0.3280

1.0730 12 3.00 3.00 3.00 1909 1834 364.81 349.99 12.12 -1.17 0.46 0.40 -0.1810 0.3235

1.0740 12 3.00 3.00 3.00 1912 1837 360.63 346.37 12.12 -0.87 0.37 0.21 -0.1900 0.3055

1.0750 12 3.00 3.00 3.00 1914 1839 360.68 344.94 12.13 -0.59 0.03 0.49 -0.2035 0.3280

1.0760 12 3.00 3.00 3.00 1917 1842 360.62 346.49 12.12 -0.29 -0.09 0.49 -0.1225 0.3280

1.0770 12 3.00 3.00 3.00 1920 1845 361.13 345.34 12.11 0.63 -0.09 0.12 -0.1270 0.2785

1.0780 12 3.00 3.00 3.00 1923 1847 360.96 347.35 12.12 0.93 0.89 0.67 -0.1720 0.3145

1.0790 12 3.00 3.00 3.00 1925 1850 360.64 343.87 12.12 1.36 1.16 0.52 -0.1180 0.3100

1.0800 12 3.00 3.00 3.00 1928 1852 360.43 350.25 12.12 1.30 0.49 -0.00 -0.1450 0.2605

1.0810 12 3.00 3.00 3.00 1931 1855 356.10 343.36 12.12 0.93 -0.06 -0.12 -0.1720 0.3145

1.0820 100 6.00 6.00 6.00 1934 1858 359.89 341.21 12.12 1.18 -0.67 -0.31 -0.1315 0.3280

1.0830 100 6.00 6.00 6.00 1936 1860 366.08 339.01 12.11 0.54 -0.76 0.06 0.0575 0.3820

1.0840 100 6.00 6.00 6.00 1939 1863 367.70 349.99 12.08 0.51 -0.49 0.15 0.3365 0.4990

1.0850 100 6.00 6.00 6.00 1942 1866 364.36 352.42 12.00 -0.07 -0.06 0.06 0.3680 0.5440

1.0860 100 6.00 6.00 6.00 1945 1868 374.84 353.32 11.95 -0.50 -0.58 -0.15 0.4220 0.5035

1.0870 100 6.00 6.00 6.00 1948 1871 377.40 363.66 11.97 -0.65 -0.58 -0.12 0.5840 0.5710

1.0880 100 6.00 6.00 6.00 1951 1874 387.35 368.17 11.94 -0.78 -0.33 -0.15 0.4400 0.5260

1.0890 100 6.00 6.00 6.00 1954 1877 397.88 380.84 11.95 -1.69 0.06 -0.00 0.4220 0.5395

1.0900 100 6.00 6.00 6.00 1957 1880 400.32 393.47 11.95 -1.57 0.67 0.52 0.5345 0.6025

1.0910 100 6.00 6.00 6.00 1960 1883 402.17 398.28 11.92 -1.72 1.19 0.52 0.3590 0.4810

1.0920 100 6.00 6.00 6.00 1963 1886 406.39 400.01 11.95 -1.11 0.58 0.27 0.4580 0.5215

1.0930 100 6.00 6.00 6.00 1966 1889 411.41 404.16 11.94 0.81 0.73 0.55 0.3770 0.5035

1.0940 100 6.00 6.00 6.00 1970 1892 416.73 402.21 11.93 3.01 1.83 1.59 0.4175 0.4855

1.0950 100 6.00 6.00 6.00 1973 1896 419.25 409.93 11.95 1.27 1.34 1.68 0.6020 0.5440

1.0960 100 6.00 6.00 6.00 1976 1899 429.34 416.26 11.92 -0.32 -1.46 0.03 0.4130 0.4585

1.0970 100 6.00 6.00 6.00 1979 1902 429.55 425.48 11.94 -1.84 -1.80 -1.89 0.5210 0.4495

1.0980 100 6.00 6.00 6.00 1983 1905 439.02 425.69 11.93 -1.51 -0.67 -1.13 0.4445 0.4045

1.0990 100 6.00 6.00 6.00 1986 1909 449.58 435.32 11.93 -3.28 0.34 1.16 0.4445 0.3685

1.1000 100 6.00 6.00 6.00 1990 1912 445.69 449.38 11.94 -1.33 -0.79 0.91 0.4715 0.4630

1.1010 100 6.00 6.00 6.00 1993 1916 456.41 445.09 11.91 -0.53 -1.52 0.49 0.3005 0.4720

1.1020 100 6.00 6.00 6.00 1997 1919 456.98 453.85 11.95 0.69 -2.29 0.98 0.2780 0.5170

1.1030 100 6.00 6.00 6.00 2000 1923 467.65 454.05 11.94 2.67 -1.65 0.91 0.3050 0.4810

1.1040 100 6.00 6.00 6.00 2004 1926 473.61 467.33 11.95 3.22 0.40 0.91 0.3680 0.4990

1.1050 100 6.00 6.00 6.00 2008 1930 470.78 476.11 11.94 1.94 -0.43 0.03 0.2240 0.5035

1.1060 100 6.00 6.00 6.00 2011 1934 476.52 473.46 11.93 -0.68 -2.41 -1.56 0.3050 0.4720

1.1070 100 6.00 6.00 6.00 2015 1937 482.70 479.42 11.95 0.48 -2.01 -1.68 0.2375 0.4990

1.1080 100 6.00 6.00 6.00 2019 1941 486.66 483.54 11.94 1.18 1.80 -0.52 0.2195 0.4585

1.1090 100 6.00 6.00 6.00 2022 1945 490.24 491.34 11.96 0.32 4.15 0.82 0.1790 0.5170

1.1100 100 6.00 6.00 6.00 2026 1948 487.51 495.83 11.94 0.63 2.72 1.10 0.1970 0.4450

1.1110 100 6.00 6.00 6.00 2030 1952 495.62 493.86 11.96 0.17 0.76 0.27 0.1880 0.5080

1.1120 100 6.00 6.00 6.00 2034 1956 510.28 496.10 11.95 -1.63 -0.64 -0.15 0.2015 0.4270

1.1130 100 6.00 6.00 6.00 2038 1960 504.53 514.13 11.97 -2.36 -1.52 -0.52 0.2510 0.4990

1.1140 100 6.00 6.00 6.00 2042 1964 514.28 509.46 11.94 -2.36 -0.18 -0.34 0.1520 0.4270

1.1150 100 6.00 6.00 6.00 2046 1968 513.88 513.45 11.97 -1.02 1.74 0.15 0.1655 0.4450

1.1160 100 6.00 6.00 6.00 2050 1972 527.34 509.12 11.97 0.81 1.92 0.79 0.1115 0.4315

1.1170 100 6.00 6.00 6.00 2054 1976 524.86 522.77 11.99 -0.50 0.52 0.67 0.0980 0.4720

1.1180 100 6.00 6.00 6.00 2058 1980 523.52 524.83 11.97 -3.19 -1.16 -0.55 0.0845 0.4135

1.1190 100 6.00 6.00 6.00 2062 1984 527.66 524.55 12.00 -4.22 -1.71 -0.49 0.0935 0.4540

1.1200 100 6.00 6.00 6.00 2066 1988 528.28 523.44 11.98 -1.14 -0.52 0.46 0.0980 0.4135

1.1210 100 6.00 6.00 6.00 2070 1992 528.53 527.42 12.00 2.95 1.31 1.25 0.1070 0.4675

1.1220 100 6.00 6.00 6.00 2074 1996 531.39 529.66 11.99 4.14 1.34 0.43 0.0755 0.4090

1.1230 100 6.00 6.00 6.00 2078 2000 538.28 529.09 12.00 1.88 -0.21 -0.79 0.0890 0.4360

1.1240 100 6.00 6.00 6.00 2082 2004 552.26 530.04 11.99 -3.77 0.58 0.67 0.0845 0.4000

1.1250 100 6.00 6.00 6.00 2086 2008 544.39 547.00 12.01 -3.55 -0.76 0.64 0.0755 0.4450

1.1260 100 6.00 6.00 6.00 2091 2012 552.82 540.57 11.99 1.36 -3.36 0.55 0.0395 0.4045

1.1270 100 6.00 6.00 6.00 2095 2016 554.27 545.19 12.01 4.60 -2.29 1.86 0.0125 0.4045

1.1280 100 6.00 6.00 6.00 2099 2021 563.95 546.96 12.02 5.82 0.61 2.29 0.0305 0.4045

1.1290 100 6.00 6.00 6.00 2103 2025 558.78 558.96 12.02 0.99 2.75 1.98 0.0350 0.4450

1.1300 100 6.00 6.00 6.00 2108 2029 558.27 557.50 12.00 -1.81 1.31 1.01 0.0665 0.3865

1.1310 100 6.00 6.00 6.00 2112 2034 563.99 558.22 12.03 -0.87 -2.07 -0.64 0.0350 0.3955

1.1320 100 6.00 6.00 6.00 2116 2038 565.40 561.10 12.02 0.02 -4.09 -1.62 0.0485 0.3775

1.1330 100 6.00 6.00 6.00 2121 2042 569.38 562.39 12.03 -0.14 -2.50 -1.37 -0.0100 0.3775

1.1340 100 6.00 6.00 6.00 2125 2046 569.18 568.24 12.03 -0.14 1.41 -0.58 0.0350 0.3730

1.1350 100 6.00 6.00 6.00 2130 2051 581.97 561.93 12.04 -0.59 3.21 -0.18 0.0305 0.3505

1.1360 100 6.00 6.00 6.00 2134 2055 575.49 574.19 12.03 -0.26 1.28 -0.28 0.0665 0.3595

1.1370 100 6.00 6.00 6.00 2138 2060 583.84 573.25 12.03 -0.81 -0.98 -0.03 0.0125 0.3460

1.1380 100 6.00 6.00 6.00 2143 2064 581.23 577.24 12.04 -1.75 -0.85 -0.03 0.0305 0.3190

1.1390 100 6.00 6.00 6.00 2147 2068 591.48 575.88 12.04 -1.08 1.19 0.49 0.0800 0.2650

1.1400 100 6.00 6.00 6.00 2152 2073 583.22 589.15 12.05 0.38 1.65 1.40 0.0665 0.2830

1.1410 100 6.00 6.00 6.00 2156 2077 584.28 585.90 12.04 0.72 -0.15 1.34 0.0260 0.2515

1.1420 100 6.00 6.00 6.00 2161 2082 588.49 586.93 12.07 0.51 -1.25 0.61 -0.0460 0.3370

1.1430 100 6.00 6.00 6.00 2165 2086 585.28 587.64 12.06 -0.87 -0.36 0.34 -0.0460 0.3595

1.1440 100 6.00 6.00 6.00 2170 2091 587.56 589.79 12.06 -0.81 0.00 0.12 -0.0685 0.3730

1.1450 100 6.00 6.00 6.00 2174 2095 592.61 590.56 12.06 0.84 -0.91 0.06 -0.0685 0.3550

1.1460 100 6.00 6.00 6.00 2179 2100 605.26 587.04 12.06 2.12 -1.55 0.15 -0.0640 0.3505

1.1470 100 6.00 6.00 6.00 2184 2104 599.41 603.03 12.06 1.42 0.06 0.03 -0.0505 0.3820

1.1480 100 6.00 6.00 6.00 2188 2109 599.13 594.62 12.05 0.69 2.29 -0.12 -0.0910 0.3235

1.1490 100 6.00 6.00 6.00 2193 2114 608.44 595.78 12.07 -0.01 2.60 0.09 -0.1000 0.3415

1.1500 100 6.00 6.00 6.00 2197 2118 609.66 602.62 12.07 -0.04 0.70 -0.15 -0.0415 0.3505

1.1510 100 6.00 6.00 6.00 2202 2123 601.68 607.54 12.07 -0.99 -0.58 -0.03 -0.0730 0.3460

1.1520 100 6.00 6.00 6.00 2207 2127 607.30 598.11 12.06 -0.78 -0.36 0.43 -0.0595 0.3325

1.1530 100 6.00 6.00 6.00 2211 2132 608.81 601.90 12.08 -2.85 0.03 0.52 -0.0775 0.3325

1.1540 100 6.00 6.00 6.00 2216 2137 612.12 605.25 12.09 -2.48 -2.13 -0.49 -0.0460 0.3640

1.1550 100 6.00 6.00 6.00 2221 2141 610.91 607.23 12.07 -1.66 -2.78 -0.76 -0.0415 0.3235

1.1560 100 6.00 6.00 6.00 2225 2146 624.37 598.84 12.08 1.12 -0.49 0.21 -0.1000 0.3415

1.1570 100 6.00 6.00 6.00 2230 2150 619.74 604.73 12.08 2.58 2.47 0.34 -0.0820 0.3325

1.1580 100 6.00 6.00 6.00 2235 2155 622.69 610.80 12.07 1.18 3.63 0.43 -0.1315 0.3370

1.1590 100 6.00 6.00 6.00 2240 2160 624.33 608.16 12.08 -0.99 2.08 0.09 -0.0820 0.3415

1.1600 100 6.00 6.00 6.00 2245 2164 630.62 602.90 12.08 -1.17 -0.49 0.67 -0.0595 0.3370

1.1610 100 6.00 6.00 6.00 2249 2169 619.94 615.44 12.08 -0.01 -3.05 0.67 -0.0280 0.3775

1.1620 100 6.00 6.00 6.00 2254 2174 623.51 611.50 12.07 -0.14 -3.78 -0.18 -0.0190 0.3325

1.1630 100 6.00 6.00 6.00 2259 2178 625.20 613.77 12.08 -2.00 -1.43 -0.52 -0.0865 0.3460

1.1640 100 6.00 6.00 6.00 2264 2183 626.38 613.60 12.08 -0.99 1.74 0.82 -0.1000 0.3370

1.1650 100 6.00 6.00 6.00 2268 2188 623.03 614.13 12.08 1.21 2.69 1.59 -0.0325 0.3550

1.1660 100 6.00 6.00 6.00 2273 2192 635.30 609.26 12.08 4.08 0.61 0.03 -0.0730 0.3820

1.1670 100 6.00 6.00 6.00 2278 2197 632.71 610.42 12.08 3.31 -0.55 0.21 -0.0505 0.3325

1.1680 100 6.00 6.00 6.00 2283 2202 636.07 622.91 12.07 -1.26 -0.33 0.21 -0.0910 0.3460

1.1690 100 6.00 6.00 6.00 2288 2207 637.57 619.58 12.07 -3.16 -0.82 -0.86 -0.0685 0.3370

1.1700 100 6.00 6.00 6.00 2293 2211 643.15 616.77 12.08 0.05 -1.98 -0.55 -0.0415 0.3415

1.1710 100 6.00 6.00 6.00 2298 2216 633.81 627.64 12.08 2.79 -1.62 0.52 -0.0910 0.3640

1.1720 100 6.00 6.00 6.00 2302 2221 637.06 626.87 12.08 0.41 0.73 1.10 -0.0550 0.3370

1.1730 100 6.00 6.00 6.00 2307 2226 638.90 624.56 12.08 -1.63 2.47 0.55 -0.0820 0.3640

1.1740 100 6.00 6.00 6.00 2312 2231 641.74 626.32 12.08 -2.33 2.29 0.12 -0.0730 0.3325

1.1750 100 6.00 6.00 6.00 2317 2235 637.18 625.60 12.08 -1.63 -0.40 -0.03 -0.0595 0.3415

1.1760 100 6.00 6.00 6.00 2322 2240 654.57 623.05 12.08 1.12 -4.06 -0.28 -0.0370 0.3550

1.1770 100 6.00 6.00 6.00 2327 2245 645.40 621.76 12.08 1.30 -2.10 0.21 0.0035 0.3235

1.1780 100 6.00 6.00 6.00 2332 2250 645.13 635.10 12.08 0.20 2.53 0.37 -0.0145 0.3325

1.1790 100 6.00 6.00 6.00 2337 2255 652.31 630.38 12.07 -0.53 4.12 0.21 0.0035 0.2830

1.1800 100 6.00 6.00 6.00 2342 2259 650.68 627.45 12.08 0.96 1.50 0.76 0.0620 0.2650

1.1810 100 6.00 6.00 6.00 2347 2264 643.28 639.81 12.07 1.51 -0.70 0.98 0.0620 0.2515

1.1820 100 6.00 6.00 6.00 2352 2269 648.04 636.82 12.07 -0.23 -1.37 0.67 0.0530 0.2290

1.1830 100 6.00 6.00 6.00 2357 2274 646.99 635.33 12.08 -0.93 -1.34 0.06 0.0665 0.3100

1.1840 100 6.00 6.00 6.00 2362 2279 646.54 635.95 12.07 -1.51 -0.49 0.06 -0.0640 0.3550

1.1850 100 6.00 6.00 6.00 2367 2284 652.94 635.98 12.08 -0.99 -0.46 -0.15 0.0215 0.3505

1.1860 100 6.00 6.00 6.00 2372 2288 661.80 630.26 12.07 1.88 -1.95 -0.58 0.0125 0.3730

1.1870 100 6.00 6.00 6.00 2377 2293 657.61 630.34 12.06 2.12 -0.76 0.06 -0.0505 0.3550

1.1880 100 6.00 6.00 6.00 2382 2298 653.42 642.87 12.08 0.90 1.28 0.06 -0.0505 0.3820

1.1890 100 6.00 6.00 6.00 2387 2303 666.36 638.50 12.08 0.05 2.17 -0.18 -0.0775 0.3775

1.1900 100 6.00 6.00 6.00 2392 2308 655.63 636.26 12.08 0.08 0.43 0.06 -0.0685 0.3415

1.1910 100 6.00 6.00 6.00 2397 2313 653.51 648.00 12.08 -0.04 -1.22 -0.03 -0.0145 0.3955

1.1920 100 6.00 6.00 6.00 2402 2318 658.60 642.92 12.06 -1.33 -0.27 0.30 -0.0280 0.3505

1.1930 100 6.00 6.00 6.00 2407 2323 658.13 643.54 12.08 -1.78 0.06 0.15 -0.0460 0.3730

1.1940 100 6.00 6.00 6.00 2412 2328 653.01 645.64 12.07 -1.20 -0.36 -0.06 0.0215 0.3820

1.1950 100 6.00 6.00 6.00 2417 2333 667.28 645.01 12.05 -0.87 -0.30 0.24 -0.0325 0.3505

1.1960 100 6.00 6.00 6.00 2422 2337 662.69 637.61 12.07 0.87 -1.01 -0.00 -0.0190 0.3640

1.1970 100 6.00 6.00 6.00 2427 2342 664.92 642.08 12.07 1.27 -0.30 0.34 -0.0505 0.3370

1.1980 100 6.00 6.00 6.00 2432 2347 667.57 649.05 12.08 0.23 0.28 0.34 -0.0640 0.3595

1.1990 100 6.00 6.00 6.00 2437 2352 671.48 648.52 12.08 -0.62 0.34 -0.24 -0.0370 0.3595

1.2000 100 6.00 6.00 6.00 2442 2357 660.89 645.98 12.07 -0.53 0.89 0.30 -0.0775 0.3505

1.2010 100 6.00 6.00 6.00 2448 2362 663.65 655.64 12.07 -0.53 0.79 0.64 -0.0460 0.3820

1.2020 100 6.00 6.00 6.00 2453 2367 664.04 649.43 12.07 -0.32 -0.49 0.55 0.0035 0.3730

1.2030 100 6.00 6.00 6.00 2458 2372 662.97 650.07 12.06 -0.50 -0.88 0.03 -0.0640 0.3460

1.2040 100 6.00 6.00 6.00 2463 2377 669.07 652.68 12.08 -0.35 -0.36 -0.49 -0.0190 0.3640

1.2050 100 6.00 6.00 6.00 2468 2382 679.75 653.80 12.05 -0.17 -0.24 -0.18 -0.0100 0.3595

1.2060 100 6.00 6.00 6.00 2473 2387 674.89 643.50 12.06 0.20 -0.36 -0.06 -0.0820 0.3550

1.2070 100 6.00 6.00 6.00 2478 2392 670.97 657.17 12.05 0.90 -0.27 0.34 -0.0505 0.3865

1.2080 100 6.00 6.00 6.00 2484 2397 683.74 649.19 12.05 0.38 0.55 0.21 -0.0685 0.3550

1.2090 100 6.00 6.00 6.00 2489 2402 671.33 649.42 12.07 0.14 0.98 -0.03 -0.1045 0.3730

1.2100 100 6.00 6.00 6.00 2494 2407 671.86 658.26 12.05 0.02 1.53 0.55 -0.0685 0.3640

1.2110 100 6.00 6.00 6.00 2499 2412 675.34 658.30 12.05 -1.05 1.10 0.52 -0.0910 0.3505

1.2120 100 6.00 6.00 6.00 2504 2417 675.61 644.58 12.06 0.23 0.28 0.37 -0.0955 0.3595

1.2130 100 6.00 6.00 6.00 2509 2422 668.53 646.14 12.06 -0.71 0.64 0.67 -0.1180 0.3325

1.2140 100 6.00 6.00 6.00 2514 2427 685.03 647.34 12.08 0.26 -1.89 -0.34 -0.1315 0.3415

1.2150 100 6.00 6.00 6.00 2520 2432 675.63 645.16 12.07 0.44 -2.96 -1.62 -0.1000 0.3550

1.2160 100 6.00 6.00 6.00 2525 2437 672.91 641.82 12.07 1.24 -1.59 -0.73 -0.1315 0.3280

1.2170 100 6.00 6.00 6.00 2530 2442 685.37 657.10 12.07 -1.20 0.52 0.58 -0.1225 0.3550

1.2180 100 6.00 6.00 6.00 2535 2447 678.75 651.17 12.07 -1.87 0.43 0.37 -0.0955 0.3370

1.2190 100 6.00 6.00 6.00 2540 2452 673.13 647.88 12.07 0.14 0.34 0.91 -0.0685 0.3010

1.2200 100 6.00 6.00 6.00 2545 2457 677.03 660.07 12.07 -1.05 0.95 3.05 -0.0685 0.3415

1.2210 100 6.00 6.00 6.00 2551 2462 677.57 653.23 12.06 -0.96 -1.22 1.98 -0.0280 0.2695

1.2220 100 6.00 6.00 6.00 2556 2467 673.76 652.92 12.08 0.60 -2.23 -0.82 0.0260 0.2380

1.2230 100 6.00 6.00 6.00 2561 2472 687.96 655.56 12.06 2.61 -0.85 -0.55 -0.0280 0.2290

1.2240 100 6.00 6.00 6.00 2566 2477 684.49 654.87 12.07 3.19 -0.61 -0.03 -0.0730 0.2650

1.2250 100 6.00 6.00 6.00 2572 2482 684.50 645.81 12.08 3.04 -1.77 -0.73 -0.1405 0.3460

1.2260 100 6.00 6.00 6.00 2577 2487 691.16 655.39 12.08 2.43 -0.64 -0.46 -0.1495 0.3235

1.2270 100 6.00 6.00 6.00 2582 2492 690.55 653.40 12.08 0.11 2.75 -0.00 -0.1360 0.3280

1.2280 100 6.00 6.00 6.00 2587 2497 680.49 656.59 12.08 -1.20 3.72 0.43 -0.1675 0.3370

1.2290 100 6.00 6.00 6.00 2592 2502 683.99 658.35 12.08 -1.63 2.17 0.64 -0.1630 0.3190

1.2300 100 6.00 6.00 6.00 2598 2507 682.09 663.72 12.08 0.05 -0.18 0.82 -0.1495 0.3325

1.2310 100 6.00 6.00 6.00 2603 2512 679.83 658.71 12.08 -1.72 -0.85 0.88 -0.1810 0.3325

1.2320 100 6.00 6.00 6.00 2608 2517 689.13 658.02 12.09 -1.94 -1.25 -0.58 -0.1630 0.2965

1.2330 100 6.00 6.00 6.00 2614 2522 692.95 659.23 12.09 -2.18 -0.15 -0.86 -0.1585 0.3460

1.2340 100 6.00 6.00 6.00 2619 2527 689.93 660.80 12.09 -0.90 0.46 -0.03 -0.1990 0.3370

1.2350 100 6.00 6.00 6.00 2624 2532 691.26 652.36 12.09 -0.50 -0.09 0.58 -0.1675 0.3325

1.2360 100 6.00 6.00 6.00 2629 2537 696.42 668.23 12.09 -0.04 -0.24 0.95 -0.1315 0.3415

1.2370 100 6.00 6.00 6.00 2635 2542 684.86 659.77 12.08 -0.17 0.86 0.95 -0.1990 0.3055

1.2380 100 6.00 6.00 6.00 2640 2547 688.03 658.85 12.09 -0.50 2.41 0.73 -0.1540 0.3055

1.2390 100 6.00 6.00 6.00 2645 2552 687.19 669.56 12.08 -0.04 2.47 1.01 -0.1630 0.3055

1.2400 100 6.00 6.00 6.00 2650 2557 686.55 666.98 12.08 0.72 0.86 1.16 -0.2395 0.3055

1.2410 100 6.00 6.00 6.00 2656 2562 692.48 664.61 12.10 0.96 -0.49 0.79 -0.1945 0.3145

1.2420 100 6.00 6.00 6.00 2661 2567 698.39 664.36 12.09 1.09 -1.07 0.64 -0.1630 0.3145

1.2430 100 6.00 6.00 6.00 2666 2572 696.77 664.28 12.09 1.24 -1.71 0.70 -0.2530 0.3010

1.2440 100 6.00 6.00 6.00 2672 2578 694.63 658.24 12.10 0.99 -2.13 0.34 -0.1945 0.3325

1.2450 100 6.00 6.00 6.00 2677 2583 701.20 665.41 12.09 0.78 -1.22 -0.03 -0.1900 0.3145

1.2460 100 6.00 6.00 6.00 2682 2588 689.33 664.17 12.10 0.08 0.28 0.12 -0.2260 0.3145

1.2470 100 6.00 6.00 6.00 2688 2593 691.55 666.61 12.10 -0.10 0.83 -0.58 -0.1990 0.3370

1.2480 100 6.00 6.00 6.00 2693 2598 691.56 668.30 12.09 -1.14 1.25 -1.16 -0.2035 0.3145

1.2490 100 6.00 6.00 6.00 2698 2603 689.52 674.08 12.10 -1.48 1.41 -0.86 -0.2305 0.3055

1.2500 100 6.00 6.00 6.00 2703 2608 694.11 667.36 12.10 -1.05 0.58 -0.58 -0.2080 0.3055

1.2510 100 6.00 6.00 6.00 2709 2613 701.60 666.13 12.10 -0.17 -0.61 -0.76 -0.1855 0.2965

1.2520 100 6.00 6.00 6.00 2714 2618 698.98 666.83 12.10 -0.10 -1.62 -0.06 -0.2485 0.3010

1.2530 100 6.00 6.00 6.00 2719 2623 694.96 668.42 12.10 -0.93 -2.62 0.37 -0.2035 0.3010

1.2540 100 6.00 6.00 6.00 2725 2628 703.23 657.55 12.10 -0.14 -2.81 0.46 -0.1585 0.2830

1.2550 100 6.00 6.00 6.00 2730 2634 689.95 672.03 12.10 0.32 -0.85 1.40 -0.2125 0.3370

1.2560 100 6.00 6.00 6.00 2735 2639 692.53 665.90 12.09 0.63 0.92 1.37 -0.1720 0.2965

1.2570 100 6.00 6.00 6.00 2741 2644 692.25 661.45 12.10 0.48 1.41 0.61 -0.1630 0.3055

1.2580 100 6.00 6.00 6.00 2746 2649 689.59 672.55 12.09 0.26 1.83 0.40 -0.1855 0.3235

1.2590 100 6.00 6.00 6.00 2751 2654 693.64 666.14 12.09 0.84 1.37 0.43 -0.1450 0.2650

1.2600 100 6.00 6.00 6.00 2757 2659 702.50 665.53 12.08 1.79 -0.43 -0.34 -0.1270 0.2830

1.2610 100 6.00 6.00 6.00 2762 2664 700.49 667.07 12.10 2.06 -2.50 -0.15 -0.1720 0.2695

1.2620 100 6.00 6.00 6.00 2767 2669 695.91 664.14 12.12 0.41 -2.71 0.70 -0.0865 0.2335

1.2630 100 6.00 6.00 6.00 2773 2674 705.45 655.27 12.10 -1.54 -1.19 0.76 -0.0370 0.2110

1.2640 100 6.00 6.00 6.00 2778 2679 691.65 662.39 12.10 -2.27 -0.36 0.30 -0.0820 0.1795

1.2650 100 6.00 6.00 6.00 2783 2684 694.13 661.52 12.11 -2.27 -0.73 -0.12 -0.1000 0.2110

1.2660 100 6.00 6.00 6.00 2789 2689 693.15 660.60 12.10 -1.02 -0.30 -0.40 -0.1225 0.2695

1.2670 100 6.00 6.00 6.00 2794 2694 691.53 662.38 12.10 1.24 2.29 -0.40 -0.1720 0.3010

1.2680 100 6.00 6.00 6.00 2799 2700 696.28 668.65 12.10 0.32 4.64 0.03 -0.1540 0.3190

1.2690 100 6.00 6.00 6.00 2805 2705 705.23 661.19 12.09 -0.14 3.02 -0.37 -0.1135 0.3595

1.2700 100 6.00 6.00 6.00 2810 2710 702.19 659.51 12.09 0.69 -1.13 -0.34 -0.1900 0.3190

1.2710 100 6.00 6.00 6.00 2815 2715 698.00 660.42 12.10 -1.23 -4.09 0.18 -0.1180 0.3280

1.2720 100 6.00 6.00 6.00 2821 2720 706.98 658.19 12.09 -0.87 -4.79 0.12 -0.0865 0.3415

1.2730 100 6.00 6.00 6.00 2826 2725 695.93 654.83 12.09 -0.17 -2.32 1.22 -0.1630 0.2920

1.2740 100 6.00 6.00 6.00 2831 2730 697.20 666.49 12.10 -0.20 1.47 1.65 -0.0955 0.3460

1.2750 100 6.00 6.00 6.00 2837 2735 697.70 661.90 12.08 0.69 2.93 0.76 -0.0685 0.3100

1.2760 100 6.00 6.00 6.00 2842 2740 697.03 657.80 12.09 1.09 2.87 -0.79 -0.1405 0.3190

1.2770 100 6.00 6.00 6.00 2847 2745 700.50 669.98 12.09 0.48 2.81 -0.43 -0.0820 0.3550

1.2780 100 6.00 6.00 6.00 2853 2750 710.21 663.88 12.08 -0.53 1.50 0.03 -0.0550 0.3370

1.2790 100 6.00 6.00 6.00 2858 2755 706.96 663.64 12.09 0.44 -1.19 -0.55 -0.1405 0.3325

1.2800 100 6.00 6.00 6.00 2864 2760 704.85 666.56 12.09 -0.81 -1.43 0.55 -0.0460 0.3460

1.2810 100 6.00 6.00 6.00 2869 2765 712.56 665.64 12.08 -0.68 -1.19 1.25 0.0215 0.3055

1.2820 100 6.00 6.00 6.00 2874 2770 699.84 658.26 12.09 0.54 -1.52 1.28 -0.1315 0.3550

1.2830 100 6.00 6.00 6.00 2880 2775 702.85 666.87 12.09 0.02 -0.52 1.34 -0.0730 0.3505

1.2840 100 6.00 6.00 6.00 2885 2781 702.51 665.95 12.09 -0.65 0.61 0.49 -0.0595 0.3145

1.2850 100 6.00 6.00 6.00 2890 2786 701.54 665.00 12.08 -0.41 1.31 -0.58 -0.1270 0.3505

1.2860 100 6.00 6.00 6.00 2896 2791 707.64 671.53 12.09 -0.04 2.56 -0.61 -0.0910 0.3235

1.2870 100 6.00 6.00 6.00 2901 2796 713.85 673.72 12.09 -0.07 2.75 -0.00 -0.0370 0.3415

1.2880 100 6.00 6.00 6.00 2907 2801 710.41 667.61 12.08 1.30 0.25 -0.43 -0.1315 0.3640

1.2890 100 6.00 6.00 6.00 2912 2806 711.45 667.35 12.08 0.57 -2.23 -0.09 -0.1045 0.3325

1.2900 100 6.00 6.00 6.00 2918 2811 715.02 667.63 12.09 -1.29 -2.84 0.85 -0.1000 0.3505

1.2910 100 6.00 6.00 6.00 2923 2816 703.32 664.53 12.09 -0.53 -2.59 0.73 -0.1315 0.3685

1.2920 100 6.00 6.00 6.00 2928 2821 704.75 661.64 12.09 0.69 -1.19 0.73 -0.1090 0.3325

1.2930 100 6.00 6.00 6.00 2934 2826 703.10 674.28 12.09 -0.23 0.09 0.61 -0.1045 0.3595

1.2940 100 6.00 6.00 6.00 2939 2832 697.55 669.92 12.08 0.72 0.22 -0.58 -0.1135 0.3595

1.2950 100 6.00 6.00 6.00 2945 2837 709.10 667.66 12.08 1.15 1.74 -0.73 -0.1180 0.3505

1.2960 100 6.00 6.00 6.00 2950 2842 706.70 678.10 12.09 1.94 2.66 -0.12 -0.1045 0.3595

1.2970 100 6.00 6.00 6.00 2955 2847 707.59 670.51 12.08 1.88 1.07 0.03 -0.1135 0.3370

1.2980 100 6.00 6.00 6.00 2961 2852 709.27 671.07 12.09 -0.26 -2.20 -0.18 -0.1045 0.3370

1.2990 100 6.00 6.00 6.00 2966 2857 709.77 672.39 12.09 -2.88 -3.48 0.55 -0.0910 0.3505

1.3000 100 6.00 6.00 6.00 2972 2862 699.70 673.23 12.08 -1.75 -3.54 0.95 -0.0685 0.3325

1.3010 100 6.00 6.00 6.00 2977 2867 702.67 661.87 12.09 -0.44 -3.02 0.55 -0.1000 0.3280

1.3020 100 6.00 6.00 6.00 2982 2873 702.42 675.09 12.08 0.41 -0.91 0.46 -0.0235 0.3640

1.3030 100 6.00 6.00 6.00 2988 2878 698.69 668.60 12.07 1.30 3.05 -0.31 -0.0325 0.3010

1.3040 100 6.00 6.00 6.00 2993 2883 711.54 666.35 12.07 0.11 5.43 -0.67 -0.0190 0.2650

1.3050 100 6.00 6.00 6.00 2999 2888 707.36 677.46 12.08 -0.90 4.46 -0.67 -0.0010 0.2425

1.3060 100 6.00 6.00 6.00 3004 2893 709.27 674.88 12.07 -0.01 0.46 -0.09 -0.1495 0.2335

1.3070 100 6.00 6.00 6.00 3009 2898 712.45 671.21 12.10 0.26 -3.66 0.21 -0.1810 0.3145

1.3080 100 6.00 6.00 6.00 3015 2903 709.84 672.22 12.08 -1.29 -4.18 1.10 -0.1090 0.3685

1.3090 100 6.00 6.00 6.00 3020 2908 701.76 671.62 12.08 -1.54 -2.04 1.40 -0.0955 0.3325

1.3100 100 6.00 6.00 6.00 3025 2914 704.49 664.94 12.07 -0.65 -0.18 0.76 -0.1360 0.3595

1.3110 100 6.00 6.00 6.00 3031 2919 705.77 671.46 12.07 0.51 0.76 0.55 -0.1225 0.3505

1.3120 100 6.00 6.00 6.00 3036 2924 700.60 669.65 12.08 1.70 1.53 -0.12 -0.0865 0.3280

1.3130 100 6.00 6.00 6.00 3042 2929 716.27 672.10 12.07 1.63 2.14 -0.61 -0.1405 0.3415

1.3140 100 6.00 6.00 6.00 3047 2934 709.47 673.44 12.07 0.14 3.54 -0.82 -0.1225 0.3370

1.3150 100 6.00 6.00 6.00 3053 2939 709.26 677.26 12.08 -0.14 2.78 -0.76 -0.1495 0.3460

1.3160 100 6.00 6.00 6.00 3058 2944 719.52 666.32 12.08 0.35 -0.49 0.09 -0.1765 0.3460

1.3170 100 6.00 6.00 6.00 3063 2950 712.70 667.81 12.08 -1.20 -3.39 0.58 -0.1585 0.3325

1.3180 100 6.00 6.00 6.00 3069 2955 706.34 666.60 12.08 -2.27 -4.30 0.52 -0.1630 0.3460

1.3190 100 6.00 6.00 6.00 3074 2960 709.53 657.73 12.08 -1.17 -1.92 0.64 -0.1855 0.3370

1.3200 100 6.00 6.00 6.00 3080 2965 709.74 654.50 12.08 -1.33 1.59 0.70 -0.1630 0.3190

1.3210 100 6.00 6.00 6.00 3085 2970 704.19 669.79 12.08 -1.42 1.50 -0.98 -0.1900 0.3415

1.3220 100 6.00 6.00 6.00 3091 2975 720.10 663.72 12.08 -0.84 1.16 -1.50 -0.1810 0.3100

1.3230 100 6.00 6.00 6.00 3096 2980 711.10 660.12 12.08 2.03 1.07 -0.76 -0.1495 0.3055

1.3240 100 6.00 6.00 6.00 3101 2985 706.45 673.51 12.09 1.82 2.17 0.91 -0.1675 0.3820

1.3250 100 6.00 6.00 6.00 3107 2990 718.40 664.36 12.08 0.23 0.64 0.40 -0.2125 0.3145

1.3260 100 6.00 6.00 6.00 3112 2995 708.88 665.81 12.09 -0.50 -1.52 0.61 -0.2080 0.3280

1.3270 100 6.00 6.00 6.00 3118 3000 705.13 666.92 12.09 -1.36 -2.59 2.53 -0.1765 0.3505

1.3280 100 6.00 6.00 6.00 3123 3005 706.29 665.14 12.09 0.29 -4.36 2.29 -0.1900 0.3055

1.3290 100 6.00 6.00 6.00 3128 3010 707.93 657.30 12.09 1.94 -3.51 1.07 -0.1810 0.3280

1.3300 100 6.00 6.00 6.00 3134 3015 701.73 666.83 12.08 2.12 0.70 0.88 -0.1270 0.3370

1.3310 100 6.00 6.00 6.00 3139 3021 719.04 665.53 12.08 2.58 3.63 0.61 -0.1765 0.3190

1.3320 100 6.00 6.00 6.00 3145 3026 711.63 667.00 12.08 2.15 3.42 -0.06 -0.1990 0.3235

1.3330 100 6.00 6.00 6.00 3150 3031 706.53 673.36 12.09 1.85 1.89 -1.16 -0.1540 0.3190

1.3340 100 6.00 6.00 6.00 3156 3036 720.05 676.60 12.08 -1.72 0.28 -0.15 -0.2080 0.3235

1.3350 100 6.00 6.00 6.00 3161 3041 705.59 671.99 12.09 -4.10 -3.66 -0.37 -0.2080 0.3235

1.3360 100 6.00 6.00 6.00 3166 3046 706.79 671.39 12.09 -4.47 -5.19 -1.04 -0.1630 0.3055

1.3370 100 6.00 6.00 6.00 3172 3051 708.69 670.92 12.10 -1.91 -2.32 -0.49 -0.1855 0.3190

1.3380 100 6.00 6.00 6.00 3177 3056 710.14 668.02 12.09 -0.50 2.29 0.34 -0.2125 0.3190

1.3390 100 6.00 6.00 6.00 3183 3062 708.73 667.69 12.10 1.27 3.42 0.64 -0.1855 0.2875

1.3400 100 6.00 6.00 6.00 3188 3067 721.36 673.53 12.10 2.15 3.11 0.46 -0.2035 0.3100

1.3410 100 6.00 6.00 6.00 3194 3072 715.75 674.19 12.09 1.67 2.90 -0.52 -0.2305 0.2875

1.3420 100 6.00 6.00 6.00 3199 3077 711.50 669.44 12.10 -0.44 1.77 -0.18 -0.2035 0.2740

1.3430 100 6.00 6.00 6.00 3205 3082 721.01 680.19 12.10 -1.48 -1.22 0.49 -0.2035 0.2875

1.3440 100 6.00 6.00 6.00 3210 3087 707.81 672.79 12.09 -0.99 -2.65 0.88 -0.2080 0.2605

1.3450 100 6.00 6.00 6.00 3215 3093 709.21 672.50 12.11 1.39 -2.26 1.22 -0.1315 0.2335

1.3460 100 6.00 6.00 6.00 3221 3098 709.75 673.57 12.10 1.57 0.00 1.83 -0.1225 0.1975

1.3470 100 6.00 6.00 6.00 3226 3103 707.03 673.89 12.09 -0.65 1.68 0.85 -0.1720 0.1930

1.3480 100 6.00 6.00 6.00 3232 3108 712.22 665.30 12.11 -1.23 1.56 -0.55 -0.1765 0.2425

1.3490 100 6.00 6.00 6.00 3237 3113 718.76 679.99 12.10 -0.20 -0.06 -0.55 -0.1765 0.3370

1.3500 100 6.00 6.00 6.00 3243 3118 715.25 672.27 12.09 0.57 -2.17 -0.43 -0.2575 0.2965

1.3510 100 6.00 6.00 6.00 3248 3123 715.86 669.17 12.11 -0.01 -1.65 -0.49 -0.2080 0.3145

1.3520 100 6.00 6.00 6.00 3254 3129 719.98 680.53 12.09 -0.26 1.56 0.43 -0.1945 0.3190

1.3530 100 6.00 6.00 6.00 3259 3134 709.44 676.93 12.09 -0.84 4.30 0.70 -0.2620 0.2920

1.3540 100 6.00 6.00 6.00 3264 3139 711.58 674.76 12.10 -1.51 1.99 0.67 -0.1990 0.3055

1.3550 100 6.00 6.00 6.00 3270 3144 711.37 676.69 12.10 -1.39 -2.07 0.88 -0.2080 0.2920

1.3560 100 6.00 6.00 6.00 3275 3149 707.49 672.58 12.10 -1.02 -3.72 0.85 -0.2620 0.2875

1.3570 100 6.00 6.00 6.00 3281 3154 720.24 659.61 12.11 1.76 -2.32 0.49 -0.2260 0.3100

1.3580 100 6.00 6.00 6.00 3286 3159 715.97 668.91 12.10 1.27 0.52 0.61 -0.1855 0.2920

1.3590 100 6.00 6.00 6.00 3292 3164 715.57 667.80 12.10 1.33 0.25 -0.55 -0.2170 0.2965

1.3600 100 6.00 6.00 6.00 3297 3169 721.07 668.42 12.10 0.17 -0.52 -1.01 -0.2305 0.3100

1.3610 100 6.00 6.00 6.00 3303 3175 717.94 672.94 12.10 1.27 -0.61 -0.09 -0.2350 0.2830

1.3620 100 6.00 6.00 6.00 3308 3180 708.15 674.80 12.11 -1.17 1.04 0.37 -0.2170 0.3055

1.3630 100 6.00 6.00 6.00 3314 3185 711.46 668.30 12.10 -1.36 0.70 -0.18 -0.2125 0.3100

1.3640 100 6.00 6.00 6.00 3319 3190 712.13 670.28 12.09 -0.23 -0.12 -0.15 -0.1855 0.2695

1.3650 100 6.00 6.00 6.00 3324 3195 704.24 668.53 12.10 -0.75 -1.40 -0.15 -0.1360 0.2650

1.3660 100 6.00 6.00 6.00 3330 3200 719.25 666.61 12.09 -0.47 -3.36 -0.58 -0.2125 0.3145

1.3670 100 6.00 6.00 6.00 3335 3205 712.51 663.47 12.10 1.73 -2.81 -0.28 -0.1720 0.2920

1.3680 100 6.00 6.00 6.00 3341 3210 711.45 676.19 12.10 3.04 0.22 -0.12 -0.1495 0.3190

1.3690 100 6.00 6.00 6.00 3346 3216 722.28 671.51 12.10 2.31 2.47 0.18 -0.2305 0.3325

1.3700 100 6.00 6.00 6.00 3352 3221 713.37 668.21 12.10 1.24 3.18 0.79 -0.1720 0.3100

1.3710 100 6.00 6.00 6.00 3357 3226 708.14 680.31 12.10 -0.32 2.32 0.46 -0.1135 0.3280

1.3720 100 6.00 6.00 6.00 3363 3231 712.14 669.82 12.09 -2.27 -0.40 0.43 -0.1765 0.3100

1.3730 100 6.00 6.00 6.00 3368 3236 714.23 671.77 12.10 -1.94 -3.29 0.09 -0.1630 0.3145

1.3740 100 6.00 6.00 6.00 3374 3241 709.69 673.67 12.10 -1.94 -2.50 0.46 -0.1225 0.3415

1.3750 100 6.00 6.00 6.00 3379 3246 726.56 673.30 12.09 -0.26 -0.52 0.27 -0.1675 0.3055

1.3760 100 6.00 6.00 6.00 3385 3251 716.37 662.98 12.10 0.41 1.10 0.12 -0.1585 0.3235

1.3770 100 6.00 6.00 6.00 3390 3257 710.36 675.96 12.10 1.42 1.37 0.40 -0.1180 0.3550

1.3780 100 6.00 6.00 6.00 3396 3262 724.53 670.35 12.08 -0.04 1.34 0.34 -0.1675 0.3190

1.3790 100 6.00 6.00 6.00 3401 3267 710.83 668.80 12.10 -0.90 1.16 -0.15 -0.1675 0.3505

1.3800 100 6.00 6.00 6.00 3406 3272 709.63 679.59 12.09 -1.75 1.16 0.21 -0.1270 0.3550

1.3810 100 6.00 6.00 6.00 3412 3277 711.49 676.92 12.10 -1.45 0.15 0.85 -0.1225 0.2965

1.3820 100 6.00 6.00 6.00 3417 3282 713.13 673.71 12.09 -1.08 -1.16 0.88 -0.1405 0.3190

1.3830 100 6.00 6.00 6.00 3423 3287 711.96 674.52 12.10 0.41 -1.22 0.43 -0.0910 0.3235

1.3840 100 6.00 6.00 6.00 3428 3293 723.25 673.26 12.09 0.75 0.00 0.30 -0.0595 0.2965

1.3850 100 6.00 6.00 6.00 3434 3298 718.45 665.69 12.09 0.72 0.18 -0.24 -0.1135 0.2920

1.3860 100 6.00 6.00 6.00 3439 3303 713.90 672.99 12.10 1.18 -0.24 -0.06 -0.0145 0.2650

1.3870 100 6.00 6.00 6.00 3445 3308 722.95 670.83 12.08 0.84 -0.30 0.27 0.0575 0.2290

1.3880 100 6.00 6.00 6.00 3450 3313 710.98 673.52 12.08 0.41 -0.06 -0.21 -0.0415 0.1975

1.3890 100 6.00 6.00 6.00 3456 3318 712.74 674.00 12.09 -0.20 0.64 0.06 -0.0370 0.2515

1.3900 100 6.00 6.00 6.00 3461 3323 712.33 679.84 12.09 -0.84 1.04 0.34 -0.0730 0.3235

1.3910 100 6.00 6.00 6.00 3466 3329 711.15 673.09 12.08 -0.78 0.15 -0.09 -0.1225 0.3685

1.3920 100 6.00 6.00 6.00 3472 3334 717.03 673.41 12.08 -0.47 -0.64 -0.52 -0.1135 0.3235

1.3930 100 6.00 6.00 6.00 3477 3339 722.03 672.38 12.09 0.14 -0.94 -0.12 -0.0595 0.3460

1.3940 100 6.00 6.00 6.00 3483 3344 717.94 669.18 12.08 0.05 -1.16 0.34 -0.1315 0.3595

1.3950 100 6.00 6.00 6.00 3488 3349 718.75 666.61 12.08 0.66 -1.16 0.27 -0.1270 0.3325

1.3960 100 6.00 6.00 6.00 3494 3354 721.24 679.49 12.09 0.05 -0.15 0.55 -0.1360 0.3640

1.3970 100 6.00 6.00 6.00 3499 3359 708.79 674.73 12.08 -0.07 0.46 0.49 -0.1135 0.3550

1.3980 100 6.00 6.00 6.00 3505 3365 711.18 672.47 12.08 -0.53 0.49 0.09 -0.1135 0.3415

1.3990 100 6.00 6.00 6.00 3510 3370 710.73 683.27 12.08 -0.59 0.79 0.70 -0.1225 0.3550

1.4000 100 6.00 6.00 6.00 3516 3375 706.50 675.43 12.08 -0.29 0.00 0.43 -0.1270 0.3460

1.4010 100 6.00 6.00 6.00 3521 3380 719.55 675.77 12.09 0.54 -1.22 -0.49 -0.1225 0.3325

1.4020 100 6.00 6.00 6.00 3527 3385 716.42 677.25 12.08 0.63 -0.76 0.18 -0.1090 0.3505

1.4030 100 6.00 6.00 6.00 3532 3390 714.03 677.91 12.08 0.51 -0.46 0.67 -0.1180 0.3145

1.4040 100 6.00 6.00 6.00 3538 3396 722.33 666.65 12.10 -0.20 -0.94 0.46 -0.1315 0.3280

1.4050 100 6.00 6.00 6.00 3543 3401 714.74 682.05 12.08 -0.47 -0.91 0.76 -0.0595 0.3550

1.4060 100 6.00 6.00 6.00 3548 3406 708.45 673.27 12.07 0.29 -0.55 0.76 -0.0325 0.2830

1.4070 100 6.00 6.00 6.00 3554 3411 712.58 671.09 12.08 0.57 -0.03 0.03 -0.0595 0.2830

1.4080 100 6.00 6.00 6.00 3559 3416 711.89 681.74 12.08 -0.96 1.50 0.15 -0.1135 0.3595

1.4090 100 6.00 6.00 6.00 3565 3421 706.69 679.07 12.07 -1.42 2.56 -0.12 -0.1225 0.3190

1.4100 100 6.00 6.00 6.00 3570 3427 723.92 675.23 12.08 -0.10 1.04 -0.76 -0.1585 0.3595

1.4110 100 6.00 6.00 6.00 3576 3432 715.62 678.38 12.08 1.33 -1.16 -0.40 -0.1405 0.3730

1.4120 100 6.00 6.00 6.00 3581 3437 712.23 677.15 12.07 0.35 -2.32 0.18 -0.1315 0.3415

1.4130 100 6.00 6.00 6.00 3587 3442 723.93 667.97 12.06 -1.42 -1.77 0.24 -0.1765 0.3550

1.4140 100 6.00 6.00 6.00 3592 3447 713.71 676.49 12.07 -1.33 -0.06 0.58 -0.1810 0.3550

1.4150 100 6.00 6.00 6.00 3598 3452 710.24 675.39 12.08 -0.56 0.79 0.85 -0.1720 0.3280

1.4160 100 6.00 6.00 6.00 3603 3458 712.94 675.74 12.09 0.08 0.46 0.37 -0.1630 0.3595

1.4170 100 6.00 6.00 6.00 3608 3463 715.55 682.12 12.08 -0.26 1.28 0.15 -0.1720 0.3235

1.4180 100 6.00 6.00 6.00 3614 3468 709.79 683.41 12.08 -0.56 2.66 -0.21 -0.1270 0.3280

1.4190 100 6.00 6.00 6.00 3619 3473 727.38 676.38 12.08 0.35 2.20 -0.34 -0.1675 0.3460

1.4200 100 6.00 6.00 6.00 3625 3478 718.04 677.48 12.08 0.93 0.18 0.12 -0.1900 0.3190

1.4210 100 6.00 6.00 6.00 3630 3484 713.47 676.06 12.09 0.32 -2.17 0.21 -0.1225 0.3190

1.4220 100 6.00 6.00 6.00 3636 3489 726.85 668.50 12.08 -1.20 -2.50 0.37 -0.1405 0.3235

1.4230 100 6.00 6.00 6.00 3641 3494 713.84 672.04 12.08 -0.75 -1.62 0.49 -0.1900 0.2920

1.4240 100 6.00 6.00 6.00 3647 3499 713.22 672.91 12.09 1.33 0.15 0.58 -0.1270 0.3055

1.4250 100 6.00 6.00 6.00 3652 3504 714.64 672.24 12.08 -0.04 1.95 1.19 -0.1315 0.2830

1.4260 100 6.00 6.00 6.00 3658 3509 715.15 668.99 12.09 -1.78 1.34 0.34 -0.1585 0.2695

1.4270 100 6.00 6.00 6.00 3663 3514 716.98 680.21 12.09 -4.22 0.98 -1.31 -0.1270 0.2740

1.4280 100 6.00 6.00 6.00 3669 3519 725.52 670.57 12.08 0.63 0.31 -2.17 -0.0685 0.2245

1.4290 100 6.00 6.00 6.00 3674 3525 721.95 671.26 12.08 2.34 0.92 -0.67 -0.1180 0.1705

1.4300 100 6.00 6.00 6.00 3680 3530 719.50 670.38 12.09 1.33 -0.52 0.18 -0.1405 0.2110

1.4310 100 6.00 6.00 6.00 3685 3535 726.47 673.36 12.09 0.23 -1.77 0.95 -0.1945 0.2695

1.4320 100 6.00 6.00 6.00 3691 3540 714.19 662.90 12.10 -0.44 -2.07 1.43 -0.2440 0.2965

1.4330 100 6.00 6.00 6.00 3696 3545 715.12 679.26 12.10 -1.45 -1.31 0.98 -0.2125 0.3370

1.4340 100 6.00 6.00 6.00 3702 3550 714.45 670.30 12.09 0.78 -0.40 0.58 -0.1630 0.3010

1.4350 100 6.00 6.00 6.00 3707 3555 711.40 667.65 12.10 3.07 1.65 0.52 -0.2080 0.3190

1.4360 100 6.00 6.00 6.00 3713 3561 723.26 678.82 12.09 1.18 3.79 0.43 -0.1945 0.3235

1.4370 100 6.00 6.00 6.00 3718 3566 721.06 674.09 12.09 -0.53 2.66 0.06 -0.1720 0.3055

1.4380 100 6.00 6.00 6.00 3724 3571 720.83 673.21 12.10 1.02 -1.65 -0.82 -0.2350 0.3010

1.4390 100 6.00 6.00 6.00 3729 3576 726.12 674.47 12.10 -0.32 -3.69 -0.12 -0.2170 0.3235

1.4400 100 6.00 6.00 6.00 3735 3581 722.12 673.40 12.10 -1.02 -3.36 1.10 -0.2170 0.2965

1.4410 100 6.00 6.00 6.00 3740 3586 713.06 665.38 12.11 -0.56 -1.37 1.31 -0.2395 0.3190

1.4420 100 6.00 6.00 6.00 3746 3591 716.96 672.24 12.10 -1.23 1.44 1.04 -0.2530 0.3100

1.4430 100 6.00 6.00 6.00 3751 3596 715.35 671.46 12.10 -1.11 2.56 0.34 -0.2170 0.2875

1.4440 100 6.00 6.00 6.00 3757 3602 710.20 671.85 12.10 0.08 1.74 -0.95 -0.2260 0.3055

1.4450 100 6.00 6.00 6.00 3762 3607 727.35 678.68 12.10 0.63 1.44 -0.49 -0.2440 0.2830

1.4460 100 6.00 6.00 6.00 3768 3612 717.90 679.63 12.10 0.29 1.83 0.70 -0.1900 0.2695

1.4470 100 6.00 6.00 6.00 3773 3617 714.30 674.33 12.10 1.33 -0.64 -0.21 -0.1585 0.2875

1.4480 100 6.00 6.00 6.00 3779 3622 725.54 674.49 12.10 0.38 -3.48 -0.06 -0.1855 0.2470

1.4490 100 6.00 6.00 6.00 3784 3627 716.26 674.23 12.10 -0.96 -3.69 1.16 -0.1405 0.2155

1.4500 100 6.00 6.00 6.00 3790 3633 713.10 672.53 12.10 -1.84 -1.92 1.31 -0.1990 0.3100

1.4510 100 6.00 6.00 6.00 3795 3638 714.89 671.33 12.10 -0.41 -0.03 1.19 -0.2260 0.2740

1.4520 100 6.00 6.00 6.00 3800 3643 717.26 678.77 12.11 2.31 1.07 0.95 -0.2125 0.2875

1.4530 100 6.00 6.00 6.00 3806 3648 713.70 678.25 12.10 2.92 1.71 0.24 -0.1900 0.3145

1.4540 100 6.00 6.00 6.00 3811 3653 729.43 674.57 12.10 0.29 2.81 -0.67 -0.2305 0.2875

1.4550 100 6.00 6.00 6.00 3817 3658 722.19 685.08 12.10 -0.71 2.84 -1.22 -0.2170 0.3010

1.4560 100 6.00 6.00 6.00 3823 3664 718.55 677.34 12.09 -1.26 0.98 -0.98 -0.2170 0.2875

1.4570 100 6.00 6.00 6.00 3828 3669 730.17 675.63 12.10 -0.68 -1.83 -0.28 -0.2530 0.2785

1.4580 100 6.00 6.00 6.00 3833 3674 716.82 676.86 12.11 -0.59 -2.44 1.31 -0.2620 0.3145

1.4590 100 6.00 6.00 6.00 3839 3679 715.54 677.41 12.10 -2.15 -1.49 1.56 -0.2350 0.2965

1.4600 100 6.00 6.00 6.00 3844 3684 715.70 667.77 12.12 -1.94 -1.04 0.09 -0.1945 0.2830

1.4610 100 6.00 6.00 6.00 3850 3689 716.59 684.09 12.10 -1.02 0.58 -0.21 -0.2215 0.3235

1.4620 100 6.00 6.00 6.00 3855 3695 718.87 675.83 12.10 1.63 1.59 -0.52 -0.1765 0.2875

1.4630 100 6.00 6.00 6.00 3861 3700 727.02 672.29 12.10 1.85 2.84 -0.58 -0.1855 0.2965

1.4640 100 6.00 6.00 6.00 3866 3705 724.39 685.63 12.10 1.15 3.94 0.15 -0.2125 0.3280

1.4650 100 6.00 6.00 6.00 3872 3710 721.71 678.49 12.10 0.44 1.95 0.43 -0.1585 0.2785

1.4660 100 6.00 6.00 6.00 3878 3715 726.85 678.36 12.10 -1.02 -2.50 0.58 -0.0955 0.3010

1.4670 100 6.00 6.00 6.00 3883 3720 716.43 680.02 12.09 -0.99 -5.10 1.22 -0.1540 0.2920

1.4680 100 6.00 6.00 6.00 3889 3726 719.12 679.54 12.10 -1.11 -3.42 1.74 -0.1000 0.2425

1.4690 100 6.00 6.00 6.00 3894 3731 717.96 669.44 12.10 -0.68 -1.01 1.01 -0.0865 0.2425

1.4700 100 6.00 6.00 6.00 3899 3736 711.86 684.45 12.10 0.90 0.64 0.21 -0.0775 0.1975

1.4710 100 6.00 6.00 6.00 3905 3741 724.06 674.77 12.10 2.12 1.89 -0.37 -0.1135 0.1885

1.4720 100 6.00 6.00 6.00 3911 3746 720.67 674.77 12.11 1.48 2.41 -0.31 -0.1405 0.2650

1.4730 100 6.00 6.00 6.00 3916 3751 716.98 674.87 12.09 1.63 2.60 -0.76 -0.1675 0.3055

1.4740 100 6.00 6.00 6.00 3922 3757 725.86 671.47 12.10 1.63 1.89 0.82 -0.1720 0.2875

1.4750 100 6.00 6.00 6.00 3927 3762 718.27 669.37 12.10 -0.23 -1.86 0.30 -0.1720 0.3325

1.4760 100 6.00 6.00 6.00 3932 3767 714.38 670.09 12.09 -4.38 -5.55 -1.59 -0.1405 0.3100

1.4770 100 6.00 6.00 6.00 3938 3772 715.41 669.74 12.10 -3.19 -5.64 -0.86 -0.1720 0.3145

1.4780 100 6.00 6.00 6.00 3943 3777 714.24 663.24 12.10 -2.73 -0.70 1.56 -0.1315 0.3415

1.4790 100 6.00 6.00 6.00 3949 3782 711.69 666.74 12.09 -2.12 1.37 1.53 -0.0730 0.3145

1.4800 100 6.00 6.00 6.00 3954 3787 728.47 673.32 12.10 0.57 0.73 -0.24 -0.1450 0.3415

1.4810 100 6.00 6.00 6.00 3960 3792 719.25 670.46 12.09 2.79 1.31 -0.06 -0.1315 0.3325

1.4820 100 6.00 6.00 6.00 3965 3798 716.20 669.59 12.08 -0.81 2.99 1.19 -0.1135 0.3280

1.4830 100 6.00 6.00 6.00 3971 3803 727.70 678.36 12.09 0.14 -0.06 -0.18 -0.1495 0.3460

1.4840 100 6.00 6.00 6.00 3976 3808 718.01 669.79 12.09 1.73 -2.93 -0.86 -0.1315 0.3415

1.4850 100 6.00 6.00 6.00 3982 3813 714.80 670.57 12.09 2.18 -3.23 0.40 -0.1135 0.3190

1.4860 100 6.00 6.00 6.00 3987 3818 717.73 670.98 12.09 1.02 -1.98 0.88 -0.1090 0.3415

1.4870 100 6.00 6.00 6.00 3993 3823 717.58 672.28 12.09 1.63 -0.36 -0.21 -0.1180 0.3190

1.4880 100 6.00 6.00 6.00 3998 3828 715.68 664.63 12.09 1.60 2.93 0.24 -0.0685 0.2920

1.4890 100 6.00 6.00 6.00 4004 3833 730.06 680.84 12.09 1.15 4.49 0.27 -0.0460 0.3100

1.4900 100 6.00 6.00 6.00 4009 3839 722.93 672.86 12.08 0.66 2.41 -0.12 -0.0595 0.2425

1.4910 100 6.00 6.00 6.00 4015 3844 718.79 669.76 12.09 0.26 0.12 -1.04 0.0215 0.2020

1.4920 100 6.00 6.00 6.00 4020 3849 730.16 681.71 12.08 -2.76 0.22 -0.89 -0.0550 0.3820

1.4930 100 6.00 6.00 6.00 4026 3854 715.56 675.96 12.08 -4.19 -0.55 -0.67 -0.1495 0.3370

1.4940 100 6.00 6.00 6.00 4031 3859 716.90 675.32 12.09 -3.31 -1.68 -0.28 -0.0730 0.3415

1.4950 100 6.00 6.00 6.00 4037 3864 717.86 678.01 12.08 -2.06 -0.43 0.46 -0.0325 0.3820

1.4960 100 6.00 6.00 6.00 4042 3870 715.27 677.21 12.08 -2.33 2.44 1.13 -0.1270 0.3415

1.4970 100 6.00 6.00 6.00 4048 3875 721.20 667.11 12.09 -1.39 2.20 0.79 -0.1135 0.3550

1.4980 100 6.00 6.00 6.00 4053 3880 727.32 681.36 12.08 0.05 1.07 0.52 -0.0685 0.3775

1.4990 100 6.00 6.00 6.00 4059 3885 723.71 673.94 12.08 1.02 0.92 0.58 -0.1450 0.3280

1.5000 100 6.00 6.00 6.00 4065 3890 724.19 674.10 12.09 2.34 0.70 0.73 -0.1405 0.3550

1.5010 100 6.00 6.00 6.00 4070 3895 727.48 682.48 12.08 2.28 0.64 1.22 -0.1585 0.3640

1.5020 100 6.00 6.00 6.00 4076 3901 715.84 682.77 12.08 1.36 1.16 1.86 -0.1270 0.3325

1.5030 100 6.00 6.00 6.00 4081 3906 718.00 679.86 12.09 0.51 0.55 2.14 -0.1360 0.3460

1.5040 100 6.00 6.00 6.00 4086 3911 716.14 679.74 12.07 0.51 -1.83 1.98 -0.1090 0.3505

1.5050 100 6.00 6.00 6.00 4092 3916 711.30 678.90 12.08 0.23 -3.51 1.46 -0.0640 0.3280

1.5060 100 6.00 6.00 6.00 4097 3921 725.23 672.73 12.08 -0.29 -2.99 -0.15 -0.1090 0.3415

1.5070 100 6.00 6.00 6.00 4103 3927 721.55 677.65 12.08 1.39 -1.22 -0.89 -0.1135 0.3280

1.5080 100 6.00 6.00 6.00 4108 3932 718.31 676.55 12.08 3.59 1.34 -0.64 -0.0685 0.3010

1.5090 100 6.00 6.00 6.00 4114 3937 727.44 679.12 12.08 1.57 2.66 -0.49 -0.1000 0.2965

1.5100 100 6.00 6.00 6.00 4120 3942 720.21 679.73 12.08 -1.08 2.05 -1.31 -0.0505 0.2650

1.5110 100 6.00 6.00 6.00 4125 3947 714.85 685.67 12.08 -3.58 1.59 -1.07 -0.0325 0.2290

1.5120 100 6.00 6.00 6.00 4130 3953 718.08 678.17 12.08 -4.41 0.12 -0.06 -0.0730 0.2470

1.5130 100 6.00 6.00 6.00 4136 3958 718.91 677.87 12.08 -2.42 -2.75 0.09 -0.1360 0.2425

1.5140 100 6.00 6.00 6.00 4141 3963 712.19 677.54 12.10 -0.32 -3.69 0.64 -0.1540 0.3370

1.5150 100 6.00 6.00 6.00 4147 3968 728.35 674.13 12.08 0.38 -2.26 0.61 -0.1765 0.3415

1.5160 100 6.00 6.00 6.00 4152 3973 720.88 670.15 12.08 1.85 -0.03 -0.00 -0.1855 0.3145

1.5170 100 6.00 6.00 6.00 4158 3978 716.60 684.20 12.09 1.57 2.32 0.37 -0.1450 0.3505

1.5180 100 6.00 6.00 6.00 4164 3984 729.36 677.94 12.08 1.57 1.86 0.30 -0.1810 0.3505

1.5190 100 6.00 6.00 6.00 4169 3989 716.14 674.86 12.09 0.72 0.61 0.06 -0.2080 0.3280

1.5200 100 6.00 6.00 6.00 4174 3994 714.68 684.45 12.09 -0.38 -0.21 0.55 -0.1315 0.3460

1.5210 100 6.00 6.00 6.00 4180 3999 716.99 672.91 12.08 -1.02 -0.76 0.67 -0.1315 0.3325

1.5220 100 6.00 6.00 6.00 4185 4004 719.06 669.60 12.08 0.96 -0.94 0.46 -0.1855 0.3235

1.5230 100 6.00 6.00 6.00 4191 4009 718.33 672.39 12.05 -0.96 -0.24 0.15 -0.1450 0.3415

1.5240 100 6.00 6.00 6.00 4196 4014 730.52 673.07 12.08 -0.71 -1.62 -1.31 -0.1495 0.3325

1.5250 100 6.00 6.00 6.00 4202 4019 725.21 663.13 12.12 -0.14 -1.10 -1.77 -0.2125 0.3145

1.5260 100 6.00 6.00 6.00 4208 4025 721.38 676.53 12.09 0.54 1.59 -0.24 -0.1810 0.3325

1.5270 100 6.00 6.00 6.00 4213 4030 729.10 671.58 12.08 -1.33 3.27 0.64 -0.1855 0.3055

1.5280 100 6.00 6.00 6.00 4219 4035 717.22 666.40 12.09 -1.97 1.71 0.58 -0.2395 0.3055

1.5290 100 6.00 6.00 6.00 4224 4040 719.36 677.23 12.09 -2.33 0.15 1.28 -0.1675 0.3100

1.5300 100 6.00 6.00 6.00 4230 4045 717.64 674.53 12.08 -2.12 -1.07 1.22 -0.1315 0.2650

1.5310 100 6.00 6.00 6.00 4235 4050 713.72 672.69 12.09 -0.17 -2.99 0.34 -0.1315 0.2695

1.5320 100 6.00 6.00 6.00 4241 4055 726.18 671.39 12.09 3.44 -2.59 0.64 -0.0955 0.2290

1.5330 100 6.00 6.00 6.00 4246 4061 722.83 672.28 12.09 2.76 0.61 1.40 -0.0730 0.1750

1.5340 100 6.00 6.00 6.00 4252 4066 723.47 663.71 12.09 0.84 1.25 -0.31 -0.2170 0.3370

1.5350 100 6.00 6.00 6.00 4257 4071 729.13 672.34 12.09 0.11 0.22 -0.70 -0.2305 0.3145

1.5360 100 6.00 6.00 6.00 4263 4076 726.24 671.21 12.09 0.38 -0.15 0.09 -0.2035 0.3145

1.5370 100 6.00 6.00 6.00 4268 4081 717.55 673.33 12.09 -0.04 0.67 0.64 -0.2170 0.3505

1.5380 100 6.00 6.00 6.00 4274 4086 721.09 675.83 12.09 -0.01 1.59 0.85 -0.2395 0.3100

1.5390 100 6.00 6.00 6.00 4279 4091 720.15 682.01 12.09 -0.68 2.02 0.79 -0.2305 0.3100

1.5400 100 6.00 6.00 6.00 4285 4097 715.66 676.79 12.10 -1.81 1.07 0.34 -0.2530 0.3145

1.5410 100 6.00 6.00 6.00 4290 4102 731.78 676.55 12.10 -1.08 -0.30 -0.34 -0.2665 0.2830

1.5420 100 6.00 6.00 6.00 4296 4107 722.09 675.47 12.11 0.54 -1.68 -0.31 -0.2485 0.3010

1.5430 100 6.00 6.00 6.00 4301 4112 717.73 672.28 12.10 -0.29 -1.92 0.06 -0.2125 0.3055

1.5440 100 6.00 6.00 6.00 4307 4117 730.10 670.45 12.10 -0.71 -1.37 0.21 -0.2665 0.2920

1.5450 100 6.00 6.00 6.00 4312 4122 717.22 682.02 12.11 0.17 -0.15 0.85 -0.2215 0.3100

1.5460 100 6.00 6.00 6.00 4318 4128 714.12 677.53 12.10 1.18 1.22 1.16 -0.2035 0.2965

1.5470 100 6.00 6.00 6.00 4323 4133 716.75 674.83 12.10 0.02 2.90 1.01 -0.2215 0.2785

1.5480 100 6.00 6.00 6.00 4329 4138 717.01 684.72 12.11 -0.35 2.26 0.58 -0.2080 0.2920

1.5490 100 6.00 6.00 6.00 4334 4143 716.13 677.53 12.10 -0.62 0.73 0.06 -0.1720 0.2740

1.5500 100 6.00 6.00 6.00 4340 4148 730.30 677.13 12.10 -0.07 -1.19 -0.58 -0.1900 0.2605

1.5510 100 6.00 6.00 6.00 4345 4154 723.61 678.79 12.11 0.29 -1.77 -0.28 -0.1855 0.2560

1.5520 100 6.00 6.00 6.00 4351 4159 719.34 678.78 12.10 1.54 -1.98 0.37 -0.1135 0.1975

1.5530 100 6.00 6.00 6.00 4356 4164 730.23 669.07 12.11 2.31 -1.22 0.24 -0.1315 0.1705

1.5540 100 6.00 6.00 6.00 4362 4169 716.33 686.34 12.10 0.93 0.12 0.52 -0.1900 0.2335

1.5550 100 6.00 6.00 6.00 4367 4174 716.82 677.32 12.11 -0.56 0.55 0.43 -0.2260 0.2515

1.5560 100 6.00 6.00 6.00 4373 4179 716.90 674.66 12.11 -1.08 -0.40 -0.55 -0.2035 0.3145

1.5570 100 6.00 6.00 6.00 4378 4185 714.18 686.01 12.10 -0.65 0.25 -0.79 -0.2485 0.3100

1.5580 100 6.00 6.00 6.00 4384 4190 720.93 681.07 12.10 -0.29 1.68 -0.49 -0.2080 0.2785

1.5590 100 6.00 6.00 6.00 4389 4195 726.40 680.11 12.11 0.29 1.65 -0.37 -0.1540 0.3010

1.5600 100 6.00 6.00 6.00 4395 4200 723.02 682.05 12.10 -0.53 0.49 -0.06 -0.2350 0.3100

1.5610 100 6.00 6.00 6.00 4400 4205 724.35 680.62 12.09 -1.42 -1.04 0.37 -0.1900 0.3010

1.5620 100 6.00 6.00 6.00 4406 4211 728.37 670.92 12.10 -0.84 -2.29 0.58 -0.1675 0.3235

1.5630 100 6.00 6.00 6.00 4411 4216 716.92 684.40 12.10 0.20 -2.10 1.16 -0.2260 0.3010

1.5640 100 6.00 6.00 6.00 4417 4221 720.10 675.95 12.10 -0.53 -0.36 1.34 -0.1990 0.2785

1.5650 100 6.00 6.00 6.00 4422 4226 719.37 675.76 12.11 -0.53 1.19 0.46 -0.1990 0.3100

1.5660 100 6.00 6.00 6.00 4428 4231 714.99 682.94 12.10 -0.07 2.17 -0.12 -0.2035 0.3010

1.5670 100 6.00 6.00 6.00 4433 4237 728.14 681.97 12.11 0.20 2.11 0.06 -0.1990 0.2740

1.5680 100 6.00 6.00 6.00 4439 4242 725.04 677.44 12.10 0.99 -0.24 -0.28 -0.1810 0.3010

1.5690 100 6.00 6.00 6.00 4444 4247 721.88 676.90 12.09 0.57 -1.89 -0.31 -0.1270 0.2695

1.5700 100 6.00 6.00 6.00 4450 4252 730.40 675.86 12.11 -0.50 -1.68 0.40 -0.1585 0.2875

1.5710 100 6.00 6.00 6.00 4456 4257 723.07 668.60 12.10 -0.59 -1.04 0.79 -0.1225 0.2830

1.5720 100 6.00 6.00 6.00 4461 4262 716.60 671.09 12.10 -0.96 -1.01 0.88 -0.0595 0.2560

1.5730 100 6.00 6.00 6.00 4467 4267 719.73 677.04 12.10 -0.56 -1.25 0.88 -0.0595 0.2245

1.5740 100 6.00 6.00 6.00 4472 4273 721.22 668.83 12.10 0.81 0.34 0.03 -0.0100 0.1930

1.5750 100 6.00 6.00 6.00 4478 4278 716.03 670.85 12.09 2.49 3.54 0.70 -0.0370 0.2065

1.5760 100 6.00 6.00 6.00 4483 4283 733.52 675.30 12.10 -0.32 4.52 0.79 -0.1675 0.3325

1.5770 100 6.00 6.00 6.00 4489 4288 724.86 669.31 12.09 -1.78 0.46 -2.14 -0.1630 0.3280

1.5780 100 6.00 6.00 6.00 4494 4293 719.23 668.84 12.10 -0.41 -3.87 -3.39 -0.1360 0.3145

1.5790 100 6.00 6.00 6.00 4500 4298 732.58 669.26 12.09 -0.14 -3.63 -0.24 -0.1630 0.3370

1.5800 100 6.00 6.00 6.00 4505 4303 716.95 671.58 12.10 -1.66 -1.37 1.46 -0.1810 0.3190

1.5810 100 6.00 6.00 6.00 4511 4308 715.94 661.97 12.11 -1.02 0.00 1.56 -0.1045 0.3145

1.5820 2 0.00 0.00 0.00 4516 4314 716.14 676.81 12.09 -0.71 1.53 2.93 -0.0730 0.3550

1.5830 2 0.00 0.00 0.00 4522 4319 715.70 668.25 12.08 -0.50 0.49 2.50 -0.9280 0.0355

1.5840 2 0.00 0.00 0.00 4527 4324 712.62 656.64 12.13 1.97 -1.04 -0.28 -1.0540 -0.0320

1.5850 2 0.00 0.00 0.00 4532 4329 712.03 657.55 12.14 4.08 0.55 -1.50 -1.3240 -0.1085

1.5860 2 0.00 0.00 0.00 4538 4333 695.90 638.15 12.14 1.63 3.08 0.21 -1.2565 -0.0950

1.5870 2 0.00 0.00 0.00 4543 4338 678.40 627.40 12.14 2.28 0.06 0.58 -1.1125 -0.0365

1.5880 2 0.00 0.00 0.00 4548 4343 677.51 613.36 12.14 1.73 -2.35 1.28 -1.3420 -0.1130

1.5890 2 0.00 0.00 0.00 4553 4347 654.31 599.42 12.14 0.57 -2.90 0.98 -1.1845 -0.0455

1.5900 2 0.00 0.00 0.00 4558 4352 642.22 587.73 12.14 -3.55 -1.19 0.43 -1.0450 -0.1130

1.5910 2 0.00 0.00 0.00 4563 4356 631.98 568.21 12.14 -6.30 -0.64 0.03 -1.2160 -0.0860

1.5920 2 0.00 0.00 0.00 4567 4360 622.94 569.69 12.14 -3.95 -1.52 -2.01 -1.0270 -0.1265

1.5930 2 0.00 0.00 0.00 4572 4365 607.75 545.89 12.15 1.91 -0.36 -3.36 -1.1350 -0.1445

1.5940 2 0.00 0.00 0.00 4577 4369 608.15 533.47 12.14 5.69 3.63 -1.59 -0.9730 -0.1220

1.5950 2 0.00 0.00 0.00 4581 4373 594.55 523.81 12.15 2.18 7.33 0.76 -1.1170 -0.1490

1.5960 2 0.00 0.00 0.00 4586 4376 586.36 518.43 12.15 -3.46 6.53 0.70 -1.1125 -0.1220

1.5970 2 0.00 0.00 0.00 4590 4380 570.93 504.49 12.15 -2.24 -0.64 -0.03 -0.9505 -0.0185

1.5980 2 0.00 0.00 0.00 4594 4384 570.63 489.54 12.15 -1.54 -6.04 0.64 -1.1575 -0.0545

1.5990 2 0.00 0.00 0.00 4598 4388 560.01 479.66 12.14 2.18 -6.25 2.44 -0.9685 -0.0050

1.6000 2 0.00 0.00 0.00 4603 4391 546.83 469.51 12.15 2.49 -2.50 2.68 -1.1530 -0.0455

1.6010 2 0.00 0.00 0.00 4607 4395 544.73 454.96 12.15 -2.30 -0.15 0.73 -0.9685 0.0400

1.6020 2 0.00 0.00 0.00 4611 4398 538.50 446.23 12.14 -4.22 1.07 -0.18 -1.1485 -0.0230

1.6030 2 0.00 0.00 0.00 4615 4401 528.92 428.94 12.15 0.81 3.30 0.40 -0.9775 0.0355

1.6040 2 0.00 0.00 0.00 4619 4404 515.87 420.18 12.15 3.22 6.59 1.46 -1.1305 -0.0095

1.6050 2 0.00 0.00 0.00 4623 4407 512.38 421.52 12.14 0.81 5.68 0.98 -0.9460 -0.0005

1.6060 2 0.00 0.00 0.00 4627 4410 511.36 407.00 12.14 -0.32 1.22 -0.79 -1.0945 0.0445

1.6070 2 0.00 0.00 0.00 4630 4413 495.04 396.06 12.15 -3.16 -1.16 0.03 -0.9280 0.0175

1.6080 2 0.00 0.00 0.00 4634 4416 488.71 387.44 12.14 -1.69 -3.45 0.37 -1.0450 0.0670

1.6090 2 0.00 0.00 0.00 4638 4419 473.48 373.99 12.14 1.27 -3.94 0.21 -0.8380 0.0445

1.6100 2 0.00 0.00 0.00 4641 4422 474.65 369.44 12.14 1.15 -1.34 1.28 -1.0090 0.0130

1.6110 2 0.00 0.00 0.00 4645 4425 465.40 360.20 12.14 -0.32 0.95 0.88 -1.0090 0.0040

1.6120 2 0.00 0.00 0.00 4648 4427 451.16 349.94 12.15 -1.60 1.41 -0.00 -0.8875 0.0265

1.6130 2 0.00 0.00 0.00 4651 4430 443.74 339.76 12.15 -0.01 0.73 -0.70 -0.9730 -0.0230

1.6140 2 0.00 0.00 0.00 4655 4432 436.10 331.87 12.12 0.48 -0.15 -0.15 -0.7840 -0.0230

1.6150 2 0.00 0.00 0.00 4658 4435 427.67 322.22 12.14 0.78 -2.53 -1.13 -0.8515 -0.0410

1.6160 2 0.00 0.00 0.00 4661 4437 418.61 313.78 12.14 -0.50 -2.20 -1.19 -0.7660 -0.0680

1.6170 2 0.00 0.00 0.00 4664 4439 415.54 307.85 12.15 -0.26 0.15 0.37 -0.9100 -0.0050

1.6180 2 0.00 0.00 0.00 4667 4442 404.30 297.08 12.14 0.63 0.73 0.91 -0.9910 0.1075

1.6190 2 0.00 0.00 0.00 4670 4444 400.37 291.00 12.15 1.39 -0.70 0.85 -0.8200 0.0940

1.6200 2 0.00 0.00 0.00 4673 4446 399.61 280.57 12.14 1.57 -1.13 0.64 -0.9505 0.0490

1.6210 2 0.00 0.00 0.00 4676 4448 389.27 269.35 12.14 0.84 -0.33 0.09 -0.9640 0.0670

1.6220 2 0.00 0.00 0.00 4679 4450 378.34 264.65 12.14 -0.44 0.98 0.30 -0.8335 0.1390

1.6230 2 0.00 0.00 0.00 4682 4452 372.46 255.77 12.15 0.66 -0.33 -0.28 -0.9190 0.0940

1.6240 2 0.00 0.00 0.00 4685 4454 362.14 254.90 12.14 0.93 -2.53 -0.82 -0.7435 0.0850

1.6250 2 0.00 0.00 0.00 4687 4455 359.39 250.54 12.15 -0.62 -2.62 -0.28 -0.8425 0.0895

1.6260 2 0.00 0.00 0.00 4690 4457 356.34 242.44 12.14 -0.26 -1.83 -0.34 -0.8965 0.1165

1.6270 2 0.00 0.00 0.00 4693 4459 345.41 232.04 12.15 -0.14 -0.43 -0.06 -0.8785 0.1120

1.6280 2 0.00 0.00 0.00 4695 4461 334.84 225.69 12.15 -0.38 1.31 0.40 -0.7885 0.0985

1.6290 2 0.00 0.00 0.00 4698 4462 327.92 220.93 12.14 -0.32 1.19 0.24 -0.8560 0.1075

1.6300 2 0.00 0.00 0.00 4700 4464 321.42 212.47 12.14 -1.11 0.00 -0.06 -0.8425 0.1300

1.6310 2 0.00 0.00 0.00 4702 4465 317.47 205.18 12.15 -1.33 -0.03 -0.03 -0.7300 0.1435

1.6320 2 0.00 0.00 0.00 4705 4467 311.58 201.29 12.14 -0.26 1.44 0.30 -0.7840 0.1075

1.6330 2 0.00 0.00 0.00 4707 4468 303.55 197.36 12.15 0.69 1.71 0.15 -0.7975 0.0715

1.6340 2 0.00 0.00 0.00 4709 4470 298.21 193.98 12.14 -0.10 0.43 0.61 -0.6175 0.0715

1.6350 2 0.00 0.00 0.00 4711 4471 294.47 187.96 12.15 -0.41 -0.58 0.55 -0.6265 0.0265

1.6360 2 0.00 0.00 0.00 4714 4472 284.41 184.11 12.14 -0.10 -0.49 0.61 -0.7120 0.0265

1.6370 2 0.00 0.00 0.00 4716 4474 281.06 179.11 12.15 0.29 0.34 0.70 -0.7525 0.0895

1.6380 2 0.00 0.00 0.00 4718 4475 275.36 172.38 12.17 0.23 1.34 0.12 -0.6670 0.1615

1.6390 2 0.00 0.00 0.00 4720 4476 275.79 168.79 12.15 0.20 1.41 -0.09 -0.7525 0.1480

1.6400 2 0.00 0.00 0.00 4722 4477 272.54 163.52 12.15 0.90 0.43 0.15 -0.7885 0.1615

1.6410 2 0.00 0.00 0.00 4724 4478 260.61 159.20 12.15 1.54 -0.70 -0.12 -0.7615 0.1570

1.6420 2 0.00 0.00 0.00 4726 4480 253.43 153.62 12.15 -0.29 -0.36 -0.03 -0.6535 0.1570

1.6430 2 0.00 0.00 0.00 4728 4481 251.60 148.31 12.14 -1.36 0.49 0.18 -0.6940 0.1660

1.6440 2 0.00 0.00 0.00 4729 4482 245.22 144.74 12.14 -1.11 0.15 0.12 -0.7345 0.1975

1.6450 2 0.00 0.00 0.00 4731 4483 239.88 140.17 12.15 -0.84 -0.76 0.03 -0.7255 0.1795

1.6460 2 0.00 0.00 0.00 4733 4484 234.28 135.95 12.14 -0.20 -0.64 0.21 -0.5905 0.1705

1.6470 2 0.00 0.00 0.00 4735 4485 232.39 132.49 12.14 0.51 0.43 0.18 -0.6535 0.1705

1.6480 2 0.00 0.00 0.00 4736 4486 231.29 127.66 12.14 -0.38 2.14 0.18 -0.6985 0.1705

1.6490 2 0.00 0.00 0.00 4738 4486 227.41 123.25 12.14 -0.41 2.11 0.12 -0.6985 0.1885

1.6500 2 0.00 0.00 0.00 4740 4487 219.49 123.17 12.14 -0.14 -0.18 0.18 -0.6805 0.1795

1.6510 2 0.00 0.00 0.00 4741 4488 212.54 119.12 12.14 -0.04 -1.65 0.34 -0.5725 0.1930

1.6520 2 0.00 0.00 0.00 4743 4489 207.87 113.37 12.14 0.08 -0.88 0.18 -0.5950 0.1795

1.6530 2 0.00 0.00 0.00 4744 4490 202.92 110.10 12.14 -0.04 0.03 0.15 -0.6220 0.1750

1.6540 2 0.00 0.00 0.00 4746 4491 199.16 108.72 12.14 -0.04 -0.06 0.24 -0.6220 0.1525

1.6550 2 0.00 0.00 0.00 4747 4491 194.11 107.91 12.14 0.72 -0.52 0.21 -0.5725 0.1345

1.6560 2 0.00 0.00 0.00 4749 4492 189.65 103.94 12.14 0.66 -0.46 -0.09 -0.4150 0.1075

1.6570 2 0.00 0.00 0.00 4750 4493 185.27 97.40 12.15 0.69 -0.18 -0.03 -0.4690 0.0805

1.6580 2 0.00 0.00 0.00 4751 4493 182.33 96.49 12.15 0.78 -0.21 0.06 -0.5590 0.1210

1.6590 2 0.00 0.00 0.00 4753 4494 179.02 92.38 12.14 -0.26 -0.64 0.15 -0.6400 0.1975

1.6600 2 0.00 0.00 0.00 4754 4495 175.61 86.57 12.14 -0.93 -1.19 0.30 -0.6355 0.2155

1.6610 2 0.00 0.00 0.00 4755 4495 170.29 86.57 12.14 0.29 -0.91 0.06 -0.6040 0.2110

1.6620 2 0.00 0.00 0.00 4757 4496 167.27 82.74 12.14 0.63 0.09 0.15 -0.5680 0.2155

1.6630 2 0.00 0.00 0.00 4758 4496 164.04 82.74 12.14 -0.35 0.55 -0.03 -0.5455 0.2470

1.6640 2 0.00 0.00 0.00 4759 4497 159.91 79.52 12.15 -0.99 -0.06 -0.37 -0.5725 0.2335

1.6650 2 0.00 0.00 0.00 4760 4497 156.83 77.47 12.15 -0.71 -1.13 -0.34 -0.5680 0.2290

1.6660 2 0.00 0.00 0.00 4761 4498 151.55 75.92 12.15 -0.17 -0.91 -0.06 -0.5995 0.2245

1.6670 2 0.00 0.00 0.00 4762 4498 148.69 73.41 12.14 0.44 -0.21 0.46 -0.5905 0.2290

1.6680 2 0.00 0.00 0.00 4763 4499 147.23 70.91 12.14 0.54 0.37 0.55 -0.5680 0.2200

1.6690 2 0.00 0.00 0.00 4764 4499 143.88 69.94 12.14 0.11 0.52 0.52 -0.4825 0.2200

1.6700 2 0.00 0.00 0.00 4765 4500 140.33 66.14 12.15 -0.14 0.22 0.34 -0.4870 0.2245

1.6710 2 0.00 0.00 0.00 4766 4500 137.45 66.14 12.14 -0.41 -0.64 0.03 -0.5095 0.2065

1.6720 2 0.00 0.00 0.00 4767 4501 136.93 62.67 12.14 -0.32 -1.22 0.03 -0.5140 0.2155

1.6730 2 0.00 0.00 0.00 4768 4501 133.92 62.67 12.14 0.32 -0.33 0.18 -0.5005 0.1885

1.6740 2 0.00 0.00 0.00 4769 4501 131.75 59.08 12.15 0.29 1.37 0.15 -0.4960 0.1975

1.6750 2 0.00 0.00 0.00 4770 4502 128.23 57.49 12.14 0.38 1.56 0.03 -0.4645 0.1750

1.6760 2 0.00 0.00 0.00 4771 4502 122.34 57.49 12.14 -0.01 0.64 0.12 -0.3925 0.1390

1.6770 2 0.00 0.00 0.00 4772 4502 119.00 53.71 12.15 -0.53 -0.24 0.12 -0.4015 0.1120

1.6780 2 0.00 0.00 0.00 4773 4503 115.43 53.24 12.15 -0.38 -0.85 0.21 -0.4330 0.1480

1.6790 2 0.00 0.00 0.00 4774 4503 112.46 53.24 12.15 -0.38 -0.85 0.18 -0.4735 0.2200

1.6800 2 0.00 0.00 0.00 4774 4504 112.03 49.79 12.15 -0.41 0.28 0.18 -0.4870 0.2470

1.6810 2 0.00 0.00 0.00 4775 4504 110.93 49.79 12.15 -0.07 1.16 0.37 -0.4960 0.2380

1.6820 2 0.00 0.00 0.00 4776 4504 107.35 49.79 12.14 0.26 1.07 0.24 -0.4825 0.2380

1.6830 2 0.00 0.00 0.00 4777 4504 102.82 46.23 12.14 0.14 0.98 0.21 -0.4870 0.2470

1.6840 2 0.00 0.00 0.00 4777 4505 101.28 45.62 12.15 0.02 0.52 0.15 -0.5005 0.2560

1.6850 2 0.00 0.00 0.00 4778 4505 99.00 45.62 12.15 -0.17 0.00 -0.00 -0.4825 0.2515

1.6860 2 0.00 0.00 0.00 4779 4505 94.56 44.55 12.13 -0.10 -0.21 0.15 -0.4690 0.2515

1.6870 2 0.00 0.00 0.00 4779 4506 92.77 41.18 12.15 -0.01 -0.27 0.30 -0.4375 0.2515

1.6880 2 0.00 0.00 0.00 4780 4506 91.00 41.18 12.14 -0.20 -0.33 0.30 -0.4195 0.2560

1.6890 2 0.00 0.00 0.00 4781 4506 88.01 41.18 12.14 -0.04 -0.18 0.30 -0.4195 0.2515

1.6900 2 0.00 0.00 0.00 4781 4506 88.01 40.54 12.14 0.17 -0.12 0.09 -0.4285 0.2560

1.6910 2 0.00 0.00 0.00 4782 4506 85.07 37.63 12.14 0.20 -0.43 0.12 -0.4465 0.2515

1.6920 2 0.00 0.00 0.00 4783 4506 83.08 35.11 12.14 0.02 -0.40 -0.00 -0.4375 0.2470

1.6930 2 0.00 0.00 0.00 4783 4507 83.08 33.88 12.15 -0.07 -0.06 -0.12 -0.4240 0.2335

1.6940 2 0.00 0.00 0.00 4784 4507 79.43 33.88 12.15 0.02 -0.06 -0.21 -0.4150 0.2380

1.6950 2 0.00 0.00 0.00 4784 4507 79.43 33.88 12.15 0.23 -0.27 -0.03 -0.3880 0.2155

1.6960 2 0.00 0.00 0.00 4785 4507 75.58 32.62 12.14 0.23 -0.46 0.18 -0.3475 0.1975

1.6970 2 0.00 0.00 0.00 4785 4507 75.58 30.70 12.13 0.05 -0.46 0.34 -0.3160 0.1615

1.6980 2 0.00 0.00 0.00 4786 4507 71.53 29.00 12.14 -0.01 -0.40 0.40 -0.3160 0.1435

1.6990 2 0.00 0.00 0.00 4786 4507 71.53 27.48 12.14 -0.17 -0.12 0.18 -0.3610 0.1615

1.7000 2 0.00 0.00 0.00 4787 4507 67.49 26.11 12.15 -0.35 -0.06 0.09 -0.4150 0.2200

1.7010 2 0.00 0.00 0.00 4787 4508 67.49 25.03 12.15 -0.23 -0.24 0.21 -0.4105 0.2695

1.7020 2 0.00 0.00 0.00 4788 4508 64.00 25.03 12.16 0.08 -0.24 0.30 -0.4015 0.2605

1.7030 2 0.00 0.00 0.00 4788 4508 64.00 25.03 12.16 -0.04 -0.12 0.21 -0.3925 0.2560

1.7040 2 0.00 0.00 0.00 4788 4508 62.41 25.03 12.14 -0.14 0.00 0.12 -0.4060 0.2605

1.7050 2 0.00 0.00 0.00 4789 4508 59.96 23.96 12.15 -0.17 0.03 0.15 -0.4060 0.2650

1.7060 2 0.00 0.00 0.00 4789 4508 59.96 22.91 12.14 -0.01 0.00 0.18 -0.4060 0.2785

1.7070 2 0.00 0.00 0.00 4790 4508 56.69 21.95 12.14 -0.10 -0.12 0.03 -0.4015 0.2650

1.7080 2 0.00 0.00 0.00 4790 4508 56.69 21.07 12.14 -0.10 -0.12 -0.21 -0.3835 0.2605

1.7090 2 0.00 0.00 0.00 4790 4508 55.96 20.25 12.15 0.02 0.34 -0.12 -0.3970 0.2740

1.7100 2 0.00 0.00 0.00 4791 4508 52.72 19.50 12.14 0.20 0.46 0.09 -0.3790 0.2605

1.7110 2 0.00 0.00 0.00 4791 4508 52.72 18.80 12.14 0.17 0.12 0.03 -0.3835 0.2650

1.7120 2 0.00 0.00 0.00 4791 4508 51.76 18.15 12.14 0.20 -0.18 -0.09 -0.3700 0.2605

1.7130 2 0.00 0.00 0.00 4792 4508 48.29 17.54 12.14 0.20 -0.21 -0.06 -0.3565 0.2515

1.7140 2 0.00 0.00 0.00 4792 4508 48.29 16.97 12.14 -0.04 -0.03 -0.03 -0.3475 0.2380

1.7150 2 0.00 0.00 0.00 4792 4508 48.29 16.44 12.15 -0.14 0.22 0.09 -0.3295 0.2245

1.7160 2 0.00 0.00 0.00 4792 4508 44.91 15.94 12.15 0.05 0.12 0.03 -0.3070 0.2065

1.7170 2 0.00 0.00 0.00 4793 4508 43.20 15.47 12.14 -0.17 0.06 0.03 -0.2665 0.1795

1.7180 2 0.00 0.00 0.00 4793 4508 43.20 15.02 12.14 -0.47 0.09 0.18 -0.2530 0.1435

1.7190 2 0.00 0.00 0.00 4793 4508 43.03 14.61 12.14 -0.47 0.18 0.18 -0.2935 0.1705

1.7200 2 0.00 0.00 0.00 4793 4509 39.76 14.53 12.15 -0.20 0.31 0.24 -0.3655 0.2245

1.7210 2 0.00 0.00 0.00 4794 4509 37.77 14.53 12.15 -0.20 0.31 0.30 -0.3835 0.2785

1.7220 2 0.00 0.00 0.00 4794 4509 37.77 14.53 12.15 -0.01 0.03 0.03 -0.3835 0.2785

1.7230 2 0.00 0.00 0.00 4794 4509 37.77 14.53 12.14 -0.07 -0.06 -0.09 -0.3790 0.2695

1.7240 2 0.00 0.00 0.00 4794 4509 36.30 14.14 12.14 -0.20 0.06 -0.09 -0.3700 0.2965

1.7250 2 0.00 0.00 0.00 4794 4509 33.94 13.76 12.15 -0.17 0.09 0.12 -0.3655 0.2740

1.7260 2 0.00 0.00 0.00 4795 4509 32.28 13.41 12.14 -0.07 0.03 0.09 -0.3700 0.2785

1.7270 2 0.00 0.00 0.00 4795 4509 32.28 13.08 12.15 0.14 -0.15 -0.00 -0.3565 0.2695

1.7280 2 0.00 0.00 0.00 4795 4509 32.28 12.76 12.16 0.05 -0.15 -0.00 -0.3565 0.2695

1.7290 2 0.00 0.00 0.00 4795 4509 32.17 12.46 12.15 -0.04 -0.03 -0.03 -0.3655 0.2785

1.7300 2 0.00 0.00 0.00 4795 4509 30.31 12.17 12.15 -0.07 -0.12 -0.09 -0.3565 0.2695

1.7310 2 0.00 0.00 0.00 4795 4509 28.65 11.89 12.14 -0.20 -0.24 0.06 -0.3385 0.2740

1.7320 2 0.00 0.00 0.00 4795 4509 27.17 11.63 12.15 0.05 -0.21 0.09 -0.3385 0.2560

1.7330 2 0.00 0.00 0.00 4796 4509 26.99 11.37 12.15 0.26 -0.21 0.09 -0.3475 0.2560

1.7340 2 0.00 0.00 0.00 4796 4509 26.99 11.13 12.14 -0.01 0.03 0.18 -0.3295 0.2515

1.7350 2 0.00 0.00 0.00 4796 4509 26.99 10.90 12.15 -0.14 0.25 0.30 -0.3070 0.2470

1.7360 2 0.00 0.00 0.00 4796 4509 26.80 10.68 12.14 0.08 0.03 0.15 -0.3025 0.2335

1.7370 2 0.00 0.00 0.00 4796 4509 25.50 10.46 12.14 0.23 -0.27 0.06 -0.2845 0.2200

1.7380 2 0.00 0.00 0.00 4796 4509 24.31 10.26 12.14 0.17 -0.40 0.06 -0.2170 0.1885

1.7390 2 0.00 0.00 0.00 4796 4509 23.23 10.06 12.14 -0.17 -0.27 0.12 -0.2080 0.1390

1.7400 2 0.00 0.00 0.00 4796 4509 22.25 9.87 12.14 -0.29 -0.09 -0.03 -0.2530 0.1615

1.7410 2 0.00 0.00 0.00 4796 4509 21.34 9.69 12.15 0.02 -0.21 -0.12 -0.2980 0.2245

1.7420 2 0.00 0.00 0.00 4797 4509 21.31 9.51 12.15 0.14 -0.49 -0.24 -0.3475 0.2740

1.7430 2 0.00 0.00 0.00 4797 4509 21.31 9.34 12.15 0.17 -0.30 0.03 -0.3385 0.2695

1.7440 2 0.00 0.00 0.00 4797 4509 21.31 9.18 12.15 0.23 -0.18 0.03 -0.3385 0.2695

1.7450 2 0.00 0.00 0.00 4797 4509 21.31 9.02 12.15 0.23 -0.18 -0.00 -0.3295 0.2695

1.7460 2 0.00 0.00 0.00 4797 4509 20.69 8.87 12.14 0.14 -0.06 0.12 -0.3385 0.2650

1.7470 2 0.00 0.00 0.00 4797 4509 19.90 8.72 12.15 0.05 -0.21 0.18 -0.3475 0.2695

1.7480 2 0.00 0.00 0.00 4797 4509 19.17 8.58 12.16 0.05 -0.06 0.06 -0.3340 0.2695

1.7490 2 0.00 0.00 0.00 4797 4509 18.50 8.44 12.14 0.08 0.12 -0.03 -0.3340 0.2695

1.7500 2 0.00 0.00 0.00 4797 4509 17.87 8.31 12.15 -0.07 0.18 -0.09 -0.3340 0.2920

1.7510 2 0.00 0.00 0.00 4797 4509 17.28 8.18 12.13 -0.35 0.28 0.06 -0.3295 0.2695

1.7520 2 0.00 0.00 0.00 4797 4509 16.72 8.05 12.14 -0.29 0.15 0.21 -0.3295 0.2695

1.7530 2 0.00 0.00 0.00 4797 4509 16.21 7.93 12.14 -0.17 -0.06 0.18 -0.3070 0.2695

1.7540 2 0.00 0.00 0.00 4797 4509 15.72 7.81 12.15 -0.04 -0.21 0.09 -0.3115 0.2740

1.7550 2 0.00 0.00 0.00 4797 4509 15.26 7.70 12.14 -0.01 -0.12 0.03 -0.2890 0.2470

1.7560 2 0.00 0.00 0.00 4797 4509 14.83 7.58 12.14 -0.07 0.15 0.12 -0.2755 0.2515

1.7570 2 0.00 0.00 0.00 4797 4509 14.42 7.48 12.15 -0.14 0.18 0.34 -0.2530 0.2200

1.7580 2 0.00 0.00 0.00 4797 4509 14.03 7.37 12.14 -0.20 0.18 0.21 -0.2260 0.1975

1.7590 2 0.00 0.00 0.00 4797 4509 13.67 7.27 12.16 -0.10 0.03 0.12 -0.1900 0.1525

1.7600 2 0.00 0.00 0.00 4797 4509 13.32 7.17 12.14 -0.01 -0.06 0.18 -0.2035 0.1525

1.7610 2 0.00 0.00 0.00 4797 4509 12.99 7.07 12.15 -0.04 -0.09 0.06 -0.2845 0.1975

1.7620 2 0.00 0.00 0.00 4797 4509 12.68 6.98 12.15 -0.14 -0.06 -0.09 -0.3295 0.2695

1.7630 2 0.00 0.00 0.00 4797 4509 12.38 6.89 12.15 -0.26 -0.06 0.03 -0.3250 0.2740

1.7640 2 0.00 0.00 0.00 4797 4509 12.09 6.80 12.15 -0.20 -0.06 -0.00 -0.3250 0.2785

1.7650 2 0.00 0.00 0.00 4797 4509 11.82 6.71 12.14 -0.10 -0.21 -0.03 -0.3160 0.2650

1.7660 2 0.00 0.00 0.00 4797 4509 11.56 6.62 12.15 -0.07 -0.09 0.09 -0.3160 0.2695

1.7670 2 0.00 0.00 0.00 4797 4509 11.31 6.54 12.15 -0.10 0.03 0.15 -0.3250 0.2785

1.7680 2 0.00 0.00 0.00 4797 4509 11.07 6.46 12.14 -0.10 -0.18 0.12 -0.3205 0.2695

1.7690 2 0.00 0.00 0.00 4797 4509 10.84 6.38 12.14 -0.20 -0.21 0.15 -0.3250 0.2785

1.7700 2 0.00 0.00 0.00 4797 4509 10.62 6.31 12.14 -0.04 -0.21 0.09 -0.3160 0.2650

1.7710 2 0.00 0.00 0.00 4797 4509 10.41 6.23 12.14 0.20 -0.09 0.03 -0.3250 0.2875

1.7720 2 0.00 0.00 0.00 4797 4509 10.21 6.16 12.15 -0.04 0.06 -0.12 -0.3205 0.2650

1.7730 2 0.00 0.00 0.00 4797 4509 10.01 6.09 12.14 -0.07 -0.12 0.06 -0.3160 0.2740

1.7740 2 0.00 0.00 0.00 4797 4509 9.82 6.02 12.15 -0.14 -0.33 0.18 -0.3160 0.2695

1.7750 2 0.00 0.00 0.00 4797 4509 9.64 5.95 12.15 -0.10 -0.24 0.24 -0.3070 0.2650

1.7760 2 0.00 0.00 0.00 4797 4509 9.47 5.88 12.15 -0.10 -0.15 0.12 -0.2980 0.2560

1.7770 2 0.00 0.00 0.00 4797 4509 9.30 5.82 12.15 -0.10 0.03 -0.18 -0.2800 0.2425

1.7780 2 0.00 0.00 0.00 4797 4509 9.14 5.75 12.14 -0.07 -0.33 -0.00 -0.2665 0.2290

1.7790 2 0.00 0.00 0.00 4797 4509 8.98 5.69 12.14 -0.07 -0.46 0.12 -0.2350 0.2155

1.7800 2 0.00 0.00 0.00 4797 4509 8.83 5.63 12.15 0.05 -0.43 0.03 -0.1900 0.1705

1.7810 2 0.00 0.00 0.00 4797 4509 8.68 5.57 12.12 0.23 -0.18 0.18 -0.2215 0.1615

1.7820 2 0.00 0.00 0.00 4797 4509 8.54 5.51 12.15 0.11 0.12 -0.00 -0.2800 0.1975

1.7830 2 0.00 0.00 0.00 4797 4509 8.40 5.45 12.15 0.32 0.06 0.03 -0.3205 0.2695

1.7840 2 0.00 0.00 0.00 4797 4509 8.27 5.40 12.15 0.32 -0.24 -0.00 -0.3340 0.2785

1.7850 2 0.00 0.00 0.00 4797 4509 8.14 5.34 12.14 -0.01 -0.12 0.06 -0.3205 0.2695

1.7860 2 0.00 0.00 0.00 4797 4509 8.02 5.29 12.14 -0.20 -0.06 0.06 -0.3205 0.2695

1.7870 2 0.00 0.00 0.00 4797 4509 7.90 5.23 12.15 -0.23 -0.06 0.34 -0.3205 0.2695

1.7880 2 0.00 0.00 0.00 4797 4509 7.78 5.18 12.15 -0.35 0.00 0.06 -0.3340 0.2785

1.7890 2 0.00 0.00 0.00 4797 4509 7.67 5.13 12.15 -0.14 -0.09 -0.03 -0.3205 0.2785

1.7900 2 0.00 0.00 0.00 4797 4509 7.55 5.08 12.15 0.05 -0.09 -0.06 -0.3205 0.2695

1.7910 2 0.00 0.00 0.00 4797 4509 7.45 5.03 12.14 -0.07 0.00 -0.06 -0.3295 0.2740

1.7920 2 0.00 0.00 0.00 4797 4509 7.34 4.98 12.14 -0.17 0.12 -0.03 -0.3295 0.2785

1.7930 2 0.00 0.00 0.00 4797 4509 7.24 4.94 12.15 -0.17 0.12 -0.00 -0.3205 0.2695

1.7940 2 0.00 0.00 0.00 4797 4509 7.14 4.89 12.15 -0.01 0.12 0.21 -0.3295 0.2695

1.7950 2 0.00 0.00 0.00 4797 4509 7.05 4.85 12.14 -0.07 0.06 0.06 -0.3025 0.2605

1.7960 2 0.00 0.00 0.00 4797 4509 6.95 4.80 12.14 0.02 0.12 -0.06 -0.2980 0.2515

1.7970 2 0.00 0.00 0.00 4797 4509 6.86 4.76 12.14 0.14 0.18 -0.03 -0.2890 0.2515

1.7980 2 0.00 0.00 0.00 4797 4509 6.77 4.72 12.14 -0.07 -0.06 -0.00 -0.2755 0.2335

1.7990 2 0.00 0.00 0.00 4797 4509 6.69 4.67 12.15 -0.10 -0.30 -0.03 -0.2395 0.2110

1.8000 2 0.00 0.00 0.00 4797 4509 6.60 4.63 12.15 0.14 -0.09 0.12 -0.1945 0.1705

1.8010 2 0.00 0.00 0.00 4797 4509 6.52 4.59 12.14 0.05 0.06 0.15 -0.2125 0.1390

1.8020 2 0.00 0.00 0.00 4797 4509 6.44 4.55 12.15 -0.23 0.09 0.03 -0.2620 0.1975

1.8030 2 0.00 0.00 0.00 4797 4509 6.36 4.51 12.17 -0.32 0.03 -0.00 -0.3160 0.2425

1.8040 2 0.00 0.00 0.00 4797 4509 6.29 4.47 12.15 -0.20 -0.15 0.15 -0.3250 0.2785

1.8050 2 0.00 0.00 0.00 4797 4509 6.21 4.44 12.14 -0.01 -0.36 0.18 -0.3205 0.2695

1.8060 2 0.00 0.00 0.00 4797 4509 6.14 4.40 12.15 0.23 -0.43 0.18 -0.3025 0.2650

1.8070 2 0.00 0.00 0.00 4797 4509 6.07 4.36 12.15 0.02 -0.33 -0.03 -0.3295 0.2740

1.8080 2 0.00 0.00 0.00 4797 4509 6.00 4.33 12.14 -0.01 -0.09 -0.00 -0.3205 0.2695

1.8090 2 0.00 0.00 0.00 4797 4509 5.93 4.29 12.15 0.23 -0.12 0.06 -0.3115 0.2785

1.8100 2 0.00 0.00 0.00 4797 4509 5.86 4.26 12.15 0.26 -0.33 -0.06 -0.3250 0.2740

1.8110 2 0.00 0.00 0.00 4797 4509 5.80 4.22 12.15 -0.01 -0.46 0.09 -0.3250 0.2695

1.8120 2 0.00 0.00 0.00 4797 4509 5.73 4.19 12.15 -0.04 -0.46 0.21 -0.3205 0.2695

1.8130 2 0.00 0.00 0.00 4797 4509 5.67 4.15 12.14 0.05 -0.36 0.15 -0.3295 0.2785

1.8140 2 0.00 0.00 0.00 4797 4509 5.61 4.12 12.14 0.11 -0.12 -0.06 -0.3160 0.2650

1.8150 2 0.00 0.00 0.00 4797 4509 5.55 4.09 12.15 0.02 -0.15 -0.12 -0.3115 0.2650

1.8160 2 0.00 0.00 0.00 4797 4509 5.49 4.06 12.15 -0.17 -0.27 0.03 -0.3070 0.2650

1.8170 2 0.00 0.00 0.00 4797 4509 5.44 4.03 12.15 -0.04 -0.15 0.03 -0.2890 0.2560

1.8180 2 0.00 0.00 0.00 4797 4509 5.38 4.00 12.14 0.14 0.03 0.09 -0.2800 0.2470

1.8190 2 0.00 0.00 0.00 4797 4509 5.33 3.97 12.14 -0.01 -0.03 0.09 -0.2665 0.2335

1.8200 2 0.00 0.00 0.00 4797 4509 5.27 3.94 12.14 0.05 -0.12 0.15 -0.2440 0.2200

1.8210 2 0.00 0.00 0.00 4797 4509 5.22 3.91 12.14 0.08 -0.03 0.15 -0.2035 0.1750

1.8220 2 0.00 0.00 0.00 4797 4509 5.17 3.88 12.14 0.02 0.09 0.15 -0.2080 0.1390

1.8230 2 0.00 0.00 0.00 4797 4509 5.12 3.85 12.15 0.05 -0.12 0.15 -0.2485 0.1795

1.8240 2 0.00 0.00 0.00 4797 4509 5.07 3.82 12.15 0.20 -0.21 -0.03 -0.3205 0.2560

1.8250 2 0.00 0.00 0.00 4797 4509 5.02 3.79 12.15 -0.04 -0.18 -0.06 -0.3250 0.2785

1.8260 2 0.00 0.00 0.00 4797 4509 4.97 3.77 12.15 -0.23 -0.03 0.24 -0.3160 0.2650

1.8270 2 0.00 0.00 0.00 4797 4509 4.93 3.74 12.15 -0.20 0.03 0.21 -0.3250 0.2695

1.8280 2 0.00 0.00 0.00 4797 4509 4.88 3.71 12.14 -0.26 0.09 -0.03 -0.3250 0.2560

1.8290 2 0.00 0.00 0.00 4797 4509 4.83 3.69 12.14 -0.26 0.06 -0.12 -0.3115 0.2605

1.8300 2 0.00 0.00 0.00 4797 4509 4.79 3.66 12.15 -0.20 0.00 -0.00 -0.3205 0.2695

1.8310 2 0.00 0.00 0.00 4797 4509 4.75 3.64 12.14 -0.10 -0.03 0.21 -0.3070 0.2740

1.8320 2 0.00 0.00 0.00 4797 4509 4.70 3.61 12.14 -0.07 0.00 0.09 -0.3160 0.2605

1.8330 2 0.00 0.00 0.00 4797 4509 4.66 3.59 12.15 -0.17 -0.03 -0.00 -0.3205 0.2830

1.8340 2 0.00 0.00 0.00 4797 4509 4.62 3.56 12.15 -0.17 0.03 0.15 -0.3205 0.2695

1.8350 2 0.00 0.00 0.00 4797 4509 4.58 3.54 12.15 0.05 0.09 0.24 -0.3205 0.2740

1.8360 2 0.00 0.00 0.00 4797 4509 4.54 3.51 12.15 0.17 0.09 0.24 -0.3205 0.2695

1.8370 2 0.00 0.00 0.00 4797 4509 4.50 3.49 12.14 0.02 -0.12 0.37 -0.3070 0.2560

1.8380 2 0.00 0.00 0.00 4797 4509 4.46 3.47 12.15 -0.01 -0.27 0.24 -0.2845 0.2380

1.8390 2 0.00 0.00 0.00 4797 4509 4.43 3.44 12.14 0.11 -0.30 0.15 -0.2800 0.2290

1.8400 2 0.00 0.00 0.00 4797 4509 4.39 3.42 12.13 0.35 -0.15 -0.06 -0.2575 0.2200

1.8410 2 0.00 0.00 0.00 4797 4509 4.35 3.40 12.15 0.23 0.03 -0.00 -0.2170 0.2020

1.8420 2 0.00 0.00 0.00 4797 4509 4.32 3.38 12.14 -0.10 0.12 0.18 -0.1990 0.1570

1.8430 2 0.00 0.00 0.00 4797 4509 4.28 3.36 12.15 -0.44 0.06 0.27 -0.2395 0.1795

1.8440 2 0.00 0.00 0.00 4797 4509 4.25 3.33 12.15 -0.23 0.06 0.27 -0.3160 0.2425

1.8450 2 0.00 0.00 0.00 4797 4509 4.21 3.31 12.15 0.05 -0.24 0.24 -0.3205 0.2740

1.8460 2 0.00 0.00 0.00 4797 4509 4.18 3.29 12.15 0.23 -0.18 0.06 -0.3295 0.2830

1.8470 2 0.00 0.00 0.00 4797 4509 4.15 3.27 12.15 0.11 -0.03 0.12 -0.3250 0.2740

1.8480 2 0.00 0.00 0.00 4797 4509 4.11 3.25 12.14 -0.20 0.03 0.12 -0.3250 0.2740

1.8490 2 0.00 0.00 0.00 4797 4509 4.08 3.23 12.15 -0.35 -0.15 0.18 -0.3160 0.2740

1.8500 2 0.00 0.00 0.00 4797 4509 4.05 3.21 12.14 -0.17 -0.18 0.24 -0.3115 0.2605

1.8510 2 0.00 0.00 0.00 4797 4509 4.02 3.19 12.15 -0.07 -0.03 0.12 -0.3115 0.2695

1.8520 2 0.00 0.00 0.00 4797 4509 3.99 3.17 12.15 -0.07 0.00 -0.00 -0.3205 0.2695

1.8530 2 0.00 0.00 0.00 4797 4509 3.96 3.15 12.14 -0.07 0.03 0.18 -0.3250 0.2785

1.8540 2 0.00 0.00 0.00 4797 4509 3.93 3.13 12.14 -0.04 0.06 0.40 -0.3160 0.2740

1.8550 2 0.00 0.00 0.00 4797 4509 3.90 3.12 12.14 -0.01 0.09 0.27 -0.3070 0.2740

1.8560 2 0.00 0.00 0.00 4797 4509 3.87 3.10 12.15 -0.04 -0.06 -0.00 -0.3025 0.2650

1.8570 2 0.00 0.00 0.00 4797 4509 3.84 3.08 12.15 0.02 -0.12 -0.09 -0.3070 0.2605

1.8580 2 0.00 0.00 0.00 4797 4509 3.81 3.06 12.14 0.02 0.00 0.09 -0.2890 0.2560

1.8590 2 0.00 0.00 0.00 4797 4509 3.79 3.04 12.14 -0.04 -0.15 0.12 -0.2890 0.2515

1.8600 2 0.00 0.00 0.00 4797 4509 3.76 3.03 12.15 -0.04 -0.21 0.09 -0.2710 0.2380

1.8610 2 0.00 0.00 0.00 4797 4509 3.73 3.01 12.15 -0.23 0.00 -0.03 -0.2485 0.2200

1.8620 2 0.00 0.00 0.00 4797 4509 3.71 2.99 12.14 -0.14 0.06 -0.03 -0.2170 0.1795

1.8630 2 0.00 0.00 0.00 4797 4509 3.68 2.97 12.14 -0.07 0.00 0.24 -0.1945 0.1525

1.8640 2 0.00 0.00 0.00 4797 4509 3.65 2.96 12.15 -0.01 0.09 0.40 -0.2440 0.1795

1.8650 2 0.00 0.00 0.00 4797 4509 3.63 2.94 12.15 -0.04 -0.09 0.37 -0.3160 0.2245

1.8660 2 0.00 0.00 0.00 4797 4509 3.60 2.92 12.15 -0.04 -0.21 0.21 -0.3115 0.2605

1.8670 2 0.00 0.00 0.00 4797 4509 3.58 2.91 12.15 -0.14 -0.18 -0.09 -0.3250 0.2695

1.8680 2 0.00 0.00 0.00 4797 4509 3.55 2.89 12.14 -0.14 0.06 -0.18 -0.3160 0.2740

1.8690 2 0.00 0.00 0.00 4797 4509 3.53 2.88 12.15 -0.14 0.12 -0.03 -0.3250 0.2740

1.8700 2 0.00 0.00 0.00 4797 4509 3.51 2.86 12.15 -0.10 -0.06 0.12 -0.3205 0.2875

1.8710 2 0.00 0.00 0.00 4797 4509 3.48 2.85 12.14 0.05 0.06 -0.00 -0.3160 0.2650

1.8720 2 0.00 0.00 0.00 4797 4509 3.46 2.83 12.14 0.08 0.06 0.15 -0.3115 0.2740

1.8730 2 0.00 0.00 0.00 4797 4509 3.44 2.81 12.14 0.14 -0.40 0.06 -0.3115 0.2605

1.8740 2 0.00 0.00 0.00 4797 4509 3.42 2.80 12.14 -0.07 -0.30 0.09 -0.3160 0.2695

1.8750 2 0.00 0.00 0.00 4797 4509 3.39 2.78 12.15 0.05 -0.18 0.06 -0.3160 0.2785

1.8760 2 0.00 0.00 0.00 4797 4509 3.37 2.77 12.11 0.17 -0.21 0.15 -0.3205 0.2695

1.8770 2 0.00 0.00 0.00 4797 4509 3.35 2.76 12.14 0.11 -0.03 0.15 -0.3205 0.2695

1.8780 2 0.00 0.00 0.00 4797 4509 3.33 2.74 12.14 0.05 -0.09 0.03 -0.3250 0.2830

1.8790 2 0.00 0.00 0.00 4797 4509 3.31 2.73 12.15 -0.07 -0.27 0.18 -0.2935 0.2515

1.8800 2 0.00 0.00 0.00 4797 4509 3.29 2.71 12.15 0.05 -0.09 0.24 -0.2755 0.2515

1.8810 2 0.00 0.00 0.00 4797 4509 3.27 2.70 12.15 0.17 -0.09 0.24 -0.2710 0.2155

% sent 1882 log lines

