% start
%% starting
% Basebot log for Dicte
% Sample time 1000 us, Gear 9.60, Wheels 0.03 m, PPR 48
% maximum log samples 3571 each sized 112 bytes
% 1 time (sec)
% 2 state
% 3   Desired value
% 4-5 motor voltage (left,right) (V)
% 6-7 Encoder count (left, right)
% 8-9 motor vel (left, right) (rad/s)
% 10  Battery voltage (V)
% 11-13 gyro (x,y,z) (deg/s)
% 14-15 motor current (left, right) (A)
0.0000 10 0.00 0.00 0.00 0 0 0.00 0.00 5.21 -0.091 -0.091 -0.175 -0.0775 0.1030
0.0010 10 0.00 0.00 0.00 0 0 0.00 0.00 5.20 -0.091 -0.030 0.069 -0.0640 0.0895
0.0020 10 0.00 0.00 0.00 0 0 0.00 0.00 5.20 -0.213 0.062 0.130 -0.0775 0.0985
0.0030 10 0.00 0.00 0.00 0 0 0.00 0.00 5.20 -0.304 -0.182 0.039 -0.0685 0.0985
0.0040 10 0.00 0.00 0.00 0 0 0.00 0.00 5.20 0.031 -0.274 0.039 -0.0730 0.0940
0.0050 10 0.00 0.00 0.00 0 0 0.00 0.00 5.20 0.367 -0.304 -0.022 -0.0730 0.0850
0.0060 10 0.00 0.00 0.00 0 0 0.00 0.00 5.21 0.123 -0.121 -0.083 -0.0730 0.0940
0.0070 10 0.00 0.00 0.00 0 0 0.00 0.00 5.20 -0.030 -0.030 -0.083 -0.0775 0.0940
0.0080 10 0.00 0.00 0.00 0 0 0.00 0.00 5.20 0.062 -0.060 -0.236 -0.0775 0.1075
0.0090 10 0.00 0.00 0.00 0 0 0.00 0.00 5.20 0.123 0.123 -0.022 -0.0640 0.0985
0.0100 10 0.00 0.00 0.00 0 0 0.00 0.00 5.20 0.245 0.367 0.008 -0.0685 0.0985
0.0110 10 0.00 0.00 0.00 0 0 0.00 0.00 5.20 0.123 0.276 -0.053 -0.0640 0.0895
0.0120 10 0.00 0.00 0.00 0 0 0.00 0.00 5.20 -0.060 0.154 -0.297 -0.0595 0.0940
0.0130 10 0.00 0.00 0.00 0 0 0.00 0.00 5.20 -0.182 0.031 -0.480 -0.0640 0.0940
0.0140 10 0.00 0.00 0.00 0 0 0.00 0.00 5.20 -0.060 -0.060 -0.297 -0.0775 0.1075
0.0150 10 0.00 0.00 0.00 0 0 0.00 0.00 5.20 -0.121 0.154 0.100 -0.0685 0.1030
0.0160 10 0.00 0.00 0.00 0 0 0.00 0.00 5.20 -0.182 0.123 0.100 -0.0685 0.1030
0.0170 10 0.00 0.00 0.00 0 0 0.00 0.00 5.20 -0.182 -0.060 0.069 -0.0685 0.0940
0.0180 10 0.00 0.00 0.00 0 0 0.00 0.00 5.20 -0.121 -0.060 0.008 -0.0730 0.0940
0.0190 10 0.00 0.00 0.00 0 0 0.00 0.00 5.20 -0.091 0.001 0.069 -0.0685 0.0985
0.0200 10 0.00 0.00 0.00 0 0 0.00 0.00 5.20 0.214 0.154 0.130 -0.0685 0.1030
0.0210 10 0.00 0.00 0.00 0 0 0.00 0.00 5.21 0.214 0.123 0.130 -0.0820 0.1120
0.0220 10 0.00 0.00 0.00 0 0 0.00 0.00 5.20 0.184 -0.091 0.130 -0.0730 0.0940
0.0230 10 0.00 0.00 0.00 0 0 0.00 0.00 5.20 -0.060 -0.304 -0.053 -0.0685 0.0985
0.0240 10 0.00 0.00 0.00 0 0 0.00 0.00 5.20 -0.396 -0.243 -0.206 -0.0730 0.0940
0.0250 10 0.00 0.00 0.00 0 0 0.00 0.00 5.20 0.001 0.001 -0.053 -0.0730 0.0985
0.0260 10 0.00 0.00 0.00 0 0 0.00 0.00 5.20 0.123 -0.213 0.008 -0.0730 0.1075
0.0270 10 0.00 0.00 0.00 0 0 0.00 0.00 5.20 -0.060 -0.182 0.069 -0.0775 0.0940
0.0280 10 0.00 0.00 0.00 0 0 0.00 0.00 5.20 -0.152 -0.030 0.130 -0.0775 0.0940
0.0290 10 0.00 0.00 0.00 0 0 0.00 0.00 5.20 -0.030 0.001 0.100 -0.0730 0.0985
0.0300 10 0.00 0.00 0.00 0 0 0.00 0.00 5.20 0.184 0.001 -0.206 -0.0775 0.1030
0.0310 10 0.00 0.00 0.00 0 0 0.00 0.00 5.20 0.306 -0.182 -0.206 -0.0730 0.0940
0.0320 10 0.00 0.00 0.00 0 0 0.00 0.00 5.19 0.031 -0.365 -0.022 -0.0640 0.0940
0.0330 10 0.00 0.00 0.00 0 0 0.00 0.00 5.20 0.062 -0.213 0.008 -0.0730 0.0985
0.0340 10 0.00 0.00 0.00 0 0 0.00 0.00 5.20 -0.121 -0.060 0.100 -0.0685 0.0940
0.0350 10 0.00 0.00 0.00 0 0 0.00 0.00 5.20 -0.091 0.031 0.130 -0.0685 0.1075
0.0360 10 0.00 0.00 0.00 0 0 0.00 0.00 5.22 0.092 -0.060 -0.053 -0.0685 0.1075
0.0370 10 0.00 0.00 0.00 0 0 0.00 0.00 5.19 0.184 0.062 -0.114 -0.0775 0.0940
0.0380 10 0.00 0.00 0.00 0 0 0.00 0.00 5.20 -0.060 -0.030 -0.022 -0.0775 0.0985
0.0390 10 0.00 0.00 0.00 0 0 0.00 0.00 5.20 -0.060 0.031 0.069 -0.0685 0.0985
0.0400 10 0.00 0.00 0.00 0 0 0.00 0.00 5.22 0.031 0.031 0.130 -0.0820 0.0850
0.0410 10 0.00 0.00 0.00 0 0 0.00 0.00 5.20 -0.152 -0.152 0.161 -0.0730 0.0940
0.0420 10 0.00 0.00 0.00 0 0 0.00 0.00 5.20 -0.121 -0.030 -0.022 -0.0775 0.0895
0.0430 10 0.00 0.00 0.00 0 0 0.00 0.00 5.20 0.123 0.001 -0.114 -0.0730 0.0895
0.0440 10 0.00 0.00 0.00 0 0 0.00 0.00 5.20 0.031 -0.121 -0.114 -0.0775 0.0985
0.0450 10 0.00 0.00 0.00 0 0 0.00 0.00 5.20 -0.213 -0.152 -0.236 -0.0730 0.0895
0.0460 10 0.00 0.00 0.00 0 0 0.00 0.00 5.20 -0.121 -0.091 -0.022 -0.0730 0.1075
0.0470 10 0.00 0.00 0.00 0 0 0.00 0.00 5.20 -0.030 0.001 0.252 -0.0685 0.0985
0.0480 10 0.00 0.00 0.00 0 0 0.00 0.00 5.20 0.092 -0.121 0.191 -0.0685 0.0940
0.0490 10 0.00 0.00 0.00 0 0 0.00 0.00 5.20 0.001 -0.030 -0.022 -0.0730 0.1120
0.0500 10 0.00 0.00 0.00 0 0 0.00 0.00 5.20 0.031 0.154 0.008 -0.0685 0.0940
0.0510 10 0.00 0.00 0.00 0 0 0.00 0.00 5.20 -0.030 0.215 0.100 -0.0730 0.1075
0.0520 10 0.00 0.00 0.00 0 0 0.00 0.00 5.20 0.153 0.001 0.161 -0.0595 0.0940
0.0530 10 0.00 0.00 0.00 0 0 0.00 0.00 5.19 0.092 -0.030 0.161 -0.0730 0.0985
0.0540 10 0.00 0.00 0.00 0 0 0.00 0.00 5.20 -0.060 0.001 0.008 -0.0640 0.1030
0.0550 10 0.00 0.00 0.00 0 0 0.00 0.00 5.20 0.092 0.154 0.100 -0.0685 0.0940
0.0560 10 0.00 0.00 0.00 0 0 0.00 0.00 5.20 -0.152 0.184 -0.114 -0.0685 0.1030
0.0570 10 0.00 0.00 0.00 0 0 0.00 0.00 5.20 -0.091 -0.091 -0.175 -0.0730 0.1120
0.0580 10 0.00 0.00 0.00 0 0 0.00 0.00 5.20 0.062 -0.182 -0.022 -0.0775 0.0985
0.0590 10 0.00 0.00 0.00 0 0 0.00 0.00 5.20 0.336 -0.213 -0.114 -0.0640 0.0940
0.0600 10 0.00 0.00 0.00 0 0 0.00 0.00 5.20 0.123 -0.274 -0.022 -0.0775 0.0895
0.0610 10 0.00 0.00 0.00 0 0 0.00 0.00 5.21 -0.060 -0.060 0.008 -0.0730 0.1030
0.0620 10 0.00 0.00 0.00 0 0 0.00 0.00 5.20 0.031 -0.182 -0.022 -0.0640 0.1075
0.0630 10 0.00 0.00 0.00 0 0 0.00 0.00 5.20 -0.091 -0.060 -0.083 -0.0730 0.0940
0.0640 10 0.00 0.00 0.00 0 0 0.00 0.00 5.19 -0.121 0.062 -0.083 -0.0685 0.1030
0.0650 10 0.00 0.00 0.00 0 0 0.00 0.00 5.20 0.062 -0.152 -0.022 -0.0775 0.0985
0.0660 10 0.00 0.00 0.00 0 0 0.00 0.00 5.20 -0.030 -0.274 0.008 -0.0820 0.0940
0.0670 10 0.00 0.00 0.00 0 0 0.00 0.00 5.21 0.123 -0.304 0.008 -0.0775 0.0985
0.0680 10 0.00 0.00 0.00 0 0 0.00 0.00 5.20 0.092 0.062 -0.206 -0.0640 0.0895
0.0690 10 0.00 0.00 0.00 0 0 0.00 0.00 5.20 -0.030 0.123 -0.175 -0.0685 0.0940
0.0700 10 0.00 0.00 0.00 0 0 0.00 0.00 5.20 -0.091 -0.152 -0.267 -0.0730 0.1030
0.0710 10 0.00 0.00 0.00 0 0 0.00 0.00 5.20 -0.152 -0.213 -0.297 -0.0685 0.1075
0.0720 10 0.00 0.00 0.00 0 0 0.00 0.00 5.20 -0.091 0.001 -0.175 -0.0775 0.0940
0.0730 10 0.00 0.00 0.00 0 0 0.00 0.00 5.20 0.001 0.001 0.100 -0.0685 0.0985
0.0740 10 0.00 0.00 0.00 0 0 0.00 0.00 5.20 -0.060 0.031 0.191 -0.0640 0.1075
0.0750 10 0.00 0.00 0.00 0 0 0.00 0.00 5.21 -0.091 0.154 0.069 -0.0730 0.0940
0.0760 10 0.00 0.00 0.00 0 0 0.00 0.00 5.20 -0.243 0.184 0.069 -0.0775 0.0985
0.0770 10 0.00 0.00 0.00 0 0 0.00 0.00 5.20 -0.091 0.031 0.130 -0.0640 0.1030
0.0780 10 0.00 0.00 0.00 0 0 0.00 0.00 5.20 0.031 -0.274 0.008 -0.0685 0.0985
0.0790 10 0.00 0.00 0.00 0 0 0.00 0.00 5.20 0.153 -0.274 -0.114 -0.0865 0.1030
0.0800 10 0.00 0.00 0.00 0 0 0.00 0.00 5.20 0.062 -0.152 -0.053 -0.0640 0.0895
0.0810 10 0.00 0.00 0.00 0 0 0.00 0.00 5.20 0.153 -0.030 0.191 -0.0685 0.0985
0.0820 10 0.00 0.00 0.00 0 0 0.00 0.00 5.20 0.092 -0.060 0.191 -0.0730 0.0985
0.0830 10 0.00 0.00 0.00 0 0 0.00 0.00 5.20 0.336 -0.121 0.100 -0.0730 0.0895
0.0840 10 0.00 0.00 0.00 0 0 0.00 0.00 5.20 0.123 0.001 0.069 -0.0685 0.0940
0.0850 10 0.00 0.00 0.00 0 0 0.00 0.00 5.20 0.031 0.031 -0.114 -0.0685 0.0895
0.0860 10 0.00 0.00 0.00 0 0 0.00 0.00 5.20 0.031 -0.182 -0.114 -0.0730 0.1075
0.0870 10 0.00 0.00 0.00 0 0 0.00 0.00 5.20 0.092 -0.152 -0.206 -0.0595 0.0985
0.0880 10 0.00 0.00 0.00 0 0 0.00 0.00 5.20 0.123 0.215 0.069 -0.0775 0.1030
0.0890 10 0.00 0.00 0.00 0 0 0.00 0.00 5.20 0.184 0.184 0.161 -0.0775 0.1030
0.0900 10 0.00 0.00 0.00 0 0 0.00 0.00 5.20 0.153 0.062 0.039 -0.0640 0.0985
0.0910 10 0.00 0.00 0.00 0 0 0.00 0.00 5.20 0.092 -0.091 -0.053 -0.0595 0.0985
0.0920 10 0.00 0.00 0.00 0 0 0.00 0.00 5.20 0.153 0.062 0.008 -0.0730 0.1030
0.0930 10 0.00 0.00 0.00 0 0 0.00 0.00 5.20 0.275 0.398 0.008 -0.0685 0.1120
0.0940 10 0.00 0.00 0.00 0 0 0.00 0.00 5.20 0.367 0.154 -0.053 -0.0820 0.0940
0.0950 10 0.00 0.00 0.00 0 0 0.00 0.00 5.20 0.214 -0.060 -0.114 -0.0685 0.1030
0.0960 10 0.00 0.00 0.00 0 0 0.00 0.00 5.20 0.031 -0.121 -0.114 -0.0640 0.0985
0.0970 10 0.00 0.00 0.00 0 0 0.00 0.00 5.20 -0.060 -0.335 -0.175 -0.0730 0.1030
0.0980 10 0.00 0.00 0.00 0 0 0.00 0.00 5.20 -0.182 -0.091 -0.053 -0.0640 0.0850
0.0990 10 0.00 0.00 0.00 0 0 0.00 0.00 5.19 -0.060 -0.274 -0.145 -0.0685 0.1030
0.1000 11 1.50 1.50 1.50 0 0 0.00 0.00 5.20 -0.121 -0.274 -0.114 -0.0685 0.1030
0.1010 11 1.50 1.50 1.50 0 0 0.00 0.00 5.20 0.123 -0.152 -0.022 0.0305 0.1525
0.1020 11 1.50 1.50 1.50 0 0 0.00 0.00 5.17 0.245 -0.152 0.069 0.0350 0.1615
0.1030 11 1.50 1.50 1.50 0 0 0.00 0.00 5.15 -0.091 -0.304 0.008 0.0305 0.1705
0.1040 11 1.50 1.50 1.50 0 0 0.00 0.00 5.15 -0.335 -0.426 0.008 0.0170 0.1840
0.1050 11 1.50 1.50 1.50 0 0 0.00 0.00 5.15 0.214 -0.243 0.039 0.0215 0.1795
0.1060 11 1.50 1.50 1.50 0 0 0.00 0.00 5.15 0.184 0.001 -0.022 0.0080 0.1885
0.1070 11 1.50 1.50 1.50 0 0 0.00 0.00 5.14 -0.060 0.245 0.130 0.0350 0.1885
0.1080 11 1.50 1.50 1.50 0 0 0.00 0.00 5.15 -0.091 0.337 0.069 0.0350 0.1885
0.1090 11 1.50 1.50 1.50 0 0 0.00 0.00 5.15 0.031 0.276 -0.175 0.0395 0.1885
0.1100 11 1.50 1.50 1.50 0 0 0.00 0.00 5.15 0.092 0.184 0.039 0.0125 0.1480
0.1110 11 1.50 1.50 1.50 0 0 0.00 0.00 5.15 0.153 0.092 0.008 0.0125 0.1345
0.1120 11 1.50 1.50 1.50 1 0 0.00 0.00 5.17 0.153 0.001 -0.083 0.0125 0.1075
0.1130 11 1.50 1.50 1.50 1 0 0.00 0.00 5.17 0.001 0.001 0.039 0.0170 0.1030
0.1140 11 1.50 1.50 1.50 1 0 0.00 0.00 5.17 -0.091 -0.030 0.039 0.0170 0.0985
0.1150 11 1.50 1.50 1.50 1 0 0.00 0.00 5.17 -0.030 0.062 -0.114 0.0080 0.0850
0.1160 11 1.50 1.50 1.50 1 0 0.00 0.00 5.16 0.062 -0.152 -0.114 0.0035 0.1030
0.1170 11 1.50 1.50 1.50 1 0 0.00 0.00 5.17 0.123 -0.243 -0.175 0.0080 0.0940
0.1180 11 1.50 1.50 1.50 1 0 0.00 0.00 5.17 -0.091 0.031 -0.114 -0.0055 0.0940
0.1190 11 1.50 1.50 1.50 1 0 0.00 0.00 5.18 0.092 0.062 -0.022 0.0035 0.1030
0.1200 11 1.50 1.50 1.50 1 0 0.00 0.00 5.18 0.123 -0.182 -0.053 0.0035 0.1030
0.1210 11 1.50 1.50 1.50 1 0 0.00 0.00 5.18 -0.182 -0.152 -0.022 0.0035 0.1165
0.1220 11 1.50 1.50 1.50 1 0 0.00 0.00 5.18 0.062 -0.060 -0.175 0.0125 0.1165
0.1230 11 1.50 1.50 1.50 1 0 0.00 0.00 5.17 0.092 -0.121 -0.206 -0.0010 0.1120
0.1240 11 1.50 1.50 1.50 1 0 0.00 0.00 5.18 -0.091 0.001 -0.236 0.0035 0.1075
0.1250 11 1.50 1.50 1.50 1 0 0.00 0.00 5.18 0.031 0.123 -0.267 0.0125 0.1075
0.1260 11 1.50 1.50 1.50 1 0 0.00 0.00 5.18 0.245 0.062 -0.236 -0.0145 0.1120
0.1270 11 1.50 1.50 1.50 1 0 0.00 0.00 5.18 0.245 0.154 -0.083 0.0080 0.1480
0.1280 11 1.50 1.50 1.50 1 0 0.00 0.00 5.17 0.123 -0.030 -0.083 -0.0010 0.1120
0.1290 11 1.50 1.50 1.50 1 0 0.00 0.00 5.17 0.123 0.001 -0.114 0.0035 0.1390
0.1300 11 1.50 1.50 1.50 1 0 0.00 0.00 5.17 0.062 -0.030 -0.053 0.0080 0.1750
0.1310 11 1.50 1.50 1.50 1 0 0.00 0.00 5.16 0.184 0.031 0.130 0.0125 0.1705
0.1320 11 1.50 1.50 1.50 1 0 0.00 0.00 5.16 0.184 0.154 0.039 0.0305 0.1705
0.1330 11 1.50 1.50 1.50 1 0 0.00 0.00 5.15 0.031 0.062 -0.114 0.0395 0.1615
0.1340 11 1.50 1.50 1.50 1 0 0.00 0.00 5.15 -0.060 0.062 -0.053 0.0215 0.1885
0.1350 11 1.50 1.50 1.50 1 0 0.00 0.00 5.16 0.123 0.245 0.130 0.0215 0.1525
0.1360 11 1.50 1.50 1.50 1 0 0.00 0.00 5.16 0.031 0.031 -0.022 0.0080 0.1390
0.1370 11 1.50 1.50 1.50 1 0 0.00 0.00 5.16 0.031 -0.243 -0.145 0.0080 0.1165
0.1380 11 1.50 1.50 1.50 1 0 0.00 0.00 5.17 0.123 -0.304 -0.053 0.0035 0.1300
0.1390 11 1.50 1.50 1.50 1 0 0.00 0.00 5.16 0.092 -0.030 -0.206 0.0305 0.1345
0.1400 11 1.50 1.50 1.50 1 0 0.00 0.00 5.16 0.184 0.001 -0.114 0.0530 0.1390
0.1410 11 1.50 1.50 1.50 1 0 0.00 0.00 5.16 0.123 0.062 -0.083 0.0260 0.1345
0.1420 11 1.50 1.50 1.50 1 0 0.00 0.00 5.16 -0.121 -0.121 -0.267 0.0485 0.1345
0.1430 11 1.50 1.50 1.50 1 0 0.00 0.00 5.16 0.123 -0.030 -0.267 0.0530 0.1345
0.1440 11 1.50 1.50 1.50 1 0 0.00 0.00 5.15 -0.091 0.092 -0.114 0.0305 0.1345
0.1450 11 1.50 1.50 1.50 1 0 0.00 0.00 5.16 -0.243 -0.030 0.161 0.0395 0.1255
0.1460 11 1.50 1.50 1.50 1 0 0.00 0.00 5.16 0.001 -0.030 0.283 0.0395 0.1300
0.1470 11 1.50 1.50 1.50 1 0 0.00 0.00 5.16 0.062 -0.152 0.039 0.0485 0.1165
0.1480 11 1.50 1.50 1.50 1 0 0.00 0.00 5.15 0.001 -0.060 -0.206 0.0575 0.1210
0.1490 11 1.50 1.50 1.50 1 0 0.00 0.00 5.15 -0.091 0.031 -0.236 0.0575 0.1345
0.1500 11 1.50 1.50 1.50 1 0 0.00 0.00 5.15 0.001 0.031 -0.114 0.0575 0.1390
0.1510 11 1.50 1.50 1.50 1 0 0.00 0.00 5.15 0.092 -0.030 0.130 0.0530 0.1345
0.1520 11 1.50 1.50 1.50 1 0 0.00 0.00 5.15 0.001 0.154 0.008 0.0440 0.1255
0.1530 11 1.50 1.50 1.50 2 0 0.00 0.00 5.16 0.062 0.062 0.069 0.0305 0.1345
0.1540 11 1.50 1.50 1.50 2 0 0.00 0.00 5.16 0.062 0.031 -0.083 0.0260 0.1300
0.1550 11 1.50 1.50 1.50 2 0 0.00 0.00 5.16 -0.152 0.031 -0.053 0.0215 0.1300
0.1560 11 1.50 1.50 1.50 2 0 0.00 0.00 5.16 0.001 0.001 0.069 0.0080 0.1300
0.1570 11 1.50 1.50 1.50 2 0 0.00 0.00 5.17 0.245 0.001 0.039 0.0080 0.1570
0.1580 11 1.50 1.50 1.50 2 0 0.00 0.00 5.16 0.123 0.062 0.039 -0.0190 0.1435
0.1590 11 1.50 1.50 1.50 2 0 0.00 0.00 5.17 -0.121 0.031 -0.022 -0.0055 0.1480
0.1600 11 1.50 1.50 1.50 2 0 0.00 0.00 5.17 0.062 0.123 -0.022 0.0080 0.1390
0.1610 11 1.50 1.50 1.50 3 0 0.00 0.00 5.16 0.092 0.001 0.039 -0.0010 0.1480
0.1620 11 1.50 1.50 1.50 3 0 0.00 0.00 5.17 0.123 -0.030 0.039 -0.0010 0.1570
0.1630 11 1.50 1.50 1.50 3 0 0.00 0.00 5.17 0.092 -0.182 0.130 -0.0145 0.1570
0.1640 11 1.50 1.50 1.50 3 0 0.00 0.00 5.16 0.031 -0.304 0.344 0.0080 0.1525
0.1650 11 1.50 1.50 1.50 3 0 0.00 0.00 5.16 0.123 -0.060 0.008 -0.0010 0.1435
0.1660 11 1.50 1.50 1.50 3 0 0.00 0.00 5.17 0.214 0.154 -0.022 -0.0010 0.1525
0.1670 11 1.50 1.50 1.50 3 0 0.00 0.00 5.16 -0.091 0.031 0.130 -0.0010 0.1525
0.1680 11 1.50 1.50 1.50 3 0 0.00 0.00 5.17 0.001 -0.030 0.161 -0.0010 0.1570
0.1690 11 1.50 1.50 1.50 3 0 0.00 0.00 5.16 0.092 0.001 0.039 -0.0010 0.1480
0.1700 11 1.50 1.50 1.50 4 0 8.97 0.00 5.16 0.245 0.092 -0.083 -0.0010 0.1435
0.1710 11 1.50 1.50 1.50 4 0 8.97 0.00 5.17 0.214 0.092 -0.145 -0.0055 0.1615
0.1720 11 1.50 1.50 1.50 4 0 8.97 0.00 5.18 -0.030 0.184 -0.083 -0.0055 0.1525
0.1730 11 1.50 1.50 1.50 4 0 8.97 0.00 5.17 -0.152 0.154 0.069 -0.0370 0.1435
0.1740 11 1.50 1.50 1.50 4 0 8.97 0.00 5.17 0.092 -0.152 0.100 -0.0010 0.1525
0.1750 11 1.50 1.50 1.50 4 0 8.97 0.00 5.17 0.001 0.001 0.039 -0.0100 0.1525
0.1760 11 1.50 1.50 1.50 4 0 8.97 0.00 5.17 -0.213 0.062 0.039 -0.0010 0.1525
0.1770 11 1.50 1.50 1.50 4 0 8.97 0.00 5.17 -0.304 0.031 0.069 -0.0010 0.1480
0.1780 11 1.50 1.50 1.50 4 0 8.97 0.00 5.17 0.062 0.092 0.161 -0.0100 0.1750
0.1790 11 1.50 1.50 1.50 4 0 8.97 0.00 5.17 0.275 -0.030 -0.022 0.0080 0.1525
0.1800 11 1.50 1.50 1.50 4 0 8.97 0.00 5.17 0.275 -0.060 0.008 0.0035 0.1480
0.1810 11 1.50 1.50 1.50 4 0 8.97 0.00 5.17 0.062 0.215 0.008 0.0035 0.1570
0.1820 11 1.50 1.50 1.50 4 0 8.97 0.00 5.16 -0.030 0.428 -0.022 -0.0010 0.1390
0.1830 11 1.50 1.50 1.50 4 0 8.97 0.00 5.16 0.031 0.154 0.161 0.0170 0.1525
0.1840 11 1.50 1.50 1.50 4 0 8.97 0.00 5.16 0.062 0.215 0.069 0.0080 0.1480
0.1850 11 1.50 1.50 1.50 4 0 8.97 0.00 5.16 0.062 0.001 -0.145 0.0215 0.1480
0.1860 11 1.50 1.50 1.50 4 0 8.97 0.00 5.16 0.062 -0.213 -0.175 0.0170 0.1525
0.1870 11 1.50 1.50 1.50 4 0 8.97 0.00 5.16 0.153 0.123 -0.114 0.0080 0.1435
0.1880 11 1.50 1.50 1.50 4 0 8.97 0.00 5.16 0.306 0.184 -0.114 0.0125 0.1435
0.1890 11 1.50 1.50 1.50 4 0 8.97 0.00 5.16 0.062 0.123 -0.053 0.0125 0.1480
0.1900 11 1.50 1.50 1.50 4 0 8.97 0.00 5.16 -0.213 -0.304 -0.206 0.0170 0.1480
0.1910 11 1.50 1.50 1.50 4 0 8.97 0.00 5.16 -0.152 -0.335 -0.114 0.0170 0.1480
0.1920 11 1.50 1.50 1.50 4 0 8.97 0.00 5.16 -0.030 0.001 0.100 0.0125 0.1570
0.1930 11 1.50 1.50 1.50 4 0 8.97 0.00 5.16 -0.060 0.184 0.252 0.0215 0.1480
0.1940 11 1.50 1.50 1.50 4 0 8.97 0.00 5.16 0.001 0.215 0.130 0.0215 0.1390
0.1950 11 1.50 1.50 1.50 4 0 8.97 0.00 5.16 0.062 0.154 0.130 0.0125 0.1435
0.1960 11 1.50 1.50 1.50 5 0 0.00 0.00 5.16 0.001 -0.030 0.100 0.0215 0.1435
0.1970 11 1.50 1.50 1.50 5 0 0.00 0.00 5.16 0.123 -0.030 0.191 0.0215 0.1525
0.1980 11 1.50 1.50 1.50 5 0 0.00 0.00 5.16 0.153 0.001 0.008 0.0125 0.1480
0.1990 11 1.50 1.50 1.50 5 0 0.00 0.00 5.16 0.062 0.123 0.008 0.0215 0.1525
0.2000 11 1.50 1.50 1.50 5 0 0.00 0.00 5.16 0.184 0.276 -0.022 0.0305 0.1300
0.2010 11 1.50 1.50 1.50 5 0 0.00 0.00 5.16 0.275 0.123 0.039 0.0215 0.1435
0.2020 11 1.50 1.50 1.50 5 0 0.00 0.00 5.16 0.092 0.031 -0.083 0.0170 0.1525
0.2030 11 1.50 1.50 1.50 5 0 0.00 0.00 5.16 -0.152 0.062 -0.236 0.0170 0.1435
0.2040 11 1.50 1.50 1.50 5 0 0.00 0.00 5.16 -0.213 0.092 -0.297 0.0215 0.1480
0.2050 11 1.50 1.50 1.50 5 0 0.00 0.00 5.16 0.123 -0.030 -0.358 0.0125 0.1390
0.2060 11 1.50 1.50 1.50 5 0 0.00 0.00 5.16 0.153 -0.030 -0.145 0.0350 0.1435
0.2070 11 1.50 1.50 1.50 5 0 0.00 0.00 5.16 0.062 -0.091 -0.145 0.0395 0.1345
0.2080 11 1.50 1.50 1.50 5 0 0.00 0.00 5.16 -0.091 -0.121 -0.083 0.0215 0.1435
0.2090 11 1.50 1.50 1.50 5 0 0.00 0.00 5.16 0.031 0.154 -0.114 0.0305 0.1435
0.2100 11 1.50 1.50 1.50 5 0 0.00 0.00 5.15 0.062 0.184 -0.206 0.0260 0.1525
0.2110 11 1.50 1.50 1.50 5 0 0.00 0.00 5.16 0.031 -0.060 -0.022 0.0260 0.1525
0.2120 11 1.50 1.50 1.50 5 0 0.00 0.00 5.16 -0.121 -0.121 -0.083 0.0305 0.1480
0.2130 11 1.50 1.50 1.50 5 0 0.00 0.00 5.16 -0.030 0.001 -0.236 0.0305 0.1390
0.2140 11 1.50 1.50 1.50 5 0 0.00 0.00 5.16 -0.030 0.184 -0.206 0.0440 0.1390
0.2150 11 1.50 1.50 1.50 5 0 0.00 0.00 5.16 0.062 0.092 0.100 0.0440 0.1435
0.2160 11 1.50 1.50 1.50 5 0 0.00 0.00 5.16 0.092 -0.060 0.283 0.0170 0.1480
0.2170 11 1.50 1.50 1.50 5 0 0.00 0.00 5.16 -0.030 0.031 0.191 0.0215 0.1570
0.2180 11 1.50 1.50 1.50 5 0 0.00 0.00 5.16 0.031 0.001 -0.053 0.0305 0.1480
0.2190 11 1.50 1.50 1.50 5 0 0.00 0.00 5.16 0.031 -0.060 -0.206 0.0215 0.1390
0.2200 11 1.50 1.50 1.50 6 0 7.83 0.00 5.16 0.092 0.062 -0.145 0.0350 0.1615
0.2210 11 1.50 1.50 1.50 6 0 7.83 0.00 5.16 0.153 -0.060 -0.053 0.0305 0.1480
0.2220 11 1.50 1.50 1.50 6 0 7.83 0.00 5.16 0.092 -0.182 -0.175 0.0350 0.1435
0.2230 11 1.50 1.50 1.50 6 0 7.83 0.00 5.16 0.031 0.245 -0.236 0.0530 0.1345
0.2240 11 1.50 1.50 1.50 6 0 7.83 0.00 5.16 0.214 0.123 0.039 0.0260 0.1435
0.2250 11 1.50 1.50 1.50 6 0 7.83 0.00 5.16 0.001 -0.152 0.130 0.0260 0.1345
0.2260 11 1.50 1.50 1.50 6 0 7.83 0.00 5.16 -0.121 -0.335 0.069 0.0215 0.1390
0.2270 11 1.50 1.50 1.50 6 0 7.83 0.00 5.16 0.001 -0.365 -0.175 0.0035 0.1660
0.2280 11 1.50 1.50 1.50 6 0 7.76 0.00 5.16 0.001 -0.213 0.130 0.0260 0.1525
0.2290 11 1.50 1.50 1.50 6 0 7.65 0.00 5.15 0.184 0.154 0.283 0.0125 0.1525
0.2300 11 1.50 1.50 1.50 6 0 7.54 0.00 5.16 0.245 0.031 0.222 0.0305 0.1435
0.2310 11 1.50 1.50 1.50 6 0 7.43 0.00 5.16 -0.060 0.062 0.069 0.0125 0.1615
0.2320 11 1.50 1.50 1.50 6 0 7.33 0.00 5.16 -0.030 0.215 -0.175 0.0215 0.1570
0.2330 11 1.50 1.50 1.50 6 0 7.23 0.00 5.16 0.001 0.031 -0.328 0.0125 0.1480
0.2340 11 1.50 1.50 1.50 6 0 7.13 0.00 5.16 0.031 -0.182 -0.206 -0.0010 0.1525
0.2350 11 1.50 1.50 1.50 6 0 7.03 0.00 5.16 -0.030 -0.091 -0.145 0.0665 0.1525
0.2360 11 1.50 1.50 1.50 7 0 6.97 0.00 5.16 -0.060 -0.121 -0.053 0.1115 0.1570
0.2370 11 1.50 1.50 1.50 7 0 6.97 0.00 5.17 -0.060 0.001 0.100 -0.0010 0.1480
0.2380 11 1.50 1.50 1.50 7 0 6.97 0.00 5.16 0.123 0.001 0.100 -0.0010 0.1480
0.2390 11 1.50 1.50 1.50 7 0 6.97 0.00 5.16 0.153 0.062 -0.114 0.0035 0.1480
0.2400 11 1.50 1.50 1.50 7 0 6.97 0.00 5.17 0.031 0.031 -0.206 0.1205 0.1615
0.2410 11 1.50 1.50 1.50 7 0 6.97 0.00 5.16 -0.091 -0.152 -0.083 0.0035 0.1480
0.2420 11 1.50 1.50 1.50 7 0 6.97 0.00 5.16 0.184 -0.091 -0.114 -0.0010 0.1480
0.2430 11 1.50 1.50 1.50 7 0 6.97 0.00 5.16 0.214 -0.060 -0.083 0.0080 0.1525
0.2440 11 1.50 1.50 1.50 7 0 6.97 0.00 5.17 0.153 -0.030 0.130 0.1430 0.1615
0.2450 11 1.50 1.50 1.50 7 0 6.93 0.00 5.16 0.031 0.031 0.374 0.0125 0.1570
0.2460 11 1.50 1.50 1.50 7 0 6.84 0.00 5.16 0.123 0.031 0.374 0.0035 0.1615
0.2470 11 1.50 1.50 1.50 7 0 6.75 0.00 5.16 0.275 -0.060 0.283 0.0035 0.1660
0.2480 11 1.50 1.50 1.50 7 0 6.66 0.00 5.16 0.123 0.154 0.130 -0.0010 0.1570
0.2490 11 1.50 1.50 1.50 7 0 6.58 0.00 5.16 -0.152 0.001 0.283 0.0035 0.1525
0.2500 11 1.50 1.50 1.50 7 0 6.50 0.00 5.17 -0.182 -0.121 0.100 -0.0145 0.1570
0.2510 11 1.50 1.50 1.50 7 0 6.42 0.00 5.17 -0.030 -0.182 0.130 -0.0010 0.1525
0.2520 11 1.50 1.50 1.50 7 0 6.34 0.00 5.16 -0.121 -0.091 -0.053 0.0035 0.1615
0.2530 11 1.50 1.50 1.50 7 0 6.26 0.00 5.16 0.031 0.001 0.039 0.0125 0.1435
0.2540 11 1.50 1.50 1.50 7 0 6.19 0.00 5.16 0.031 0.092 0.100 0.0215 0.1615
0.2550 11 1.50 1.50 1.50 7 0 6.12 0.00 5.16 -0.030 0.031 0.161 0.0035 0.1570
0.2560 11 1.50 1.50 1.50 8 0 6.11 0.00 5.16 0.153 0.001 0.161 0.0170 0.1615
0.2570 11 1.50 1.50 1.50 8 0 6.11 0.00 5.16 0.062 0.062 0.069 -0.0010 0.1570
0.2580 11 1.50 1.50 1.50 8 0 6.11 0.00 5.16 0.031 -0.152 -0.145 0.0170 0.1390
0.2590 11 1.50 1.50 1.50 8 0 6.11 0.00 5.18 0.184 -0.121 -0.145 -0.0010 0.1435
0.2600 11 1.50 1.50 1.50 8 0 6.11 0.00 5.16 0.031 -0.152 0.039 0.0080 0.1570
0.2610 11 1.50 1.50 1.50 8 0 6.11 0.00 5.16 -0.060 -0.030 0.008 0.0035 0.1615
0.2620 11 1.50 1.50 1.50 8 0 6.11 0.00 5.16 -0.091 0.031 -0.236 0.0170 0.1480
0.2630 11 1.50 1.50 1.50 8 0 6.11 0.00 5.18 0.001 -0.030 -0.358 0.0260 0.1480
0.2640 11 1.50 1.50 1.50 8 0 6.11 0.00 5.16 -0.030 0.001 -0.083 0.0170 0.1570
0.2650 11 1.50 1.50 1.50 8 0 6.11 0.00 5.16 -0.152 -0.060 -0.022 0.0080 0.1525
0.2660 11 1.50 1.50 1.50 8 0 6.11 0.00 5.16 -0.274 -0.030 -0.145 0.0170 0.1525
0.2670 11 1.50 1.50 1.50 8 0 6.11 0.00 5.16 -0.030 0.123 -0.022 0.0125 0.1435
0.2680 11 1.50 1.50 1.50 8 0 6.11 0.00 5.16 0.245 0.001 -0.053 0.0125 0.1750
0.2690 11 1.50 1.50 1.50 8 0 6.11 0.00 5.16 0.062 -0.182 0.069 0.0125 0.1480
0.2700 11 1.50 1.50 1.50 8 0 6.11 0.00 5.16 -0.121 0.062 -0.022 0.0260 0.1480
0.2710 11 1.50 1.50 1.50 8 0 6.11 0.00 5.17 -0.121 0.092 -0.053 0.0035 0.1435
0.2720 11 1.50 1.50 1.50 8 0 6.11 0.00 5.16 -0.213 0.276 -0.083 0.0125 0.1570
0.2730 11 1.50 1.50 1.50 8 0 6.11 0.00 5.16 -0.274 0.062 -0.083 0.0080 0.1525
0.2740 11 1.50 1.50 1.50 8 0 6.11 0.00 5.16 -0.091 -0.182 0.039 0.0035 0.1435
0.2750 11 1.50 1.50 1.50 8 0 6.11 0.00 5.16 -0.030 -0.182 0.008 0.0035 0.1525
0.2760 11 1.50 1.50 1.50 8 0 6.11 0.00 5.16 -0.182 -0.213 -0.053 0.0080 0.1750
0.2770 11 1.50 1.50 1.50 8 0 6.11 0.00 5.16 -0.060 -0.091 -0.083 0.0305 0.1570
0.2780 11 1.50 1.50 1.50 8 0 6.11 0.00 5.16 0.153 -0.030 -0.145 0.0035 0.1660
0.2790 11 1.50 1.50 1.50 8 0 6.11 0.00 5.16 0.428 -0.060 -0.145 0.0080 0.1570
0.2800 11 1.50 1.50 1.50 8 0 6.11 0.00 5.16 0.275 0.001 -0.083 0.0080 0.1480
0.2810 11 1.50 1.50 1.50 8 0 6.10 0.00 5.16 0.275 0.092 -0.175 0.0035 0.1480
0.2820 11 1.50 1.50 1.50 8 0 6.03 0.00 5.16 0.062 0.001 -0.145 0.0125 0.1435
0.2830 11 1.50 1.50 1.50 8 0 5.96 0.00 5.16 -0.213 -0.152 -0.114 0.0035 0.1480
0.2840 11 1.50 1.50 1.50 8 0 5.89 0.00 5.16 -0.030 -0.213 0.008 0.0170 0.1570
0.2850 11 1.50 1.50 1.50 8 0 5.83 0.00 5.16 0.245 -0.030 0.130 0.0170 0.1525
0.2860 11 1.50 1.50 1.50 8 0 5.76 0.00 5.16 -0.060 0.001 0.039 0.0170 0.1390
0.2870 11 1.50 1.50 1.50 8 0 5.70 0.00 5.16 -0.243 -0.091 -0.053 -0.0055 0.1570
0.2880 11 1.50 1.50 1.50 8 0 5.64 0.00 5.16 0.001 -0.182 -0.083 0.0170 0.1480
0.2890 11 1.50 1.50 1.50 8 0 5.58 0.00 5.16 0.153 -0.121 -0.175 0.0125 0.1525
0.2900 11 1.50 1.50 1.50 8 0 5.52 0.00 5.17 0.092 -0.060 -0.053 0.0125 0.1570
0.2910 11 1.50 1.50 1.50 8 0 5.46 0.00 5.16 0.092 -0.152 -0.175 0.0170 0.1570
0.2920 11 1.50 1.50 1.50 8 0 5.40 0.00 5.14 0.214 -0.152 -0.083 0.0125 0.1480
0.2930 11 1.50 1.50 1.50 8 0 5.35 0.00 5.16 0.245 -0.060 -0.053 0.0080 0.1570
0.2940 11 1.50 1.50 1.50 8 0 5.30 0.00 5.16 0.092 -0.060 -0.145 0.0125 0.1525
0.2950 11 1.50 1.50 1.50 8 0 5.24 0.00 5.16 0.001 -0.121 -0.206 -0.0010 0.1570
0.2960 11 1.50 1.50 1.50 8 0 5.19 0.00 5.16 0.001 0.062 -0.236 0.0080 0.1570
0.2970 11 1.50 1.50 1.50 8 0 5.14 0.00 5.16 -0.060 0.154 -0.236 0.0125 0.1525
0.2980 11 1.50 1.50 1.50 8 0 5.09 0.00 5.16 -0.060 0.001 -0.145 0.0080 0.1615
0.2990 11 1.50 1.50 1.50 8 0 5.04 0.00 5.16 0.214 0.001 0.100 0.0170 0.1525
0.3000 11 1.50 1.50 1.50 8 0 4.99 0.00 5.16 0.275 -0.060 0.008 0.0125 0.1660
0.3010 11 1.50 1.50 1.50 8 0 4.95 0.00 5.16 0.062 -0.030 -0.145 0.0125 0.1480
0.3020 11 1.50 1.50 1.50 8 0 4.90 0.00 5.16 -0.060 0.154 -0.083 0.0080 0.1660
0.3030 11 1.50 1.50 1.50 8 0 4.85 0.00 5.16 0.031 0.001 0.130 0.0080 0.1390
0.3040 11 1.50 1.50 1.50 8 0 4.81 0.00 5.16 -0.060 -0.152 0.039 0.0170 0.1480
0.3050 11 1.50 1.50 1.50 8 0 4.77 0.00 5.16 0.031 -0.152 0.100 0.0080 0.1525
0.3060 11 1.50 1.50 1.50 8 0 4.72 0.00 5.16 -0.030 -0.060 0.100 0.0170 0.1615
0.3070 11 1.50 1.50 1.50 8 0 4.68 0.00 5.17 0.001 0.092 0.069 0.0080 0.1390
0.3080 11 1.50 1.50 1.50 8 0 4.64 0.00 5.16 -0.030 0.001 0.069 0.0125 0.1480
0.3090 11 1.50 1.50 1.50 8 0 4.60 0.00 5.16 -0.121 -0.152 0.222 0.0035 0.1525
0.3100 11 1.50 1.50 1.50 8 0 4.56 0.00 5.16 0.092 -0.060 0.191 0.0080 0.1480
0.3110 11 1.50 1.50 1.50 8 0 4.52 0.00 5.16 0.062 0.031 0.130 0.0125 0.1570
0.3120 11 1.50 1.50 1.50 8 0 4.48 0.00 5.16 0.214 0.031 0.252 0.0035 0.1570
0.3130 11 1.50 1.50 1.50 8 0 4.44 0.00 5.16 0.336 0.001 0.100 0.0215 0.1480
0.3140 11 1.50 1.50 1.50 8 0 4.40 0.00 5.16 -0.030 -0.030 -0.114 0.0035 0.1525
0.3150 11 1.50 1.50 1.50 8 0 4.37 0.00 5.16 -0.091 -0.152 -0.206 0.0170 0.1525
0.3160 11 1.50 1.50 1.50 8 0 4.33 0.00 5.16 -0.152 -0.121 -0.114 0.0170 0.1435
0.3170 11 1.50 1.50 1.50 8 0 4.30 0.00 5.16 0.031 0.062 -0.053 -0.0010 0.1525
0.3180 11 1.50 1.50 1.50 8 0 4.26 0.00 5.16 -0.030 -0.060 -0.083 0.0080 0.1480
0.3190 11 1.50 1.50 1.50 8 0 4.23 0.00 5.17 -0.121 -0.091 0.069 0.0080 0.1525
0.3200 11 1.50 1.50 1.50 8 0 4.19 0.00 5.16 0.153 -0.213 0.222 0.0125 0.1480
0.3210 11 1.50 1.50 1.50 8 0 4.16 0.00 5.16 0.092 -0.335 0.161 0.0035 0.1480
0.3220 11 1.50 1.50 1.50 8 0 4.13 0.00 5.18 -0.152 -0.152 -0.053 0.0080 0.1660
0.3230 11 1.50 1.50 1.50 8 0 4.09 0.00 5.16 -0.060 -0.121 -0.083 0.0170 0.1570
0.3240 11 1.50 1.50 1.50 8 0 4.06 0.00 5.16 0.245 -0.152 0.008 0.0125 0.1525
0.3250 11 1.50 1.50 1.50 8 0 4.03 0.00 5.16 0.001 -0.060 0.222 0.0080 0.1615
0.3260 11 1.50 1.50 1.50 8 0 4.00 0.00 5.16 0.031 -0.152 0.069 0.0080 0.1525
0.3270 11 1.50 1.50 1.50 8 0 3.97 0.00 5.16 0.092 0.092 -0.236 0.0125 0.1570
0.3280 11 1.50 1.50 1.50 8 0 3.94 0.00 5.16 0.092 0.092 -0.053 0.0125 0.1435
0.3290 11 1.50 1.50 1.50 8 0 3.91 0.00 5.17 0.031 -0.060 -0.022 0.0125 0.1660
0.3300 11 1.50 1.50 1.50 8 0 3.88 0.00 5.16 -0.060 0.245 0.008 0.0170 0.1570
0.3310 11 1.50 1.50 1.50 8 0 3.85 0.00 5.16 -0.030 0.184 -0.022 0.0125 0.1480
0.3320 11 1.50 1.50 1.50 8 0 3.83 0.00 5.16 0.123 -0.121 -0.022 0.0170 0.1525
0.3330 11 1.50 1.50 1.50 8 0 3.80 0.00 5.16 0.123 -0.243 0.100 0.0170 0.1660
0.3340 11 1.50 1.50 1.50 8 0 3.77 0.00 5.16 0.001 -0.091 0.008 0.0080 0.1525
0.3350 11 1.50 1.50 1.50 8 0 3.74 0.00 5.16 0.123 0.031 -0.145 0.0125 0.1615
0.3360 11 1.50 1.50 1.50 8 0 3.72 0.00 5.17 0.153 0.123 -0.083 0.0170 0.1435
0.3370 11 1.50 1.50 1.50 8 0 3.69 0.00 5.16 0.153 0.154 -0.053 -0.0010 0.1525
0.3380 11 1.50 1.50 1.50 8 0 3.66 0.00 5.16 0.092 0.092 -0.022 0.0170 0.1570
0.3390 11 1.50 1.50 1.50 8 0 3.64 0.00 5.16 0.031 0.062 -0.083 0.0080 0.1525
0.3400 11 1.50 1.50 1.50 8 0 3.61 0.00 5.16 -0.121 -0.030 -0.053 0.0125 0.1570
0.3410 11 1.50 1.50 1.50 8 0 3.59 0.00 5.16 -0.121 -0.152 0.008 0.0260 0.1525
0.3420 11 1.50 1.50 1.50 8 0 3.56 0.00 5.16 0.092 -0.152 -0.022 0.0170 0.1480
0.3430 11 1.50 1.50 1.50 8 0 3.54 0.00 5.16 0.214 0.031 0.130 0.0035 0.1615
0.3440 11 1.50 1.50 1.50 8 0 3.52 0.00 5.16 0.001 0.092 -0.206 0.0170 0.1480
0.3450 11 1.50 1.50 1.50 8 0 3.49 0.00 5.16 -0.091 -0.091 -0.175 0.0125 0.1570
0.3460 11 1.50 1.50 1.50 8 0 3.47 0.00 5.16 0.092 -0.091 -0.175 0.0035 0.1480
0.3470 11 1.50 1.50 1.50 8 0 3.45 0.00 5.16 0.306 -0.152 -0.114 0.0170 0.1660
0.3480 11 1.50 1.50 1.50 8 0 3.43 0.00 5.16 0.214 -0.182 -0.114 0.0170 0.1435
0.3490 11 1.50 1.50 1.50 8 0 3.40 0.00 5.16 0.062 0.001 0.100 0.0125 0.1570
0.3500 11 1.50 1.50 1.50 8 0 3.38 0.00 5.16 -0.030 -0.030 0.283 0.0035 0.1570
0.3510 11 1.50 1.50 1.50 8 0 3.36 0.00 5.16 0.001 0.001 0.252 0.0080 0.1615
0.3520 11 1.50 1.50 1.50 8 0 3.34 0.00 5.16 -0.243 0.154 0.008 0.0215 0.1525
0.3530 11 1.50 1.50 1.50 8 0 3.32 0.00 5.16 -0.213 0.031 -0.022 0.0035 0.1570
0.3540 11 1.50 1.50 1.50 8 0 3.30 0.00 5.16 0.275 0.092 -0.267 0.0215 0.1525
0.3550 11 1.50 1.50 1.50 8 0 3.28 0.00 5.16 0.397 -0.182 -0.175 0.0035 0.1570
0.3560 11 1.50 1.50 1.50 8 0 3.25 0.00 5.16 0.184 -0.426 0.008 0.0080 0.1570
0.3570 11 1.50 1.50 1.50 8 0 3.23 0.00 5.16 0.001 -0.396 -0.145 0.0125 0.1570
0.3580 11 1.50 1.50 1.50 8 0 3.21 0.00 5.16 -0.121 -0.426 -0.175 0.0215 0.1570
0.3590 11 1.50 1.50 1.50 8 0 3.20 0.00 5.16 -0.121 -0.213 -0.206 0.0170 0.1570
0.3600 11 1.50 1.50 1.50 8 0 3.18 0.00 5.16 0.031 -0.091 0.008 0.0125 0.1390
0.3610 11 1.50 1.50 1.50 8 0 3.16 0.00 5.16 0.123 0.001 0.069 0.0125 0.1525
0.3620 11 1.50 1.50 1.50 8 0 3.14 0.00 5.16 0.123 0.092 0.222 0.0080 0.1525
0.3630 11 1.50 1.50 1.50 8 0 3.12 0.00 5.16 -0.030 -0.121 0.252 0.0080 0.1435
0.3640 11 1.50 1.50 1.50 8 0 3.10 0.00 5.16 0.031 -0.152 -0.022 0.0080 0.1615
0.3650 11 1.50 1.50 1.50 8 0 3.08 0.00 5.16 0.214 -0.060 -0.175 0.0080 0.1570
0.3660 11 1.50 1.50 1.50 8 0 3.06 0.00 5.17 0.031 -0.091 -0.175 0.0080 0.1480
0.3670 11 1.50 1.50 1.50 8 0 3.05 0.00 5.16 -0.182 -0.091 0.100 0.0080 0.1480
0.3680 11 1.50 1.50 1.50 8 0 3.03 0.00 5.16 -0.091 0.001 0.191 0.0125 0.1570
0.3690 11 1.50 1.50 1.50 8 0 3.01 0.00 5.16 -0.091 -0.274 0.130 0.0080 0.1525
0.3700 11 1.50 1.50 1.50 8 0 2.99 0.00 5.16 0.062 -0.121 0.008 0.0080 0.1480
0.3710 11 1.50 1.50 1.50 8 0 2.98 0.00 5.16 0.245 -0.121 -0.083 0.0170 0.1480
0.3720 11 1.50 1.50 1.50 8 0 2.96 0.00 5.17 0.184 0.031 -0.083 0.0170 0.1525
0.3730 11 1.50 1.50 1.50 8 0 2.94 0.00 5.16 -0.060 0.092 0.100 0.0080 0.1570
0.3740 11 1.50 1.50 1.50 8 0 2.93 0.00 5.16 -0.213 0.184 0.069 0.0035 0.1570
0.3750 11 1.50 1.50 1.50 8 0 2.91 0.00 5.16 -0.060 0.245 -0.083 0.0125 0.1570
0.3760 11 1.50 1.50 1.50 8 0 2.89 0.00 5.16 0.184 -0.030 -0.022 0.0170 0.1570
0.3770 11 1.50 1.50 1.50 8 0 2.88 0.00 5.16 0.092 -0.152 0.008 0.0125 0.1615
0.3780 11 1.50 1.50 1.50 8 0 2.86 0.00 5.16 0.123 -0.182 -0.022 0.0215 0.1525
0.3790 11 1.50 1.50 1.50 8 0 2.85 0.00 5.16 0.153 -0.152 -0.206 0.0125 0.1525
0.3800 11 1.50 1.50 1.50 8 0 2.83 0.00 5.16 -0.091 -0.243 -0.206 0.0125 0.1480
0.3810 11 1.50 1.50 1.50 8 0 2.82 0.00 5.16 0.031 -0.243 -0.236 0.0170 0.1570
0.3820 11 1.50 1.50 1.50 8 0 2.80 0.00 5.16 0.123 -0.091 -0.358 0.0125 0.1390
0.3830 11 1.50 1.50 1.50 8 0 2.79 0.00 5.16 0.062 -0.060 -0.236 0.0125 0.1525
0.3840 11 1.50 1.50 1.50 8 0 2.77 0.00 5.16 -0.030 0.123 0.008 -0.0010 0.1525
0.3850 11 1.50 1.50 1.50 8 0 2.76 0.00 5.16 0.001 0.092 -0.022 0.0170 0.1480
0.3860 11 1.50 1.50 1.50 8 0 2.74 0.00 5.16 -0.030 0.001 -0.083 0.0125 0.1480
0.3870 11 1.50 1.50 1.50 8 0 2.73 0.00 5.16 0.031 0.184 -0.206 0.0170 0.1480
0.3880 11 1.50 1.50 1.50 8 0 2.71 0.00 5.16 0.092 -0.060 -0.206 0.0080 0.1435
0.3890 11 1.50 1.50 1.50 8 0 2.70 0.00 5.16 0.123 -0.152 -0.083 0.0080 0.1480
0.3900 11 1.50 1.50 1.50 8 0 2.69 0.00 5.16 0.092 -0.213 0.100 0.0080 0.1570
0.3910 11 1.50 1.50 1.50 8 0 2.67 0.00 5.15 -0.091 -0.060 0.100 0.0125 0.1615
0.3920 11 1.50 1.50 1.50 8 0 2.66 0.00 5.16 -0.213 0.031 0.069 0.0170 0.1615
0.3930 11 1.50 1.50 1.50 8 0 2.65 0.00 5.16 -0.030 0.031 -0.022 0.0215 0.1615
0.3940 11 1.50 1.50 1.50 8 0 2.63 0.00 5.16 0.001 -0.091 -0.145 0.0170 0.1615
0.3950 11 1.50 1.50 1.50 8 0 2.62 0.00 5.16 0.001 -0.030 -0.083 0.0125 0.1570
0.3960 11 1.50 1.50 1.50 8 0 2.61 0.00 5.16 0.153 0.001 -0.053 0.0170 0.1525
0.3970 11 1.50 1.50 1.50 8 0 2.59 0.00 5.15 -0.060 -0.121 0.069 0.0170 0.1615
0.3980 11 1.50 1.50 1.50 8 0 2.58 0.00 5.16 -0.060 -0.060 -0.297 0.0170 0.1705
0.3990 11 1.50 1.50 1.50 8 0 2.57 0.00 5.16 0.153 -0.060 -0.267 0.0035 0.1615
0.4000 11 1.50 1.50 1.50 8 0 2.56 0.00 5.16 0.123 -0.060 -0.145 0.0080 0.1570
0.4010 11 1.50 1.50 1.50 8 0 2.54 0.00 5.16 0.123 -0.060 0.222 0.0080 0.1570
0.4020 11 1.50 1.50 1.50 8 0 2.53 0.00 5.16 -0.152 -0.030 0.191 0.0080 0.1525
0.4030 11 1.50 1.50 1.50 8 0 2.52 0.00 5.16 -0.213 -0.121 -0.022 0.0170 0.1480
0.4040 11 1.50 1.50 1.50 8 0 2.51 0.00 5.16 -0.152 -0.152 0.008 0.0125 0.1615
0.4050 11 1.50 1.50 1.50 8 0 2.49 0.00 5.16 0.031 -0.091 0.100 0.0080 0.1525
0.4060 11 1.50 1.50 1.50 8 0 2.48 0.00 5.16 0.214 0.123 0.100 0.0125 0.1570
0.4070 11 1.50 1.50 1.50 8 0 2.47 0.00 5.16 0.336 0.245 -0.114 0.0080 0.1480
0.4080 11 1.50 1.50 1.50 8 0 2.46 0.00 5.16 0.153 0.337 -0.145 0.0170 0.1390
0.4090 11 1.50 1.50 1.50 8 0 2.45 0.00 5.16 -0.060 -0.091 0.008 0.0170 0.1525
0.4100 11 1.50 1.50 1.50 8 0 2.44 0.00 5.16 -0.152 -0.091 -0.114 0.0080 0.1525
0.4110 11 1.50 1.50 1.50 8 0 2.43 0.00 5.16 -0.243 0.001 -0.053 0.0125 0.1435
0.4120 11 1.50 1.50 1.50 8 0 2.41 0.00 5.16 -0.213 0.001 -0.022 0.0125 0.1570
0.4130 11 1.50 1.50 1.50 8 0 2.40 0.00 5.16 -0.091 0.062 0.100 0.0080 0.1615
0.4140 11 1.50 1.50 1.50 8 0 2.39 0.00 5.16 -0.152 -0.030 0.069 0.0080 0.1525
0.4150 11 1.50 1.50 1.50 8 0 2.38 0.00 5.16 -0.152 0.092 0.008 0.0215 0.1525
0.4160 11 1.50 1.50 1.50 8 0 2.37 0.00 5.16 0.184 0.154 -0.053 0.0170 0.1525
0.4170 11 1.50 1.50 1.50 8 0 2.36 0.00 5.16 0.092 -0.030 -0.206 0.0035 0.1525
0.4180 11 1.50 1.50 1.50 8 0 2.35 0.00 5.16 0.001 -0.243 -0.083 0.0125 0.1570
0.4190 11 1.50 1.50 1.50 8 0 2.34 0.00 5.16 0.062 -0.182 0.039 0.0170 0.1615
0.4200 11 1.50 1.50 1.50 8 0 2.33 0.00 5.16 0.153 0.062 0.008 0.0080 0.1390
0.4210 11 1.50 1.50 1.50 8 0 2.32 0.00 5.16 0.062 0.001 -0.145 0.0125 0.1390
0.4220 11 1.50 1.50 1.50 8 0 2.31 0.00 5.16 -0.121 -0.152 -0.053 0.0215 0.1435
0.4230 11 1.50 1.50 1.50 8 0 2.30 0.00 5.17 -0.060 -0.030 0.069 0.0170 0.1570
0.4240 11 1.50 1.50 1.50 8 0 2.29 0.00 5.16 0.214 0.092 0.069 0.0125 0.1525
0.4250 11 1.50 1.50 1.50 8 0 2.28 0.00 5.16 0.245 0.062 0.008 0.0260 0.1525
0.4260 11 1.50 1.50 1.50 8 0 2.27 0.00 5.16 0.275 -0.091 0.100 0.0215 0.1480
0.4270 11 1.50 1.50 1.50 8 0 2.26 0.00 5.16 0.092 0.031 -0.053 0.0080 0.1480
0.4280 11 1.50 1.50 1.50 8 0 2.25 0.00 5.16 0.062 0.001 -0.206 0.0125 0.1525
0.4290 11 1.50 1.50 1.50 8 0 2.24 0.00 5.16 0.275 -0.152 -0.053 -0.0010 0.1525
0.4300 11 1.50 1.50 1.50 8 0 2.23 0.00 5.16 0.123 -0.152 0.191 0.0080 0.1615
0.4310 11 1.50 1.50 1.50 8 0 2.22 0.00 5.16 -0.152 -0.030 0.069 0.0170 0.1390
0.4320 11 1.50 1.50 1.50 8 0 2.21 0.00 5.18 0.062 0.092 -0.114 0.0125 0.1615
0.4330 11 1.50 1.50 1.50 8 0 2.20 0.00 5.17 0.123 0.031 -0.236 0.0125 0.1615
0.4340 11 1.50 1.50 1.50 8 0 2.19 0.00 5.16 0.153 0.123 0.161 0.0080 0.1525
0.4350 11 1.50 1.50 1.50 8 0 2.18 0.00 5.16 0.214 0.001 0.130 0.0080 0.1435
0.4360 11 1.50 1.50 1.50 8 0 2.17 0.00 5.16 0.153 -0.152 -0.053 0.0125 0.1615
0.4370 11 1.50 1.50 1.50 8 0 2.16 0.00 5.16 -0.091 -0.091 -0.145 0.0080 0.1390
0.4380 11 1.50 1.50 1.50 8 0 2.16 0.00 5.16 -0.182 0.031 0.130 0.0170 0.1435
0.4390 11 1.50 1.50 1.50 8 0 2.15 0.00 5.16 -0.030 -0.060 0.130 0.0125 0.1390
0.4400 11 1.50 1.50 1.50 8 0 2.14 0.00 5.16 0.031 -0.213 -0.022 0.0080 0.1660
0.4410 11 1.50 1.50 1.50 8 0 2.13 0.00 5.17 0.031 -0.182 -0.114 0.0125 0.1480
0.4420 11 1.50 1.50 1.50 8 0 2.12 0.00 5.17 0.092 0.031 -0.114 0.0170 0.1525
0.4430 11 1.50 1.50 1.50 8 0 2.11 0.00 5.16 0.062 0.092 0.222 0.0125 0.1525
0.4440 11 1.50 1.50 1.50 8 0 2.10 0.00 5.16 -0.030 0.092 0.283 0.0080 0.1525
0.4450 11 1.50 1.50 1.50 8 0 2.10 0.00 5.16 0.031 0.031 0.039 0.0170 0.1570
0.4460 11 1.50 1.50 1.50 8 0 2.09 0.00 5.16 0.001 0.092 -0.022 0.0080 0.1525
0.4470 11 1.50 1.50 1.50 8 0 2.08 0.00 5.16 0.001 0.001 -0.175 0.0170 0.1435
0.4480 11 1.50 1.50 1.50 8 0 2.07 0.00 5.16 -0.121 0.031 -0.145 0.0215 0.1435
0.4490 11 1.50 1.50 1.50 8 0 2.06 0.00 5.16 -0.152 -0.030 -0.083 0.0170 0.1525
0.4500 11 1.50 1.50 1.50 8 0 2.05 0.00 5.16 -0.182 -0.030 0.130 0.0215 0.1525
0.4510 11 1.50 1.50 1.50 8 0 2.05 0.00 5.16 -0.060 0.031 0.069 0.0035 0.1435
0.4520 11 1.50 1.50 1.50 8 0 2.04 0.00 5.16 0.031 -0.030 -0.022 0.0125 0.1570
0.4530 11 1.50 1.50 1.50 8 0 2.03 0.00 5.16 0.092 0.001 -0.175 0.0170 0.1525
0.4540 11 1.50 1.50 1.50 8 0 2.02 0.00 5.16 -0.030 -0.091 -0.175 0.0170 0.1435
0.4550 11 1.50 1.50 1.50 8 0 2.01 0.00 5.16 0.062 -0.091 -0.022 0.0170 0.1570
0.4560 11 1.50 1.50 1.50 8 0 2.01 0.00 5.16 0.153 -0.060 0.008 0.0080 0.1525
0.4570 11 1.50 1.50 1.50 8 0 0.00 0.00 5.16 -0.060 -0.030 -0.114 0.0125 0.1480
0.4580 11 1.50 1.50 1.50 8 0 0.00 0.00 5.16 0.031 -0.091 -0.083 0.0125 0.1660
0.4590 11 1.50 1.50 1.50 8 0 0.00 0.00 5.16 0.153 -0.335 -0.053 0.0080 0.1525
0.4600 11 1.50 1.50 1.50 8 0 0.00 0.00 5.16 0.123 -0.365 0.069 0.0125 0.1480
0.4610 11 1.50 1.50 1.50 8 0 0.00 0.00 5.16 -0.030 -0.152 0.313 0.0035 0.1435
0.4620 11 1.50 1.50 1.50 8 0 0.00 0.00 5.16 0.092 -0.030 0.161 0.0080 0.1525
0.4630 11 1.50 1.50 1.50 8 0 0.00 0.00 5.17 0.031 0.031 -0.083 0.0080 0.1480
0.4640 11 1.50 1.50 1.50 8 0 0.00 0.00 5.17 0.031 -0.182 0.069 0.0170 0.1435
0.4650 11 1.50 1.50 1.50 8 0 0.00 0.00 5.16 0.031 -0.274 0.069 0.0170 0.1480
0.4660 11 1.50 1.50 1.50 8 0 0.00 0.00 5.16 0.306 -0.091 -0.022 0.0215 0.1480
0.4670 11 1.50 1.50 1.50 8 0 0.00 0.00 5.16 0.184 0.031 -0.236 0.0125 0.1300
0.4680 11 1.50 1.50 1.50 8 0 0.00 0.00 5.16 -0.030 0.184 -0.022 0.0080 0.1435
0.4690 11 1.50 1.50 1.50 8 0 0.00 0.00 5.16 -0.091 0.001 0.039 0.0080 0.1435
0.4700 11 1.50 1.50 1.50 8 0 0.00 0.00 5.16 0.062 -0.243 0.008 0.0080 0.1525
0.4710 11 1.50 1.50 1.50 8 0 0.00 0.00 5.16 0.367 -0.243 0.008 0.0215 0.1435
0.4720 11 1.50 1.50 1.50 8 0 0.00 0.00 5.16 0.275 -0.060 0.069 0.0170 0.1345
0.4730 11 1.50 1.50 1.50 8 0 0.00 0.00 5.16 0.062 0.306 0.161 0.0170 0.1480
0.4740 11 1.50 1.50 1.50 8 0 0.00 0.00 5.16 -0.091 0.428 -0.114 0.0170 0.1570
0.4750 11 1.50 1.50 1.50 8 0 0.00 0.00 5.16 -0.030 0.123 0.039 0.0125 0.1480
0.4760 11 1.50 1.50 1.50 8 0 0.00 0.00 5.16 -0.030 -0.091 0.100 0.0125 0.1480
0.4770 11 1.50 1.50 1.50 8 0 0.00 0.00 5.16 0.001 -0.274 0.039 0.0215 0.1525
0.4780 11 1.50 1.50 1.50 8 0 0.00 0.00 5.16 -0.060 -0.243 0.069 0.0260 0.1390
0.4790 11 1.50 1.50 1.50 8 0 0.00 0.00 5.16 0.031 -0.121 0.161 0.0125 0.1525
0.4800 11 1.50 1.50 1.50 8 0 0.00 0.00 5.16 0.153 -0.030 -0.053 0.0170 0.1480
0.4810 11 1.50 1.50 1.50 8 0 0.00 0.00 5.16 0.184 -0.091 -0.145 0.0125 0.1480
0.4820 11 1.50 1.50 1.50 8 0 0.00 0.00 5.16 0.153 -0.091 -0.022 0.0125 0.1345
0.4830 11 1.50 1.50 1.50 8 0 0.00 0.00 5.16 0.153 -0.121 0.100 0.0170 0.1480
0.4840 11 1.50 1.50 1.50 8 0 0.00 0.00 5.18 0.062 0.001 0.191 0.0035 0.1435
0.4850 11 1.50 1.50 1.50 8 0 0.00 0.00 5.16 -0.030 -0.121 -0.022 0.0080 0.1525
0.4860 11 1.50 1.50 1.50 8 0 0.00 0.00 5.16 0.153 -0.243 -0.206 0.0125 0.1435
0.4870 11 1.50 1.50 1.50 8 0 0.00 0.00 5.17 0.153 -0.121 -0.145 0.0215 0.1435
0.4880 11 1.50 1.50 1.50 8 0 0.00 0.00 5.16 0.245 0.245 -0.083 0.0170 0.1435
0.4890 11 1.50 1.50 1.50 8 0 0.00 0.00 5.16 0.245 0.123 -0.175 0.0170 0.1480
0.4900 11 1.50 1.50 1.50 8 0 0.00 0.00 5.16 0.092 0.092 -0.053 0.0170 0.1345
0.4910 11 1.50 1.50 1.50 8 0 0.00 0.00 5.17 0.001 0.092 -0.114 0.0170 0.1480
0.4920 11 1.50 1.50 1.50 8 0 0.00 0.00 5.16 0.001 0.001 -0.053 0.0215 0.1435
0.4930 11 1.50 1.50 1.50 8 0 0.00 0.00 5.16 -0.091 -0.121 -0.175 0.0215 0.1525
0.4940 11 1.50 1.50 1.50 8 0 0.00 0.00 5.16 -0.060 -0.030 -0.328 0.0215 0.1435
0.4950 11 1.50 1.50 1.50 8 0 0.00 0.00 5.16 0.031 -0.091 -0.083 0.0080 0.1480
0.4960 11 1.50 1.50 1.50 8 0 0.00 0.00 5.16 0.031 -0.121 -0.114 0.0215 0.1435
0.4970 11 1.50 1.50 1.50 8 0 0.00 0.00 5.17 0.001 -0.060 -0.267 0.0125 0.1390
0.4980 11 1.50 1.50 1.50 8 0 0.00 0.00 5.16 0.001 -0.091 -0.175 0.0080 0.1390
0.4990 11 1.50 1.50 1.50 8 0 0.00 0.00 5.16 -0.213 -0.182 -0.083 0.0035 0.1525
0.5000 11 1.50 1.50 1.50 8 0 0.00 0.00 5.16 -0.030 -0.304 -0.175 0.0215 0.1525
0.5010 11 1.50 1.50 1.50 8 0 0.00 0.00 5.16 0.062 -0.030 -0.053 0.0170 0.1525
0.5020 11 1.50 1.50 1.50 8 0 0.00 0.00 5.16 -0.091 0.062 0.222 0.0080 0.1435
0.5030 11 1.50 1.50 1.50 8 0 0.00 0.00 5.16 0.001 -0.091 0.161 0.0080 0.1435
0.5040 11 1.50 1.50 1.50 8 0 0.00 0.00 5.16 0.184 -0.091 0.039 0.0125 0.1435
0.5050 11 1.50 1.50 1.50 8 0 0.00 0.00 5.16 0.123 0.062 -0.083 0.0125 0.1345
0.5060 11 1.50 1.50 1.50 8 0 0.00 0.00 5.17 0.275 -0.091 -0.175 0.0125 0.1480
0.5070 11 1.50 1.50 1.50 8 0 0.00 0.00 5.16 0.031 -0.121 -0.236 0.0170 0.1435
0.5080 11 1.50 1.50 1.50 8 0 0.00 0.00 5.16 -0.335 0.031 0.008 0.0080 0.1480
0.5090 11 1.50 1.50 1.50 8 0 0.00 0.00 5.16 -0.152 0.062 0.161 0.0170 0.1480
0.5100 11 1.50 1.50 1.50 8 0 0.00 0.00 5.16 0.153 0.062 0.252 0.0170 0.1570
0.5110 11 1.50 1.50 1.50 8 0 0.00 0.00 5.16 0.062 0.031 0.161 0.0125 0.1435
0.5120 11 1.50 1.50 1.50 8 0 0.00 0.00 5.16 -0.060 0.062 0.039 0.0170 0.1525
0.5130 11 1.50 1.50 1.50 8 0 0.00 0.00 5.16 -0.030 -0.091 -0.206 0.0080 0.1525
0.5140 11 1.50 1.50 1.50 8 0 0.00 0.00 5.16 0.153 -0.182 -0.236 0.0215 0.1525
0.5150 11 1.50 1.50 1.50 8 0 0.00 0.00 5.16 0.092 0.062 -0.114 0.0170 0.1570
0.5160 11 1.50 1.50 1.50 8 0 0.00 0.00 5.16 -0.091 -0.060 -0.114 0.0125 0.1435
0.5170 11 1.50 1.50 1.50 8 0 0.00 0.00 5.16 -0.152 -0.060 -0.145 0.0170 0.1390
0.5180 11 1.50 1.50 1.50 8 0 0.00 0.00 5.16 -0.121 -0.060 -0.114 0.0170 0.1570
0.5190 11 1.50 1.50 1.50 8 0 0.00 0.00 5.16 0.001 0.062 -0.053 0.0170 0.1390
0.5200 11 1.50 1.50 1.50 8 0 0.00 0.00 5.16 0.123 0.092 0.100 -0.0010 0.1570
0.5210 11 1.50 1.50 1.50 8 0 0.00 0.00 5.16 0.214 0.062 0.161 0.0215 0.1480
0.5220 11 1.50 1.50 1.50 8 0 0.00 0.00 5.16 0.092 -0.060 0.039 0.0125 0.1435
0.5230 11 1.50 1.50 1.50 8 0 0.00 0.00 5.15 -0.091 -0.091 0.008 0.0125 0.1480
0.5240 11 1.50 1.50 1.50 8 0 0.00 0.00 5.16 -0.152 0.031 -0.236 0.0170 0.1435
0.5250 11 1.50 1.50 1.50 8 0 0.00 0.00 5.16 -0.060 -0.213 -0.175 0.0080 0.1390
0.5260 11 1.50 1.50 1.50 8 0 0.00 0.00 5.16 0.275 -0.335 -0.328 0.0080 0.1435
0.5270 11 1.50 1.50 1.50 8 0 0.00 0.00 5.16 0.153 -0.152 -0.175 0.0170 0.1480
0.5280 11 1.50 1.50 1.50 8 0 0.00 0.00 5.16 -0.121 0.092 -0.145 0.0080 0.1390
0.5290 11 1.50 1.50 1.50 8 0 0.00 0.00 5.18 0.245 0.062 -0.206 0.0080 0.1345
0.5300 11 1.50 1.50 1.50 8 0 0.00 0.00 5.16 0.458 -0.121 -0.053 0.0125 0.1480
0.5310 11 1.50 1.50 1.50 8 0 0.00 0.00 5.16 0.214 -0.182 -0.083 0.0170 0.1480
0.5320 11 1.50 1.50 1.50 8 0 0.00 0.00 5.16 -0.030 -0.030 -0.083 0.0215 0.1525
0.5330 11 1.50 1.50 1.50 8 0 0.00 0.00 5.16 0.123 0.001 -0.083 0.0035 0.1435
0.5340 11 1.50 1.50 1.50 8 0 0.00 0.00 5.16 0.031 -0.060 0.100 0.0170 0.1525
0.5350 11 1.50 1.50 1.50 8 0 0.00 0.00 5.16 -0.030 0.062 0.344 0.0170 0.1435
0.5360 11 1.50 1.50 1.50 8 0 0.00 0.00 5.16 -0.060 0.001 0.100 0.0170 0.1480
0.5370 11 1.50 1.50 1.50 8 0 0.00 0.00 5.16 -0.152 -0.121 0.191 0.0170 0.1390
0.5380 11 1.50 1.50 1.50 8 0 0.00 0.00 5.16 -0.182 -0.060 0.191 0.0080 0.1435
0.5390 11 1.50 1.50 1.50 8 0 0.00 0.00 5.16 0.123 -0.091 0.130 0.0170 0.1435
0.5400 11 1.50 1.50 1.50 8 0 0.00 0.00 5.16 -0.030 -0.091 0.008 0.0260 0.1435
0.5410 11 1.50 1.50 1.50 8 0 0.00 0.00 5.16 -0.152 0.245 0.039 0.0170 0.1480
0.5420 11 1.50 1.50 1.50 8 0 0.00 0.00 5.16 0.092 0.092 0.008 0.0125 0.1525
0.5430 11 1.50 1.50 1.50 8 0 0.00 0.00 5.16 0.153 0.001 -0.114 0.0125 0.1480
0.5440 11 1.50 1.50 1.50 8 0 0.00 0.00 5.16 0.062 -0.091 -0.175 0.0080 0.1435
0.5450 11 1.50 1.50 1.50 8 0 0.00 0.00 5.16 -0.304 -0.060 -0.114 0.0035 0.1480
0.5460 11 1.50 1.50 1.50 8 0 0.00 0.00 5.16 -0.121 -0.030 -0.083 0.0080 0.1480
0.5470 11 1.50 1.50 1.50 8 0 0.00 0.00 5.16 -0.274 0.092 0.130 0.0170 0.1525
0.5480 11 1.50 1.50 1.50 8 0 0.00 0.00 5.16 -0.060 0.031 -0.022 0.0170 0.1390
0.5490 11 1.50 1.50 1.50 8 0 0.00 0.00 5.17 0.153 -0.091 -0.267 0.0080 0.1480
0.5500 11 1.50 1.50 1.50 8 0 0.00 0.00 5.16 0.153 0.001 -0.053 0.0170 0.1435
0.5510 11 1.50 1.50 1.50 8 0 0.00 0.00 5.16 0.153 0.031 0.252 0.0215 0.1435
0.5520 11 1.50 1.50 1.50 8 0 0.00 0.00 5.16 -0.030 0.276 0.161 0.0125 0.1570
0.5530 11 1.50 1.50 1.50 8 0 0.00 0.00 5.16 -0.091 0.306 -0.145 0.0260 0.1525
0.5540 11 1.50 1.50 1.50 8 0 0.00 0.00 5.16 0.001 -0.091 -0.114 0.0215 0.1480
0.5550 11 1.50 1.50 1.50 8 0 0.00 0.00 5.16 0.001 -0.304 0.008 -0.0010 0.1570
0.5560 11 1.50 1.50 1.50 8 0 0.00 0.00 5.16 0.184 -0.121 -0.083 0.0170 0.1435
0.5570 11 1.50 1.50 1.50 8 0 0.00 0.00 5.16 0.214 0.062 -0.114 0.0350 0.1435
0.5580 11 1.50 1.50 1.50 8 0 0.00 0.00 5.16 -0.030 0.123 -0.175 0.0170 0.1570
0.5590 11 1.50 1.50 1.50 8 0 0.00 0.00 5.16 -0.182 0.276 -0.114 0.0125 0.1525
0.5600 11 1.50 1.50 1.50 8 0 0.00 0.00 5.16 -0.060 0.092 -0.053 0.0215 0.1525
0.5610 11 1.50 1.50 1.50 8 0 0.00 0.00 5.16 0.001 0.062 0.039 0.0170 0.1345
0.5620 11 1.50 1.50 1.50 8 0 0.00 0.00 5.16 0.123 -0.152 -0.022 0.0125 0.1480
0.5630 11 1.50 1.50 1.50 8 0 0.00 0.00 5.16 -0.030 -0.274 -0.145 0.0170 0.1570
0.5640 11 1.50 1.50 1.50 8 0 0.00 0.00 5.16 -0.091 -0.060 -0.053 0.0170 0.1390
0.5650 11 1.50 1.50 1.50 8 0 0.00 0.00 5.16 -0.121 -0.121 0.008 0.0215 0.1435
0.5660 11 1.50 1.50 1.50 8 0 0.00 0.00 5.16 -0.243 -0.182 -0.083 0.0080 0.1480
0.5670 11 1.50 1.50 1.50 8 0 0.00 0.00 5.16 -0.304 -0.152 -0.053 0.0125 0.1435
0.5680 11 1.50 1.50 1.50 8 0 0.00 0.00 5.18 0.001 -0.121 -0.053 0.0170 0.1435
0.5690 11 1.50 1.50 1.50 8 0 0.00 0.00 5.16 0.275 -0.243 -0.053 0.0215 0.1480
0.5700 11 1.50 1.50 1.50 8 0 0.00 0.00 5.16 0.184 -0.152 0.039 0.0215 0.1390
0.5710 11 1.50 1.50 1.50 8 0 0.00 0.00 5.16 0.031 -0.304 0.069 0.0170 0.1435
0.5720 11 1.50 1.50 1.50 8 0 0.00 0.00 5.16 -0.030 -0.335 -0.053 0.0080 0.1615
0.5730 11 1.50 1.50 1.50 8 0 0.00 0.00 5.16 -0.091 0.001 -0.175 -0.0055 0.1435
0.5740 11 1.50 1.50 1.50 8 0 0.00 0.00 5.16 0.062 0.123 0.008 0.0125 0.1480
0.5750 11 1.50 1.50 1.50 8 0 0.00 0.00 5.16 0.184 -0.060 0.039 0.0170 0.1525
0.5760 11 1.50 1.50 1.50 8 0 0.00 0.00 5.16 0.001 0.001 0.100 0.0170 0.1480
0.5770 11 1.50 1.50 1.50 8 0 0.00 0.00 5.16 0.153 0.092 0.161 0.0080 0.1255
0.5780 11 1.50 1.50 1.50 8 0 0.00 0.00 5.16 0.245 0.154 -0.053 0.0215 0.1390
0.5790 11 1.50 1.50 1.50 8 0 0.00 0.00 5.16 0.062 0.001 -0.328 0.0260 0.1480
0.5800 11 1.50 1.50 1.50 8 0 0.00 0.00 5.16 0.092 -0.182 -0.206 0.0125 0.1390
0.5810 12 3.00 3.00 3.00 8 0 0.00 0.00 5.16 -0.091 -0.060 0.069 0.0260 0.1435
0.5820 12 3.00 3.00 3.00 8 0 0.00 0.00 5.16 -0.152 -0.121 0.130 0.2150 0.1165
0.5830 12 3.00 3.00 3.00 8 0 0.00 0.00 5.08 -0.060 -0.152 0.039 0.2690 0.1165
0.5840 12 3.00 3.00 3.00 8 0 0.00 0.00 5.05 0.001 -0.304 -0.267 0.3275 0.0850
0.5850 12 3.00 3.00 3.00 8 0 0.00 0.00 5.03 0.062 -0.335 -0.328 0.2420 0.0715
0.5860 12 3.00 3.00 3.00 8 0 0.00 0.00 5.06 0.001 0.001 -0.145 0.2150 0.0760
0.5870 12 3.00 3.00 3.00 8 0 0.00 0.00 5.08 0.214 0.306 0.100 0.2015 0.0985
0.5880 12 3.00 3.00 3.00 8 0 0.00 0.00 5.07 0.245 0.306 0.222 0.1565 0.0535
0.5890 12 3.00 3.00 3.00 8 0 0.00 0.00 5.09 0.123 -0.152 0.100 0.1520 0.0805
0.5900 12 3.00 3.00 3.00 8 0 0.00 0.00 5.10 0.062 -0.213 -0.053 0.1565 0.1120
0.5910 12 3.00 3.00 3.00 8 0 0.00 0.00 5.10 -0.030 -0.152 -0.022 0.2195 0.1345
0.5920 12 3.00 3.00 3.00 8 0 0.00 0.00 5.06 0.153 -0.121 -0.022 0.2645 0.1480
0.5930 12 3.00 3.00 3.00 9 0 1.32 0.00 5.04 0.092 0.001 -0.114 0.3230 0.1390
0.5940 12 3.00 3.00 3.00 9 0 0.00 0.00 5.03 0.092 0.001 -0.145 0.3725 0.1390
0.5950 12 3.00 3.00 3.00 9 0 0.00 0.00 5.00 0.062 0.245 -0.175 0.3995 0.1255
0.5960 12 3.00 3.00 3.00 9 0 0.00 0.00 4.98 0.092 0.367 0.008 0.3590 0.1480
0.5970 12 3.00 3.00 3.00 9 0 0.00 0.00 4.98 0.214 0.154 0.008 0.3680 0.1435
0.5980 12 3.00 3.00 3.00 9 0 0.00 0.00 4.97 0.123 -0.121 -0.083 0.3410 0.1390
0.5990 12 3.00 3.00 3.00 9 0 0.00 0.00 4.99 -0.304 0.092 0.252 0.3230 0.1255
0.6000 12 3.00 3.00 3.00 9 0 0.00 0.00 5.01 -0.182 -0.274 0.191 0.3500 0.0400
0.6010 12 3.00 3.00 3.00 10 0 1.37 0.00 5.03 -0.182 -0.518 -0.145 0.3455 0.0400
0.6020 12 3.00 3.00 3.00 10 0 0.00 0.00 5.04 -0.121 0.062 -0.175 0.3050 0.0400
0.6030 12 3.00 3.00 3.00 10 0 0.00 0.00 5.04 -0.091 0.276 -0.053 0.3365 0.0220
0.6040 12 3.00 3.00 3.00 10 1 0.00 0.00 5.06 0.062 -0.060 -0.206 0.3410 -0.0050
0.6050 12 3.00 3.00 3.00 10 1 0.00 0.00 5.05 -0.030 -0.060 -0.053 0.2015 0.0445
0.6060 12 3.00 3.00 3.00 11 1 1.42 0.00 5.09 -0.060 0.062 -0.206 0.2015 0.0310
0.6070 12 3.00 3.00 3.00 11 1 0.00 0.00 5.10 0.123 0.154 -0.236 0.1745 0.0490
0.6080 12 3.00 3.00 3.00 11 2 0.00 0.00 5.10 0.001 0.215 -0.022 0.1520 0.1210
0.6090 12 3.00 3.00 3.00 12 2 1.48 0.00 5.09 -0.152 0.367 -0.053 0.1565 0.1345
0.6100 12 3.00 3.00 3.00 12 2 1.48 0.00 5.08 -0.060 0.123 -0.022 0.1340 0.0850
0.6110 12 3.00 3.00 3.00 12 2 1.48 0.00 5.10 0.031 -0.243 0.039 0.0755 0.0895
0.6120 12 3.00 3.00 3.00 12 3 1.48 0.00 5.12 -0.060 -0.304 -0.022 0.1025 0.1210
0.6130 12 3.00 3.00 3.00 13 3 26.26 0.00 5.11 -0.060 -0.091 -0.206 0.1475 0.0850
0.6140 12 3.00 3.00 3.00 13 4 26.26 0.00 5.11 0.214 0.062 -0.053 0.2105 0.0400
0.6150 12 3.00 3.00 3.00 13 4 26.26 0.00 5.09 -0.030 -0.030 0.008 0.2285 0.0400
0.6160 12 3.00 3.00 3.00 14 4 33.41 0.00 5.09 -0.182 -0.243 0.252 0.2150 0.0445
0.6170 12 3.00 3.00 3.00 14 4 33.41 0.00 5.08 -0.274 0.062 0.344 0.1790 0.0355
0.6180 12 3.00 3.00 3.00 14 5 33.41 39.86 5.09 0.031 0.154 0.191 0.1790 0.0670
0.6190 12 3.00 3.00 3.00 14 5 33.41 39.86 5.10 0.275 0.123 0.008 0.1700 0.0850
0.6200 12 3.00 3.00 3.00 15 6 36.97 42.83 5.09 0.153 0.154 0.008 0.1340 0.1165
0.6210 12 3.00 3.00 3.00 15 6 36.97 42.83 5.10 0.031 0.001 0.100 0.1475 0.1030
0.6220 12 3.00 3.00 3.00 15 6 36.97 42.83 5.10 -0.121 -0.152 -0.114 0.1475 0.1075
0.6230 12 3.00 3.00 3.00 16 7 38.82 45.51 5.10 0.001 -0.060 -0.328 0.1970 0.0895
0.6240 12 3.00 3.00 3.00 16 7 38.82 45.51 5.08 -0.060 0.184 -0.145 0.1475 0.0490
0.6250 12 3.00 3.00 3.00 16 8 38.82 47.16 5.10 -0.121 0.398 0.039 0.0980 0.0715
0.6260 12 3.00 3.00 3.00 17 8 41.11 47.16 5.12 0.062 0.642 0.039 0.0620 0.0940
0.6270 12 3.00 3.00 3.00 17 8 41.11 47.16 5.13 0.367 0.520 -0.236 0.0620 0.1120
0.6280 12 3.00 3.00 3.00 17 9 41.11 49.41 5.13 0.214 0.123 -0.328 0.0620 0.1210
0.6290 12 3.00 3.00 3.00 18 9 43.11 49.41 5.13 0.062 -0.060 -0.297 0.0935 0.1165
0.6300 12 3.00 3.00 3.00 18 10 43.11 50.71 5.10 0.031 -0.182 0.039 0.0845 0.1210
0.6310 12 3.00 3.00 3.00 18 10 43.11 50.71 5.11 0.092 -0.243 0.161 0.0665 0.1255
0.6320 12 3.00 3.00 3.00 19 10 44.02 50.71 5.12 -0.060 -0.274 0.222 0.0440 0.0940
0.6330 12 3.00 3.00 3.00 19 11 44.02 52.24 5.13 -0.213 -0.213 0.100 0.0530 0.1120
0.6340 12 3.00 3.00 3.00 19 11 44.02 52.24 5.14 -0.304 0.154 0.039 0.0935 0.0715
0.6350 12 3.00 3.00 3.00 20 12 44.28 53.73 5.12 -0.152 -0.030 -0.145 0.0755 0.1075
0.6360 12 3.00 3.00 3.00 20 12 44.28 53.73 5.12 -0.182 -0.304 -0.083 0.0710 0.1030
0.6370 12 3.00 3.00 3.00 20 13 44.28 55.97 5.10 -0.182 -0.121 0.008 0.0665 0.1165
0.6380 12 3.00 3.00 3.00 21 13 43.98 55.97 5.12 0.275 0.062 -0.022 0.0755 0.1075
0.6390 12 3.00 3.00 3.00 21 14 43.98 57.51 5.12 0.397 0.398 -0.022 0.0530 0.1120
0.6400 12 3.00 3.00 3.00 21 14 43.87 57.51 5.13 0.153 0.276 0.069 0.0575 0.1075
0.6410 12 3.00 3.00 3.00 22 14 43.29 57.51 5.13 0.092 0.092 -0.022 0.0710 0.0940
0.6420 12 3.00 3.00 3.00 22 15 43.29 59.67 5.13 0.275 -0.121 -0.053 0.0890 0.0805
0.6430 12 3.00 3.00 3.00 22 15 43.29 59.67 5.12 0.001 -0.121 -0.175 0.1025 0.1030
0.6440 12 3.00 3.00 3.00 23 16 43.16 60.86 5.11 0.031 -0.030 -0.206 0.1340 0.1030
0.6450 12 3.00 3.00 3.00 23 16 43.16 60.86 5.10 0.031 0.123 -0.114 0.1025 0.0805
0.6460 12 3.00 3.00 3.00 23 17 43.16 60.60 5.11 -0.091 0.306 0.039 0.1160 0.0895
0.6470 12 3.00 3.00 3.00 24 17 42.98 60.60 5.11 0.062 0.276 0.008 0.1205 0.0850
0.6480 12 3.00 3.00 3.00 24 18 42.98 61.80 5.11 0.184 0.245 0.008 0.1295 0.0625
0.6490 12 3.00 3.00 3.00 24 18 42.98 61.80 5.11 0.153 -0.030 0.039 0.1430 0.0625
0.6500 12 3.00 3.00 3.00 25 19 42.90 65.24 5.11 0.062 -0.060 -0.053 0.1430 0.0670
0.6510 12 3.00 3.00 3.00 25 19 42.90 65.24 5.10 -0.030 -0.274 0.008 0.1340 0.0940
0.6520 12 3.00 3.00 3.00 25 20 42.90 66.76 5.10 0.031 -0.152 -0.022 0.1475 0.0760
0.6530 12 3.00 3.00 3.00 26 20 43.76 66.76 5.10 0.336 -0.121 -0.114 0.1430 0.0985
0.6540 12 3.00 3.00 3.00 26 21 43.76 66.99 5.10 0.428 -0.060 -0.083 0.0980 0.0715
0.6550 12 3.00 3.00 3.00 26 21 43.76 66.99 5.11 0.397 -0.030 -0.083 0.1250 0.0670
0.6560 12 3.00 3.00 3.00 27 22 45.17 67.53 5.11 0.214 -0.182 -0.053 0.0935 0.0580
0.6570 12 3.00 3.00 3.00 27 22 45.17 67.53 5.13 -0.060 -0.274 -0.114 0.0575 0.0760
0.6580 12 3.00 3.00 3.00 28 23 46.15 68.69 5.13 -0.091 0.092 -0.022 0.0530 0.0985
0.6590 12 3.00 3.00 3.00 28 24 46.15 68.75 5.14 -0.091 0.215 -0.053 0.0710 0.0895
0.6600 12 3.00 3.00 3.00 28 24 46.15 68.75 5.13 -0.030 0.062 -0.053 0.0980 0.0940
0.6610 12 3.00 3.00 3.00 29 24 46.15 68.75 5.12 0.123 0.184 0.008 0.1205 0.0490
0.6620 12 3.00 3.00 3.00 29 25 46.15 67.98 5.12 0.367 0.092 -0.022 0.1250 0.0670
0.6630 12 3.00 3.00 3.00 29 26 46.15 68.06 5.11 0.275 0.062 0.039 0.0935 0.0850
0.6640 12 3.00 3.00 3.00 30 26 46.24 68.06 5.12 0.184 0.031 0.191 0.1250 0.0895
0.6650 12 3.00 3.00 3.00 30 27 46.24 68.83 5.11 -0.060 0.031 0.130 0.1700 0.0715
0.6660 12 3.00 3.00 3.00 30 27 46.24 68.83 5.10 0.031 -0.060 0.100 0.1430 0.0760
0.6670 12 3.00 3.00 3.00 31 28 47.02 69.58 5.10 0.092 -0.091 -0.022 0.1610 0.0445
0.6680 12 3.00 3.00 3.00 31 28 47.02 69.58 5.10 0.001 0.031 -0.206 0.0665 0.0805
0.6690 12 3.00 3.00 3.00 32 29 47.48 70.48 5.10 0.001 0.001 -0.053 0.1025 0.1165
0.6700 12 3.00 3.00 3.00 32 29 47.48 70.48 5.11 0.092 -0.243 -0.083 0.0980 0.0760
0.6710 12 3.00 3.00 3.00 32 30 47.48 70.97 5.12 -0.091 -0.487 0.008 0.0845 0.0625
0.6720 12 3.00 3.00 3.00 33 31 47.85 71.46 5.13 -0.060 -0.396 0.039 0.0935 0.0265
0.6730 12 3.00 3.00 3.00 33 31 47.85 71.46 5.13 -0.060 -0.304 0.222 0.0935 0.0400
0.6740 12 3.00 3.00 3.00 33 32 47.85 71.52 5.13 0.062 -0.457 0.130 0.0800 0.0535
0.6750 12 3.00 3.00 3.00 34 32 48.44 71.52 5.13 -0.091 -0.243 -0.022 0.0935 0.0715
0.6760 12 3.00 3.00 3.00 34 33 48.44 70.96 5.12 -0.060 0.001 -0.145 0.1025 0.0670
0.6770 12 3.00 3.00 3.00 35 33 49.27 70.96 5.12 0.306 -0.091 -0.175 0.0530 0.0850
0.6780 12 3.00 3.00 3.00 35 34 49.27 71.09 5.14 0.336 -0.060 -0.236 0.0710 0.0850
0.6790 12 3.00 3.00 3.00 35 34 49.27 71.09 5.14 0.001 0.092 -0.175 0.0980 0.0760
0.6800 12 3.00 3.00 3.00 36 35 49.42 71.55 5.12 -0.091 0.184 -0.267 0.1250 0.0895
0.6810 12 3.00 3.00 3.00 36 36 49.42 72.25 5.11 -0.030 0.215 -0.175 0.1205 0.0760
0.6820 12 3.00 3.00 3.00 36 36 49.42 72.25 5.11 -0.030 0.092 -0.022 0.1205 0.0580
0.6830 12 3.00 3.00 3.00 37 37 49.10 74.40 5.10 0.153 -0.121 0.069 0.1250 0.0310
0.6840 12 3.00 3.00 3.00 37 37 49.10 74.40 5.12 0.245 -0.060 0.008 0.0800 0.0445
0.6850 12 3.00 3.00 3.00 38 38 49.19 74.94 5.13 0.001 0.092 0.069 0.0485 0.0805
0.6860 12 3.00 3.00 3.00 38 38 49.19 74.94 5.14 -0.152 0.154 -0.083 0.0620 0.0580
0.6870 12 3.00 3.00 3.00 38 39 49.19 73.91 5.14 0.123 0.092 -0.083 0.1295 0.0175
0.6880 12 3.00 3.00 3.00 39 40 49.13 73.86 5.12 0.031 0.092 -0.114 0.1655 0.0130
0.6890 12 3.00 3.00 3.00 39 40 49.13 73.86 5.11 -0.121 0.062 -0.236 0.1655 0.0175
0.6900 12 3.00 3.00 3.00 40 40 49.70 73.86 5.11 -0.182 0.001 -0.236 0.2105 -0.0095
0.6910 12 3.00 3.00 3.00 40 41 49.70 74.45 5.10 0.062 -0.152 -0.267 0.1745 0.0355
0.6920 12 3.00 3.00 3.00 40 42 49.70 74.43 5.11 0.275 -0.091 -0.083 0.1475 0.0670
0.6930 12 3.00 3.00 3.00 41 42 51.12 74.43 5.10 0.245 -0.274 0.100 0.1295 0.0850
0.6940 12 3.00 3.00 3.00 41 43 51.12 73.90 5.10 0.214 -0.304 0.191 0.0935 0.0805
0.6950 12 3.00 3.00 3.00 42 43 52.41 73.90 5.12 0.123 -0.121 0.039 0.0890 0.1075
0.6960 12 3.00 3.00 3.00 42 44 52.41 73.72 5.12 0.001 0.092 -0.114 0.1160 0.0535
0.6970 12 3.00 3.00 3.00 42 44 52.41 73.72 5.11 -0.091 0.184 -0.206 0.1115 0.0670
0.6980 12 3.00 3.00 3.00 43 45 54.00 74.83 5.11 0.031 0.123 -0.145 0.0800 0.0535
0.6990 12 3.00 3.00 3.00 43 46 54.00 74.75 5.13 0.001 -0.091 -0.053 0.0980 0.0715
0.7000 12 3.00 3.00 3.00 44 46 55.22 74.75 5.13 0.001 -0.030 -0.114 0.0890 0.0670
0.7010 12 3.00 3.00 3.00 44 47 55.22 73.55 5.13 0.245 0.123 -0.175 0.0710 0.0805
0.7020 12 3.00 3.00 3.00 45 47 56.42 73.55 5.13 0.336 0.184 -0.053 0.1025 0.0625
0.7030 12 3.00 3.00 3.00 45 48 56.42 73.62 5.13 0.184 0.245 -0.114 0.1520 0.0265
0.7040 12 3.00 3.00 3.00 45 48 56.42 73.62 5.11 -0.152 0.184 -0.083 0.1880 0.0085
0.7050 12 3.00 3.00 3.00 46 49 56.96 73.98 5.11 -0.152 0.062 0.100 0.1655 0.0400
0.7060 12 3.00 3.00 3.00 46 50 56.96 74.17 5.11 0.123 -0.182 0.161 0.1205 0.0805
0.7070 12 3.00 3.00 3.00 47 50 57.65 74.17 5.11 0.153 -0.243 0.069 0.0980 0.0895
0.7080 12 3.00 3.00 3.00 47 51 57.65 73.93 5.11 0.245 -0.152 -0.206 0.1250 0.0895
0.7090 12 3.00 3.00 3.00 48 51 58.36 73.93 5.11 0.062 0.001 -0.480 0.0620 0.0670
0.7100 12 3.00 3.00 3.00 48 52 58.36 73.98 5.13 0.001 0.031 -0.297 0.0395 0.0805
0.7110 12 3.00 3.00 3.00 49 52 59.19 73.98 5.15 0.031 -0.121 -0.114 0.0845 0.0715
0.7120 12 3.00 3.00 3.00 49 53 59.19 75.07 5.13 0.031 0.031 -0.083 0.1070 0.0715
0.7130 12 3.00 3.00 3.00 50 54 59.34 75.18 5.12 0.092 -0.091 0.008 0.1205 0.0715
0.7140 12 3.00 3.00 3.00 50 54 59.34 75.18 5.12 0.092 0.031 -0.022 0.1025 0.0265
0.7150 12 3.00 3.00 3.00 50 55 59.34 74.79 5.12 0.275 0.154 -0.175 0.0980 0.0580
0.7160 12 3.00 3.00 3.00 51 55 58.76 74.79 5.12 0.306 0.062 -0.145 0.0800 0.0580
0.7170 12 3.00 3.00 3.00 51 56 58.76 74.98 5.13 0.214 -0.060 0.008 0.0710 0.0985
0.7180 12 3.00 3.00 3.00 52 57 58.63 75.96 5.12 0.153 0.001 -0.114 0.0890 0.0760
0.7190 12 3.00 3.00 3.00 52 57 58.63 75.96 5.12 0.092 0.092 -0.145 0.0755 0.0940
0.7200 12 3.00 3.00 3.00 53 58 59.58 76.51 5.11 0.153 -0.060 -0.236 0.1115 0.0580
0.7210 12 3.00 3.00 3.00 53 58 59.58 76.51 5.12 0.184 -0.030 -0.083 0.1070 0.0490
0.7220 12 3.00 3.00 3.00 54 59 59.67 77.62 5.12 0.123 0.306 0.222 0.1610 0.0310
0.7230 12 3.00 3.00 3.00 54 60 59.67 77.82 5.11 0.001 0.215 0.100 0.1835 0.0310
0.7240 12 3.00 3.00 3.00 54 60 59.67 77.82 5.10 -0.060 0.001 -0.053 0.1475 0.0445
0.7250 12 3.00 3.00 3.00 55 61 59.21 75.91 5.10 -0.030 -0.060 -0.053 0.1070 0.0715
0.7260 12 3.00 3.00 3.00 55 61 59.21 75.91 5.11 0.123 -0.091 0.130 0.0620 0.0805
0.7270 12 3.00 3.00 3.00 56 62 59.85 76.06 5.13 0.123 0.092 0.161 0.0440 0.0985
0.7280 12 3.00 3.00 3.00 56 62 59.85 76.06 5.12 -0.091 0.123 0.008 0.0350 0.1120
0.7290 12 3.00 3.00 3.00 57 63 60.91 78.80 5.13 -0.182 0.031 -0.175 0.1025 0.0715
0.7300 12 3.00 3.00 3.00 57 64 60.91 79.59 5.12 -0.060 0.001 -0.022 0.1250 0.0625
0.7310 12 3.00 3.00 3.00 58 64 61.65 79.59 5.11 -0.030 0.123 0.069 0.1205 0.0895
0.7320 12 3.00 3.00 3.00 58 65 61.65 78.84 5.11 -0.304 0.092 0.069 0.0935 0.0715
0.7330 12 3.00 3.00 3.00 59 66 62.04 79.05 5.11 -0.060 0.001 0.130 0.0665 0.0805
0.7340 12 3.00 3.00 3.00 59 66 62.04 79.05 5.12 0.245 -0.060 0.039 0.0620 0.0715
0.7350 12 3.00 3.00 3.00 60 67 61.99 79.84 5.14 0.306 -0.182 -0.053 0.0890 0.0580
0.7360 12 3.00 3.00 3.00 60 67 61.99 79.84 5.13 0.153 -0.091 -0.022 0.1070 0.0580
0.7370 12 3.00 3.00 3.00 61 68 62.27 79.50 5.13 0.092 0.123 0.039 0.0440 0.0985
0.7380 12 3.00 3.00 3.00 61 68 62.27 79.50 5.13 0.092 0.123 0.191 0.0260 0.0895
0.7390 12 3.00 3.00 3.00 62 69 62.65 78.20 5.14 0.245 -0.060 0.191 0.0440 0.0895
0.7400 12 3.00 3.00 3.00 62 70 62.65 77.79 5.13 0.275 -0.121 0.008 0.0485 0.0895
0.7410 12 3.00 3.00 3.00 63 70 62.03 77.79 5.13 0.184 -0.060 -0.053 0.0440 0.1075
0.7420 12 3.00 3.00 3.00 63 71 62.03 77.76 5.13 -0.030 -0.121 -0.206 0.0485 0.0850
0.7430 12 3.00 3.00 3.00 63 72 61.67 77.84 5.14 0.062 0.154 -0.145 0.0710 0.1030
0.7440 12 3.00 3.00 3.00 64 72 61.35 77.84 5.13 -0.030 0.092 0.100 0.0350 0.0580
0.7450 12 3.00 3.00 3.00 64 73 61.35 77.85 5.14 -0.030 -0.182 0.100 0.0530 0.1075
0.7460 12 3.00 3.00 3.00 65 73 60.31 77.85 5.13 -0.243 -0.335 -0.114 0.0575 0.0850
0.7470 12 3.00 3.00 3.00 65 74 60.31 77.83 5.13 -0.213 -0.121 0.039 0.0350 0.0805
0.7480 12 3.00 3.00 3.00 66 74 59.10 77.83 5.14 0.367 0.184 -0.022 0.0305 0.0670
0.7490 12 3.00 3.00 3.00 66 75 59.10 78.09 5.13 0.611 0.550 0.039 0.0350 0.0850
0.7500 12 3.00 3.00 3.00 67 76 58.67 78.04 5.15 0.306 0.337 0.008 0.0530 0.0580
0.7510 12 3.00 3.00 3.00 67 76 58.67 78.04 5.14 0.123 0.215 -0.145 0.0665 0.0850
0.7520 12 3.00 3.00 3.00 67 77 58.46 77.32 5.13 0.062 0.123 -0.053 0.0620 0.0760
0.7530 12 3.00 3.00 3.00 68 77 58.03 77.32 5.13 0.062 0.062 0.008 0.1025 0.0760
0.7540 12 3.00 3.00 3.00 68 78 58.03 77.52 5.12 -0.121 -0.091 0.069 0.1070 0.0580
0.7550 12 3.00 3.00 3.00 69 79 57.21 77.86 5.12 -0.030 -0.060 0.130 0.1205 0.0715
0.7560 12 3.00 3.00 3.00 69 79 57.21 77.86 5.12 0.245 0.031 -0.083 0.1295 0.0760
0.7570 12 3.00 3.00 3.00 70 80 57.41 78.41 5.11 0.336 -0.091 -0.114 0.0935 0.0670
0.7580 12 3.00 3.00 3.00 70 80 57.41 78.41 5.11 0.214 -0.335 -0.022 0.0755 0.0670
0.7590 12 3.00 3.00 3.00 71 81 58.12 80.32 5.13 -0.304 -0.060 0.069 0.0575 0.0625
0.7600 12 3.00 3.00 3.00 71 82 58.12 80.70 5.13 -0.243 0.092 0.100 0.0395 0.0715
0.7610 12 3.00 3.00 3.00 71 82 58.12 80.70 5.14 0.062 -0.152 -0.083 0.0350 0.0625
0.7620 12 3.00 3.00 3.00 72 83 58.48 79.56 5.14 0.123 -0.365 -0.083 0.0260 0.0760
0.7630 12 3.00 3.00 3.00 72 84 58.48 79.47 5.15 0.031 -0.365 -0.236 0.0485 0.0760
0.7640 12 3.00 3.00 3.00 73 84 57.89 79.47 5.14 0.062 -0.091 -0.175 0.0980 0.0535
0.7650 12 3.00 3.00 3.00 73 85 57.89 80.13 5.13 0.001 0.062 -0.022 0.0710 0.0715
0.7660 12 3.00 3.00 3.00 74 85 57.54 80.13 5.13 0.245 0.154 0.161 0.0980 0.0760
0.7670 12 3.00 3.00 3.00 74 86 57.54 80.08 5.13 0.153 -0.060 0.252 0.1475 0.0940
0.7680 12 3.00 3.00 3.00 75 87 57.95 79.46 5.11 -0.030 -0.182 0.100 0.1340 0.0445
0.7690 12 3.00 3.00 3.00 75 87 57.95 79.46 5.12 -0.121 0.031 0.161 0.1340 0.0760
0.7700 12 3.00 3.00 3.00 75 88 57.95 79.26 5.11 -0.182 0.062 0.008 0.0800 0.0895
0.7710 12 3.00 3.00 3.00 76 88 58.09 79.26 5.12 -0.060 0.123 -0.358 0.0890 0.0625
0.7720 12 3.00 3.00 3.00 76 89 58.09 80.28 5.12 0.123 -0.091 -0.145 0.0755 0.0670
0.7730 12 3.00 3.00 3.00 77 90 57.92 80.01 5.13 0.214 -0.060 -0.083 0.0980 0.0535
0.7740 12 3.00 3.00 3.00 77 90 57.92 80.01 5.13 0.123 -0.091 0.069 0.0845 0.0625
0.7750 12 3.00 3.00 3.00 78 91 58.29 78.45 5.15 0.001 -0.091 0.161 0.0575 0.0715
0.7760 12 3.00 3.00 3.00 78 91 58.29 78.45 5.14 0.092 -0.060 0.130 0.0755 0.0580
0.7770 12 3.00 3.00 3.00 79 92 58.89 78.17 5.14 0.001 -0.121 -0.175 0.0260 0.0670
0.7780 12 3.00 3.00 3.00 79 93 58.89 78.18 5.14 -0.030 -0.243 -0.297 0.0530 0.0805
0.7790 12 3.00 3.00 3.00 80 93 58.41 78.18 5.14 -0.121 -0.060 -0.236 0.0890 0.0670
0.7800 12 3.00 3.00 3.00 80 94 58.41 78.11 5.13 -0.030 -0.091 -0.175 0.0980 0.1075
0.7810 12 3.00 3.00 3.00 80 94 58.41 78.11 5.11 0.001 -0.030 -0.083 0.0980 0.0895
0.7820 12 3.00 3.00 3.00 81 95 57.35 77.69 5.11 -0.091 0.031 -0.267 0.0980 0.0670
0.7830 12 3.00 3.00 3.00 81 96 57.35 77.62 5.11 0.092 0.215 -0.114 0.0485 0.0625
0.7840 12 3.00 3.00 3.00 82 96 56.85 77.62 5.13 0.611 0.092 0.039 0.0215 0.0895
0.7850 12 3.00 3.00 3.00 82 97 56.85 78.64 5.14 0.489 -0.121 0.161 0.0710 0.0625
0.7860 12 3.00 3.00 3.00 82 97 56.85 78.64 5.13 0.153 -0.091 0.130 0.1340 0.0400
0.7870 12 3.00 3.00 3.00 83 98 56.33 78.71 5.12 -0.030 0.062 -0.083 0.1565 0.0355
0.7880 12 3.00 3.00 3.00 83 98 56.33 78.71 5.11 0.092 0.031 -0.145 0.1655 0.0130
0.7890 12 3.00 3.00 3.00 84 99 56.69 78.09 5.11 0.123 0.245 -0.206 0.1790 0.0175
0.7900 12 3.00 3.00 3.00 84 100 56.69 78.21 5.11 -0.121 0.184 -0.145 0.1250 0.0535
0.7910 12 3.00 3.00 3.00 85 100 57.92 78.21 5.12 0.092 0.123 0.008 0.1340 0.0715
0.7920 12 3.00 3.00 3.00 85 101 57.92 79.12 5.12 0.001 0.184 -0.022 0.0890 0.0805
0.7930 12 3.00 3.00 3.00 86 102 59.02 79.54 5.11 -0.213 -0.060 -0.175 0.0845 0.0805
0.7940 12 3.00 3.00 3.00 86 102 59.02 79.54 5.13 -0.213 0.031 -0.175 0.1070 0.0445
0.7950 12 3.00 3.00 3.00 87 103 60.29 80.83 5.12 -0.121 0.031 -0.267 0.0530 0.0670
0.7960 12 3.00 3.00 3.00 87 103 60.29 80.83 5.13 0.153 0.092 -0.236 0.0980 0.0715
0.7970 12 3.00 3.00 3.00 88 104 61.10 81.19 5.14 0.031 0.031 0.008 0.0935 0.0760
0.7980 12 3.00 3.00 3.00 88 105 61.10 79.30 5.14 0.001 0.031 0.222 0.0800 0.0805
0.7990 12 3.00 3.00 3.00 88 105 61.10 79.30 5.13 -0.060 -0.152 0.252 0.0935 0.0805
0.8000 12 3.00 3.00 3.00 89 106 61.80 79.64 5.12 -0.030 -0.121 -0.022 0.1340 0.0445
0.8010 12 3.00 3.00 3.00 89 107 61.80 82.09 5.12 -0.152 -0.121 -0.053 0.1925 0.0265
0.8020 12 3.00 3.00 3.00 90 107 62.04 82.09 5.10 -0.213 -0.274 -0.022 0.1610 0.0445
0.8030 12 3.00 3.00 3.00 90 108 62.04 82.48 5.11 -0.091 -0.335 0.069 0.1205 0.0760
0.8040 12 3.00 3.00 3.00 91 108 62.44 82.48 5.12 0.184 -0.121 0.130 0.1340 0.1030
0.8050 12 3.00 3.00 3.00 91 109 62.44 81.28 5.11 0.062 -0.091 0.100 0.1025 0.0760
0.8060 12 3.00 3.00 3.00 92 110 63.15 81.06 5.13 0.001 0.062 0.100 0.0530 0.0715
0.8070 12 3.00 3.00 3.00 92 110 63.15 81.06 5.13 0.275 0.001 0.191 0.0530 0.0895
0.8080 12 3.00 3.00 3.00 93 111 63.92 81.70 5.14 0.367 -0.121 0.191 0.0890 0.0580
0.8090 12 3.00 3.00 3.00 93 112 63.92 81.40 5.14 0.245 0.062 0.222 0.0935 0.0400
0.8100 12 3.00 3.00 3.00 94 112 63.90 81.40 5.13 0.092 0.154 0.313 0.1295 0.0580
0.8110 12 3.00 3.00 3.00 94 113 63.90 80.25 5.12 -0.091 0.092 0.039 0.1070 0.0535
0.8120 12 3.00 3.00 3.00 95 113 63.08 80.25 5.12 0.001 -0.060 -0.236 0.0800 0.0760
0.8130 12 3.00 3.00 3.00 95 114 63.08 80.02 5.13 0.367 -0.060 -0.145 0.0620 0.0940
0.8140 12 3.00 3.00 3.00 96 115 62.78 80.20 5.14 0.458 -0.091 -0.267 0.0575 0.1030
0.8150 12 3.00 3.00 3.00 96 115 62.78 80.20 5.13 0.092 -0.121 -0.175 0.0530 0.0895
0.8160 12 3.00 3.00 3.00 97 116 63.65 80.54 5.13 -0.030 -0.091 -0.297 0.1205 0.0625
0.8170 12 3.00 3.00 3.00 97 116 63.65 80.54 5.12 0.184 -0.121 -0.389 0.1160 0.0670
0.8180 12 3.00 3.00 3.00 98 117 63.56 80.87 5.11 0.245 -0.213 -0.175 0.1655 0.0445
0.8190 12 3.00 3.00 3.00 98 118 63.56 81.06 5.09 0.062 -0.091 0.039 0.1745 0.0265
0.8200 12 3.00 3.00 3.00 99 118 62.83 81.06 5.11 -0.121 0.062 0.100 0.1160 0.0445
0.8210 12 3.00 3.00 3.00 99 119 62.83 81.44 5.12 0.031 0.031 0.100 0.0665 0.0490
0.8220 12 3.00 3.00 3.00 100 120 63.27 81.42 5.13 0.123 0.031 -0.022 0.0260 0.0760
0.8230 12 3.00 3.00 3.00 100 120 63.27 81.42 5.15 0.306 -0.091 -0.145 0.0305 0.0850
0.8240 12 3.00 3.00 3.00 101 121 64.17 80.71 5.14 0.123 -0.182 -0.145 0.0575 0.0850
0.8250 12 3.00 3.00 3.00 101 121 64.17 80.71 5.13 0.214 -0.060 0.100 0.0980 0.0760
0.8260 12 3.00 3.00 3.00 102 122 64.78 80.75 5.12 0.214 0.092 0.222 0.0845 0.0805
0.8270 12 3.00 3.00 3.00 102 123 64.78 81.03 5.13 -0.152 0.062 0.039 0.0710 0.0940
0.8280 12 3.00 3.00 3.00 103 123 64.96 81.03 5.13 -0.213 0.031 -0.236 0.0800 0.0895
0.8290 12 3.00 3.00 3.00 103 124 64.96 81.43 5.12 0.092 0.001 -0.389 0.0890 0.0985
0.8300 12 3.00 3.00 3.00 104 124 64.76 81.43 5.12 0.153 0.062 -0.389 0.0935 0.0535
0.8310 12 3.00 3.00 3.00 104 125 64.76 83.24 5.12 0.031 0.062 -0.145 0.0980 0.0445
0.8320 12 3.00 3.00 3.00 105 126 64.88 83.62 5.13 0.092 -0.060 0.252 0.0350 0.0760
0.8330 12 3.00 3.00 3.00 105 126 64.88 83.62 5.14 0.123 -0.182 0.222 0.0170 0.0715
0.8340 12 3.00 3.00 3.00 106 127 65.08 82.40 5.16 0.092 -0.152 0.039 0.0170 0.0670
0.8350 12 3.00 3.00 3.00 106 128 65.08 82.26 5.15 0.062 0.123 -0.175 0.0440 0.0625
0.8360 12 3.00 3.00 3.00 107 128 64.68 82.26 5.14 0.031 0.123 -0.022 0.0215 0.0895
0.8370 12 3.00 3.00 3.00 107 129 64.68 82.74 5.15 0.031 -0.335 0.161 0.0260 0.0850
0.8380 12 3.00 3.00 3.00 108 130 64.33 82.50 5.15 -0.060 -0.518 0.191 0.0485 0.0850
0.8390 12 3.00 3.00 3.00 108 130 64.33 82.50 5.13 -0.213 -0.304 -0.053 0.0530 0.1120
0.8400 12 3.00 3.00 3.00 108 131 63.72 81.69 5.12 0.001 -0.121 -0.175 0.0305 0.1030
0.8410 12 3.00 3.00 3.00 109 132 63.63 81.45 5.14 0.336 -0.152 -0.236 0.0530 0.1075
0.8420 12 3.00 3.00 3.00 109 132 62.92 81.45 5.13 0.275 -0.121 -0.053 0.0485 0.1030
0.8430 12 3.00 3.00 3.00 110 133 62.76 82.60 5.13 0.062 0.001 -0.114 0.0440 0.0760
0.8440 12 3.00 3.00 3.00 110 133 62.76 82.60 5.14 0.153 0.001 -0.114 0.0395 0.0670
0.8450 12 3.00 3.00 3.00 111 134 62.42 82.58 5.16 0.123 -0.030 -0.114 0.0530 0.0895
0.8460 12 3.00 3.00 3.00 111 135 62.42 81.22 5.14 0.153 0.031 -0.236 0.0350 0.0670
0.8470 12 3.00 3.00 3.00 112 135 61.68 81.22 5.14 0.153 0.154 -0.175 0.0800 0.0670
0.8480 12 3.00 3.00 3.00 112 136 61.68 81.06 5.14 0.428 0.062 -0.145 0.0800 0.0715
0.8490 12 3.00 3.00 3.00 113 136 60.58 81.06 5.13 0.336 0.154 0.008 0.0935 0.0490
0.8500 12 3.00 3.00 3.00 113 137 60.58 81.11 5.14 0.001 0.215 -0.145 0.0800 0.0715
0.8510 12 3.00 3.00 3.00 114 138 60.49 81.07 5.14 0.062 0.092 -0.114 0.0980 0.1075
0.8520 12 3.00 3.00 3.00 114 138 60.49 81.07 5.12 0.062 -0.182 0.161 0.0890 0.1030
0.8530 12 3.00 3.00 3.00 114 139 60.49 80.64 5.12 0.153 -0.274 -0.022 0.0935 0.0715
0.8540 12 3.00 3.00 3.00 115 140 60.68 80.49 5.12 0.062 -0.243 -0.297 0.0485 0.0625
0.8550 12 3.00 3.00 3.00 115 140 60.68 80.49 5.14 -0.152 -0.091 -0.236 0.0305 0.0940
0.8560 12 3.00 3.00 3.00 116 141 60.63 81.47 5.14 -0.182 0.154 0.069 0.0350 0.0805
0.8570 12 3.00 3.00 3.00 116 141 60.63 81.47 5.14 -0.060 0.123 0.161 0.0755 0.0850
0.8580 12 3.00 3.00 3.00 117 142 59.67 81.47 5.13 -0.030 -0.121 -0.053 0.0980 0.0535
0.8590 12 3.00 3.00 3.00 117 143 59.67 80.68 5.12 -0.152 -0.213 -0.053 0.0575 0.0670
0.8600 12 3.00 3.00 3.00 118 143 59.15 80.68 5.14 -0.030 -0.213 0.100 0.0845 0.0625
0.8610 12 3.00 3.00 3.00 118 144 59.15 80.64 5.13 0.245 0.031 0.130 0.1340 0.0445
0.8620 12 3.00 3.00 3.00 119 144 59.59 80.64 5.12 0.123 -0.152 -0.083 0.1385 0.0715
0.8630 12 3.00 3.00 3.00 119 145 59.59 81.26 5.11 -0.152 -0.304 -0.236 0.1250 0.0580
0.8640 12 3.00 3.00 3.00 120 146 59.73 81.52 5.11 0.031 0.001 -0.145 0.0620 0.0940
0.8650 12 3.00 3.00 3.00 120 146 59.73 81.52 5.13 0.123 0.276 -0.114 0.0800 0.0490
0.8660 12 3.00 3.00 3.00 120 147 59.73 82.64 5.13 0.062 0.550 -0.114 0.0890 0.0715
0.8670 12 3.00 3.00 3.00 121 148 59.58 82.90 5.13 0.062 0.306 0.039 0.1205 0.0670
0.8680 12 3.00 3.00 3.00 121 148 59.58 82.90 5.12 0.092 0.123 -0.022 0.0845 0.0760
0.8690 12 3.00 3.00 3.00 122 149 59.98 81.01 5.12 -0.030 0.062 -0.145 0.0800 0.0760
0.8700 12 3.00 3.00 3.00 122 150 59.98 81.22 5.13 -0.091 0.001 0.008 0.0755 0.0670
0.8710 12 3.00 3.00 3.00 123 150 60.74 81.22 5.13 -0.152 0.184 0.069 0.0350 0.0985
0.8720 12 3.00 3.00 3.00 123 151 60.74 83.97 5.14 -0.274 0.123 0.100 0.0710 0.0940
0.8730 12 3.00 3.00 3.00 124 152 60.65 84.57 5.12 -0.366 -0.152 0.161 0.0845 0.0805
0.8740 12 3.00 3.00 3.00 124 152 60.65 84.57 5.13 0.062 -0.274 0.039 0.1025 0.0850
0.8750 12 3.00 3.00 3.00 125 153 59.91 83.41 5.11 0.245 -0.243 -0.206 0.1025 0.0850
0.8760 12 3.00 3.00 3.00 125 153 59.91 83.41 5.11 0.062 -0.152 -0.083 0.0935 0.0760
0.8770 12 3.00 3.00 3.00 125 154 59.90 83.24 5.12 0.031 -0.304 -0.114 0.0395 0.0670
0.8780 12 3.00 3.00 3.00 126 155 59.60 83.70 5.14 0.153 -0.365 -0.145 0.0530 0.0805
0.8790 12 3.00 3.00 3.00 126 155 59.60 83.70 5.14 0.184 -0.091 -0.083 0.1115 0.0490
0.8800 12 3.00 3.00 3.00 127 156 59.15 83.19 5.13 0.123 -0.121 -0.022 0.1520 0.0445
0.8810 12 3.00 3.00 3.00 127 156 59.15 83.19 5.12 0.275 -0.091 0.069 0.1835 0.0175
0.8820 12 3.00 3.00 3.00 128 157 59.20 81.79 5.11 0.214 -0.030 -0.022 0.1790 0.0220
0.8830 12 3.00 3.00 3.00 128 158 59.20 81.43 5.11 0.245 -0.060 -0.114 0.1385 0.0490
0.8840 12 3.00 3.00 3.00 129 158 59.96 81.43 5.11 0.275 0.092 0.008 0.1205 0.0625
0.8850 12 3.00 3.00 3.00 129 159 59.96 81.47 5.12 0.123 0.031 0.130 0.0890 0.0625
0.8860 12 3.00 3.00 3.00 130 160 60.70 81.72 5.13 0.092 0.031 0.130 0.0755 0.0940
0.8870 12 3.00 3.00 3.00 130 160 60.70 81.72 5.12 0.092 0.184 -0.175 0.1160 0.0670
0.8880 12 3.00 3.00 3.00 131 161 61.68 81.94 5.12 0.031 0.276 -0.145 0.0980 0.0985
0.8890 12 3.00 3.00 3.00 131 162 61.68 82.07 5.11 0.306 0.306 -0.145 0.1025 0.0580
0.8900 12 3.00 3.00 3.00 132 162 62.56 82.07 5.11 0.245 0.123 -0.114 0.0845 0.0580
0.8910 12 3.00 3.00 3.00 132 163 62.56 82.35 5.13 0.306 -0.091 0.069 0.0530 0.0715
0.8920 12 3.00 3.00 3.00 133 164 63.61 82.35 5.14 0.245 -0.030 0.008 0.0755 0.0445
0.8930 12 3.00 3.00 3.00 133 164 63.61 82.35 5.14 0.092 0.031 -0.022 0.1475 0.0310
0.8940 12 3.00 3.00 3.00 134 164 64.09 81.68 5.12 0.001 0.092 -0.022 0.1700 0.0220
0.8950 12 3.00 3.00 3.00 134 165 64.09 81.52 5.11 -0.182 -0.121 -0.206 0.1610 0.0400
0.8960 12 3.00 3.00 3.00 135 166 64.55 81.53 5.10 -0.243 -0.213 0.069 0.1115 0.0580
0.8970 12 3.00 3.00 3.00 135 166 64.55 81.47 5.13 0.092 -0.304 -0.022 0.0980 0.0715
0.8980 12 3.00 3.00 3.00 136 167 65.37 81.42 5.12 0.062 -0.243 0.008 0.1025 0.1120
0.8990 12 3.00 3.00 3.00 136 168 65.37 81.48 5.11 -0.030 -0.487 -0.083 0.0710 0.1075
0.9000 12 3.00 3.00 3.00 137 168 66.43 81.48 5.12 0.031 -0.579 -0.145 0.0890 0.0670
0.9010 12 3.00 3.00 3.00 137 169 66.43 83.07 5.12 0.092 -0.365 -0.083 0.0890 0.0400
0.9020 12 3.00 3.00 3.00 138 170 66.66 83.16 5.13 -0.060 0.123 0.130 0.1025 0.0490
0.9030 12 3.00 3.00 3.00 138 170 66.66 83.16 5.13 0.031 0.123 0.008 0.0935 0.0355
0.9040 12 3.00 3.00 3.00 139 171 66.10 81.96 5.13 0.062 0.154 0.039 0.0710 0.0490
0.9050 12 3.00 3.00 3.00 139 172 66.10 81.99 5.14 0.092 0.031 0.100 0.0530 0.0760
0.9060 12 3.00 3.00 3.00 140 172 65.90 81.99 5.14 0.153 0.062 0.161 0.0440 0.0715
0.9070 12 3.00 3.00 3.00 140 173 65.90 82.68 5.14 0.123 0.031 0.039 0.0350 0.0805
0.9080 12 3.00 3.00 3.00 141 173 66.78 82.68 5.14 0.062 0.031 -0.114 0.0890 0.0670
0.9090 12 3.00 3.00 3.00 141 174 66.78 82.75 5.13 0.184 -0.213 -0.145 0.1295 0.0850
0.9100 12 3.00 3.00 3.00 142 175 66.54 82.17 5.11 0.214 -0.152 0.069 0.1520 0.0490
0.9110 12 3.00 3.00 3.00 142 175 66.54 82.17 5.11 0.123 -0.213 0.069 0.1790 0.0490
0.9120 12 3.00 3.00 3.00 143 176 65.47 82.00 5.10 0.001 -0.335 0.283 0.1205 0.0625
0.9130 12 3.00 3.00 3.00 143 177 65.47 83.32 5.11 0.031 -0.243 -0.022 0.0575 0.0850
0.9140 12 3.00 3.00 3.00 144 177 65.50 83.32 5.12 0.062 -0.060 -0.114 0.0305 0.0805
0.9150 12 3.00 3.00 3.00 144 178 65.50 83.31 5.14 0.092 -0.030 -0.053 0.0350 0.1120
0.9160 12 3.00 3.00 3.00 145 178 65.88 83.31 5.15 0.062 -0.060 -0.022 0.0575 0.0805
0.9170 12 3.00 3.00 3.00 145 179 65.88 81.91 5.14 -0.091 -0.121 -0.114 0.0845 0.0580
0.9180 12 3.00 3.00 3.00 146 180 66.13 81.80 5.14 0.001 -0.243 -0.114 0.0620 0.0445
0.9190 12 3.00 3.00 3.00 146 180 66.13 81.80 5.13 0.123 -0.396 0.100 0.0665 0.0490
0.9200 12 3.00 3.00 3.00 147 181 66.12 81.85 5.13 0.153 -0.243 0.161 0.0350 0.0940
0.9210 12 3.00 3.00 3.00 147 182 66.12 81.76 5.14 -0.091 -0.335 -0.022 0.0845 0.1030
0.9220 12 3.00 3.00 3.00 148 182 65.86 81.76 5.12 -0.152 -0.213 -0.236 0.1160 0.0670
0.9230 12 3.00 3.00 3.00 148 183 65.86 81.34 5.11 0.214 0.123 -0.206 0.1385 0.0625
0.9240 12 3.00 3.00 3.00 149 183 66.01 81.34 5.11 0.184 0.062 -0.022 0.0260 0.0760
0.9250 12 3.00 3.00 3.00 149 184 66.01 81.31 5.13 0.245 -0.152 -0.022 0.0125 0.0940
0.9260 12 3.00 3.00 3.00 150 185 66.30 82.36 5.16 0.092 -0.152 -0.145 0.0395 0.0805
0.9270 12 3.00 3.00 3.00 150 185 66.30 82.36 5.14 0.184 -0.030 -0.267 0.0440 0.0805
0.9280 12 3.00 3.00 3.00 151 186 66.06 82.41 5.14 0.001 0.062 0.008 0.0215 0.0715
0.9290 12 3.00 3.00 3.00 151 187 66.06 81.82 5.14 0.092 0.062 0.283 0.0170 0.0895
0.9300 12 3.00 3.00 3.00 152 187 65.86 81.82 5.15 0.092 0.001 0.222 0.0260 0.0895
0.9310 12 3.00 3.00 3.00 152 188 65.86 81.84 5.15 -0.091 -0.121 0.008 0.0125 0.1075
0.9320 12 3.00 3.00 3.00 153 188 65.27 81.84 5.14 -0.121 -0.365 -0.053 0.0485 0.0985
0.9330 12 3.00 3.00 3.00 153 189 65.27 82.59 5.13 -0.030 -0.426 -0.022 0.0530 0.1075
0.9340 12 3.00 3.00 3.00 154 190 64.47 82.82 5.13 -0.213 -0.243 -0.145 0.0440 0.0940
0.9350 12 3.00 3.00 3.00 154 190 64.47 82.82 5.13 -0.152 -0.304 -0.175 0.0395 0.0625
0.9360 12 3.00 3.00 3.00 155 191 64.18 83.80 5.14 0.001 -0.518 -0.175 0.0440 0.0850
0.9370 12 3.00 3.00 3.00 155 192 64.18 83.89 5.14 0.092 -0.365 0.069 0.0485 0.1075
0.9380 12 3.00 3.00 3.00 156 192 63.45 83.89 5.13 0.123 -0.335 0.039 0.0710 0.0940
0.9390 12 3.00 3.00 3.00 156 193 63.45 81.71 5.12 0.184 -0.213 -0.083 0.0935 0.0760
0.9400 12 3.00 3.00 3.00 157 194 62.39 81.97 5.12 -0.060 0.001 -0.114 0.0980 0.0580
0.9410 12 3.00 3.00 3.00 157 194 62.39 81.97 5.13 -0.030 0.031 -0.022 0.0665 0.0760
0.9420 12 3.00 3.00 3.00 158 195 62.33 84.82 5.13 0.031 0.031 0.191 0.0980 0.0670
0.9430 12 3.00 3.00 3.00 158 196 62.33 85.42 5.11 0.031 0.031 0.130 0.0890 0.0940
0.9440 12 3.00 3.00 3.00 158 196 62.33 85.42 5.12 0.245 0.001 -0.297 0.1025 0.0805
0.9450 12 3.00 3.00 3.00 159 197 62.75 84.43 5.12 0.245 -0.030 -0.480 0.0845 0.0940
0.9460 12 3.00 3.00 3.00 159 198 62.75 84.53 5.12 0.062 0.031 -0.236 0.0440 0.0895
0.9470 12 3.00 3.00 3.00 160 198 62.91 84.53 5.13 -0.091 0.092 -0.022 0.0215 0.0895
0.9480 12 3.00 3.00 3.00 160 199 62.91 85.26 5.15 0.092 0.031 0.008 0.0440 0.0715
0.9490 12 3.00 3.00 3.00 161 200 61.90 85.01 5.14 -0.030 0.154 -0.175 0.0845 0.0625
0.9500 12 3.00 3.00 3.00 161 200 61.90 85.01 5.13 -0.060 0.031 -0.267 0.0845 0.0625
0.9510 12 3.00 3.00 3.00 162 201 61.23 83.80 5.12 0.001 -0.060 -0.022 0.1070 0.0715
0.9520 12 3.00 3.00 3.00 162 201 61.23 83.80 5.13 0.245 0.001 0.130 0.1115 0.0580
0.9530 12 3.00 3.00 3.00 163 202 61.41 83.46 5.12 0.367 0.215 0.069 0.1340 0.0535
0.9540 12 3.00 3.00 3.00 163 203 61.41 83.56 5.12 0.275 0.276 -0.022 0.0980 0.0760
0.9550 12 3.00 3.00 3.00 164 203 61.34 83.56 5.12 0.123 0.123 -0.083 0.0845 0.0715
0.9560 12 3.00 3.00 3.00 164 204 61.34 83.59 5.13 -0.060 0.123 0.130 0.0935 0.0850
0.9570 12 3.00 3.00 3.00 165 204 61.20 83.59 5.12 0.062 0.092 0.008 0.1070 0.0760
0.9580 12 3.00 3.00 3.00 165 205 61.20 83.54 5.12 0.153 0.092 0.100 0.1070 0.0670
0.9590 12 3.00 3.00 3.00 166 206 61.77 83.50 5.12 0.214 0.123 0.161 0.0710 0.0580
0.9600 12 3.00 3.00 3.00 166 206 61.77 83.50 5.13 0.397 -0.030 -0.053 0.0665 0.0580
0.9610 12 3.00 3.00 3.00 166 207 61.77 83.70 5.14 0.336 0.031 0.008 0.0350 0.0580
0.9620 12 3.00 3.00 3.00 167 208 62.68 83.74 5.15 0.031 0.062 0.130 0.0440 0.0670
0.9630 12 3.00 3.00 3.00 168 208 62.64 83.74 5.15 -0.152 0.001 0.100 0.0845 0.0760
0.9640 12 3.00 3.00 3.00 168 209 62.64 82.93 5.13 -0.182 -0.030 0.069 0.0800 0.0850
0.9650 12 3.00 3.00 3.00 168 210 62.64 82.98 5.13 -0.030 -0.091 -0.083 0.0845 0.0760
0.9660 12 3.00 3.00 3.00 169 210 61.96 82.98 5.13 -0.060 -0.091 -0.145 0.0845 0.0805
0.9670 12 3.00 3.00 3.00 169 211 61.96 83.11 5.13 0.123 0.123 -0.145 0.0665 0.1075
0.9680 12 3.00 3.00 3.00 170 212 61.58 83.42 5.11 0.184 0.154 0.069 0.0575 0.1030
0.9690 12 3.00 3.00 3.00 170 212 61.58 83.42 5.13 0.184 -0.030 0.069 0.1115 0.0760
0.9700 12 3.00 3.00 3.00 171 213 61.02 85.12 5.11 -0.213 -0.152 -0.022 0.1250 0.0310
0.9710 12 3.00 3.00 3.00 171 214 61.02 85.25 5.13 -0.060 -0.335 -0.022 0.1655 0.0175
0.9720 12 3.00 3.00 3.00 172 214 61.11 85.25 5.12 0.245 -0.274 -0.022 0.1880 0.0220
0.9730 12 3.00 3.00 3.00 172 215 61.11 83.85 5.11 -0.030 -0.030 -0.022 0.1205 0.0220
0.9740 12 3.00 3.00 3.00 173 215 61.99 83.70 5.12 -0.213 -0.030 -0.053 0.1025 0.0490
0.9750 12 3.00 3.00 3.00 173 216 61.99 83.65 5.13 -0.091 -0.121 -0.236 0.0935 0.0625
0.9760 12 3.00 3.00 3.00 174 217 62.94 84.43 5.11 0.123 -0.182 0.008 0.0665 0.0670
0.9770 12 3.00 3.00 3.00 174 217 62.94 84.43 5.14 0.092 -0.121 -0.145 0.1025 0.0400
0.9780 12 3.00 3.00 3.00 175 218 64.01 84.44 5.13 0.031 0.184 -0.114 0.0755 0.1120
0.9790 12 3.00 3.00 3.00 175 219 64.01 83.75 5.12 0.062 0.367 -0.175 0.1025 0.0715
0.9800 12 3.00 3.00 3.00 176 219 64.75 83.75 5.12 0.062 0.215 -0.053 0.0890 0.1030
0.9810 12 3.00 3.00 3.00 176 220 64.75 83.60 5.12 0.092 0.031 -0.022 0.0890 0.0760
0.9820 12 3.00 3.00 3.00 177 221 65.34 84.84 5.12 0.153 0.154 -0.053 0.0980 0.0625
0.9830 12 3.00 3.00 3.00 177 221 65.34 84.84 5.12 0.214 0.245 -0.114 0.1475 0.0265
0.9840 12 3.00 3.00 3.00 178 222 65.44 84.68 5.12 0.123 0.123 -0.175 0.1610 0.0220
0.9850 12 3.00 3.00 3.00 178 222 65.44 84.68 5.11 0.062 0.001 -0.053 0.1205 0.0310
0.9860 12 3.00 3.00 3.00 179 223 65.67 83.21 5.12 0.123 0.031 0.008 0.0890 0.0625
0.9870 12 3.00 3.00 3.00 179 224 65.67 82.99 5.13 0.001 0.123 0.069 0.0800 0.0580
0.9880 12 3.00 3.00 3.00 180 224 66.36 82.99 5.13 -0.091 0.184 0.008 0.0665 0.0580
0.9890 12 3.00 3.00 3.00 180 225 66.36 83.09 5.12 0.062 0.184 0.069 0.0485 0.0895
0.9900 12 3.00 3.00 3.00 181 226 67.44 83.04 5.14 0.153 0.031 0.039 0.1115 0.0895
0.9910 12 3.00 3.00 3.00 181 226 67.44 83.04 5.12 0.214 -0.243 0.130 0.1115 0.0850
0.9920 12 3.00 3.00 3.00 182 227 67.72 82.57 5.13 -0.060 -0.182 0.222 0.1250 0.0760
0.9930 12 3.00 3.00 3.00 182 228 67.72 82.53 5.11 -0.091 0.092 0.191 0.0890 0.0580
0.9940 12 3.00 3.00 3.00 183 228 67.18 82.53 5.13 0.123 0.367 0.008 0.0620 0.0715
0.9950 12 3.00 3.00 3.00 183 229 67.18 83.59 5.13 0.275 0.306 -0.022 0.0395 0.0850
0.9960 12 3.00 3.00 3.00 184 230 66.94 83.59 5.14 0.062 0.123 -0.022 0.0440 0.0850
0.9970 12 3.00 3.00 3.00 184 230 66.94 83.59 5.14 0.092 -0.121 0.161 0.0395 0.0850
0.9980 12 3.00 3.00 3.00 185 231 67.78 82.80 5.14 0.275 -0.243 0.100 0.0800 0.0625
0.9990 12 3.00 3.00 3.00 185 231 67.78 82.80 5.14 0.031 -0.274 -0.145 0.1025 0.0445
1.0000 12 3.00 3.00 3.00 186 232 67.50 82.57 5.13 -0.274 -0.274 0.008 0.1520 0.0400
1.0010 12 3.00 3.00 3.00 186 233 67.50 83.14 5.11 -0.366 -0.274 0.008 0.1565 0.0535
1.0020 12 3.00 3.00 3.00 187 233 66.47 83.14 5.10 -0.274 -0.335 -0.022 0.1115 0.0625
1.0030 12 3.00 3.00 3.00 187 234 66.47 83.32 5.12 -0.091 -0.121 0.008 0.0440 0.0805
1.0040 12 3.00 3.00 3.00 188 234 66.62 83.32 5.13 0.062 0.123 -0.114 0.0305 0.0850
1.0050 12 3.00 3.00 3.00 188 235 66.62 84.39 5.16 0.001 0.031 -0.114 0.0305 0.0940
1.0060 12 3.00 3.00 3.00 189 236 67.11 84.76 5.14 -0.121 0.001 -0.083 0.0980 0.0625
1.0070 12 3.00 3.00 3.00 189 236 67.11 84.76 5.12 0.123 0.245 -0.022 0.0845 0.0850
1.0080 12 3.00 3.00 3.00 190 237 67.42 82.63 5.12 -0.030 0.276 0.100 0.0665 0.0805
1.0090 12 3.00 3.00 3.00 190 238 67.42 82.88 5.13 -0.213 0.306 -0.022 0.0575 0.0715
1.0100 12 3.00 3.00 3.00 191 238 67.34 82.88 5.14 0.001 0.184 0.039 0.0440 0.0940
1.0110 12 3.00 3.00 3.00 191 239 67.30 85.58 5.14 0.214 0.062 -0.022 0.0845 0.0715
1.0120 12 3.00 3.00 3.00 192 240 67.04 86.08 5.13 -0.030 -0.121 -0.114 0.1250 0.0670
1.0130 12 3.00 3.00 3.00 193 240 67.08 86.08 5.11 -0.213 -0.335 -0.145 0.0980 0.1030
1.0140 12 3.00 3.00 3.00 193 241 67.08 85.00 5.11 -0.091 -0.365 -0.083 0.0530 0.1075
1.0150 12 3.00 3.00 3.00 194 242 67.22 85.03 5.13 0.031 -0.304 -0.236 0.0440 0.0850
1.0160 12 3.00 3.00 3.00 194 242 67.22 85.03 5.14 -0.060 -0.060 -0.083 0.0305 0.0940
1.0170 12 3.00 3.00 3.00 194 243 67.09 85.75 5.14 -0.121 0.215 -0.022 0.0260 0.1075
1.0180 12 3.00 3.00 3.00 195 244 66.80 85.43 5.14 0.031 0.154 -0.083 0.0080 0.0895
1.0190 12 3.00 3.00 3.00 196 244 66.48 85.43 5.14 0.062 0.031 0.008 0.0395 0.0805
1.0200 12 3.00 3.00 3.00 196 245 66.48 84.01 5.12 0.153 -0.121 -0.206 0.0125 0.0985
1.0210 12 3.00 3.00 3.00 197 246 65.85 83.52 5.15 0.397 0.092 -0.053 0.0260 0.1075
1.0220 12 3.00 3.00 3.00 197 246 65.85 83.52 5.14 0.214 -0.091 0.039 0.0485 0.0940
1.0230 12 3.00 3.00 3.00 198 247 65.03 83.58 5.13 0.031 -0.152 0.069 0.0530 0.1030
1.0240 12 3.00 3.00 3.00 198 248 65.03 83.63 5.12 -0.243 -0.030 0.069 0.0575 0.1075
1.0250 12 3.00 3.00 3.00 198 248 65.03 83.63 5.13 0.001 0.184 0.069 0.0620 0.0805
1.0260 12 3.00 3.00 3.00 199 249 64.76 83.79 5.13 0.245 0.123 -0.145 0.0710 0.1210
1.0270 12 3.00 3.00 3.00 199 249 64.69 83.79 5.14 -0.121 0.001 0.100 0.0710 0.0895
1.0280 12 3.00 3.00 3.00 200 250 64.06 83.95 5.13 -0.304 0.062 0.283 0.0890 0.0535
1.0290 12 3.00 3.00 3.00 200 251 64.06 84.30 5.14 0.092 0.123 -0.083 0.0890 0.0400
1.0300 12 3.00 3.00 3.00 201 251 62.98 84.30 5.13 0.367 0.031 -0.419 0.0665 0.0400
1.0310 12 3.00 3.00 3.00 201 252 62.98 84.33 5.13 0.092 0.031 -0.206 0.0800 0.0625
1.0320 12 3.00 3.00 3.00 202 252 62.93 84.33 5.14 -0.030 -0.030 0.008 0.0800 0.0490
1.0330 12 3.00 3.00 3.00 202 253 62.93 83.46 5.12 0.062 -0.152 -0.083 0.0890 0.0805
1.0340 12 3.00 3.00 3.00 203 254 63.36 83.39 5.13 0.336 0.062 0.191 0.0755 0.0715
1.0350 12 3.00 3.00 3.00 203 254 63.36 83.39 5.13 0.123 0.001 0.039 0.0440 0.0670
1.0360 12 3.00 3.00 3.00 204 255 63.50 83.41 5.14 -0.182 -0.030 0.069 0.0575 0.1165
1.0370 12 3.00 3.00 3.00 204 256 63.50 83.63 5.13 -0.396 0.001 -0.022 0.0620 0.1210
1.0380 12 3.00 3.00 3.00 205 256 62.76 83.63 5.12 -0.274 -0.030 0.008 0.0935 0.0670
1.0390 12 3.00 3.00 3.00 205 257 62.76 85.30 5.12 0.001 -0.121 -0.114 0.0575 0.0625
1.0400 12 3.00 3.00 3.00 206 258 62.37 85.67 5.15 0.062 -0.213 -0.114 0.0800 0.0625
1.0410 12 3.00 3.00 3.00 206 258 62.37 85.67 5.14 -0.060 -0.030 -0.083 0.0980 0.0355
1.0420 12 3.00 3.00 3.00 207 259 62.79 84.49 5.13 -0.182 0.092 -0.206 0.1205 0.0310
1.0430 12 3.00 3.00 3.00 207 260 62.79 84.48 5.12 -0.030 0.215 -0.328 0.0935 0.0535
1.0440 12 3.00 3.00 3.00 208 260 62.84 84.48 5.13 0.092 0.245 -0.145 0.0755 0.0580
1.0450 12 3.00 3.00 3.00 208 261 62.84 85.37 5.14 -0.091 0.367 -0.022 0.0755 0.0670
1.0460 12 3.00 3.00 3.00 209 262 62.56 85.33 5.13 0.062 0.306 -0.053 0.0800 0.0625
1.0470 12 3.00 3.00 3.00 209 262 62.56 85.33 5.14 -0.091 0.245 -0.114 0.1025 0.0895
1.0480 12 3.00 3.00 3.00 210 263 62.88 84.71 5.11 -0.182 0.215 -0.022 0.0890 0.0985
1.0490 12 3.00 3.00 3.00 210 264 62.88 84.55 5.13 0.001 0.001 0.191 0.0935 0.0760
1.0500 12 3.00 3.00 3.00 211 264 63.53 84.55 5.12 0.275 -0.243 0.191 0.0575 0.0760
1.0510 12 3.00 3.00 3.00 211 265 63.53 85.74 5.12 0.214 -0.060 -0.022 0.0485 0.0715
1.0520 12 3.00 3.00 3.00 212 266 63.35 85.69 5.14 0.123 -0.060 -0.175 0.0620 0.0625
1.0530 12 3.00 3.00 3.00 212 266 63.35 85.69 5.14 0.001 -0.091 -0.358 0.0665 0.0670
1.0540 12 3.00 3.00 3.00 212 267 63.35 84.19 5.13 0.031 0.001 -0.328 0.0755 0.0625
1.0550 12 3.00 3.00 3.00 213 267 62.51 84.08 5.12 -0.060 0.031 -0.114 0.0935 0.0490
1.0560 12 3.00 3.00 3.00 213 268 62.51 84.01 5.13 0.031 -0.030 0.100 0.0305 0.0805
1.0570 12 3.00 3.00 3.00 214 269 62.23 84.13 5.14 0.062 -0.182 0.100 0.0350 0.0805
1.0580 12 3.00 3.00 3.00 214 269 62.23 84.13 5.14 0.306 -0.030 0.100 0.1115 0.0715
1.0590 12 3.00 3.00 3.00 215 270 61.90 84.03 5.12 0.214 0.245 -0.083 0.1610 0.0580
1.0600 12 3.00 3.00 3.00 215 271 61.90 83.56 5.10 -0.182 0.489 -0.083 0.1700 0.0625
1.0610 12 3.00 3.00 3.00 216 271 62.08 83.56 5.10 -0.030 0.123 -0.297 0.1610 0.0175
1.0620 12 3.00 3.00 3.00 216 272 62.08 83.49 5.12 0.245 -0.091 -0.297 0.1250 0.0400
1.0630 12 3.00 3.00 3.00 217 273 62.80 84.61 5.12 0.092 -0.060 -0.053 0.0935 0.0490
1.0640 12 3.00 3.00 3.00 217 273 62.80 84.61 5.13 0.092 -0.152 -0.053 0.0800 0.0580
1.0650 12 3.00 3.00 3.00 218 274 63.46 84.69 5.12 0.062 -0.091 -0.083 0.0755 0.0760
1.0660 12 3.00 3.00 3.00 218 274 63.46 84.69 5.13 0.123 0.062 -0.053 0.0980 0.0400
1.0670 12 3.00 3.00 3.00 219 275 64.26 83.85 5.13 0.062 0.001 -0.175 0.0665 0.0625
1.0680 12 3.00 3.00 3.00 219 276 64.26 83.82 5.13 0.092 -0.304 -0.175 0.0890 0.0760
1.0690 12 3.00 3.00 3.00 220 276 65.01 83.82 5.12 -0.030 0.031 0.039 0.0935 0.0895
1.0700 12 3.00 3.00 3.00 220 277 65.01 84.42 5.11 -0.396 -0.060 0.039 0.0845 0.0805
1.0710 12 3.00 3.00 3.00 221 278 66.03 84.56 5.11 -0.274 -0.243 -0.114 0.1115 0.0490
1.0720 12 3.00 3.00 3.00 221 278 66.03 84.56 5.12 0.031 -0.243 -0.114 0.1655 0.0355
1.0730 12 3.00 3.00 3.00 222 279 66.52 85.66 5.12 -0.121 -0.243 0.069 0.1610 0.0220
1.0740 12 3.00 3.00 3.00 222 280 66.52 85.88 5.11 -0.030 -0.030 0.069 0.1115 0.0625
1.0750 12 3.00 3.00 3.00 223 280 67.04 85.88 5.12 0.092 0.154 0.130 0.0890 0.0625
1.0760 12 3.00 3.00 3.00 223 281 67.04 83.69 5.12 0.001 0.092 0.039 0.1025 0.0670
1.0770 12 3.00 3.00 3.00 224 282 67.79 83.86 5.13 0.153 -0.060 -0.267 0.0665 0.0670
1.0780 12 3.00 3.00 3.00 224 282 67.79 83.86 5.13 0.184 -0.152 0.039 0.0575 0.0625
1.0790 12 3.00 3.00 3.00 225 283 68.86 86.47 5.14 0.001 -0.121 0.222 0.0890 0.0715
1.0800 12 3.00 3.00 3.00 225 284 68.86 86.84 5.13 -0.030 0.215 0.191 0.1160 0.0760
1.0810 12 3.00 3.00 3.00 226 284 69.10 86.84 5.12 0.001 0.337 0.161 0.1295 0.0940
1.0820 100 6.00 6.00 6.00 226 285 68.71 85.79 5.11 0.153 0.123 0.008 0.0935 0.0850
1.0830 100 6.00 6.00 6.00 227 286 68.50 85.80 5.12 0.062 -0.060 0.008 0.6200 -0.1850
1.0840 100 6.00 6.00 6.00 228 286 68.62 85.80 4.91 0.001 -0.121 -0.114 0.6965 -0.2165
1.0850 100 6.00 6.00 6.00 228 287 68.62 87.32 4.85 0.062 -0.213 -0.175 0.6920 -0.2210
1.0860 100 6.00 6.00 6.00 229 288 71.04 88.58 4.83 0.153 -0.121 0.069 0.7415 -0.2480
1.0870 100 6.00 6.00 6.00 229 288 71.04 88.58 4.82 0.153 -0.030 0.161 0.8540 -0.3245
1.0880 100 6.00 6.00 6.00 230 289 73.24 90.63 4.77 0.306 -0.335 0.100 1.1285 -0.4955
1.0890 100 6.00 6.00 6.00 231 290 75.74 93.75 4.68 0.214 -0.274 -0.145 1.0880 -0.5180
1.0900 100 6.00 6.00 6.00 231 291 75.74 97.98 4.67 -0.121 0.001 -0.083 0.9890 -0.4235
1.0910 100 6.00 6.00 6.00 232 292 80.19 101.73 4.70 -0.091 0.062 0.039 0.7865 -0.2525
1.0920 100 6.00 6.00 6.00 233 292 85.47 101.73 4.77 0.123 -0.121 -0.083 0.7235 -0.2345
1.0930 100 6.00 6.00 6.00 234 293 90.13 106.26 4.81 -0.182 0.184 -0.145 0.8855 -0.3245
1.0940 100 6.00 6.00 6.00 234 294 90.13 109.08 4.75 0.092 -0.030 -0.175 0.8225 -0.3290
1.0950 100 6.00 6.00 6.00 235 295 95.78 112.52 4.77 0.245 -0.274 -0.053 0.6020 -0.2030
1.0960 100 6.00 6.00 6.00 236 296 99.34 115.10 4.87 -0.030 -0.091 0.069 0.7235 -0.2300
1.0970 100 6.00 6.00 6.00 237 297 103.12 117.74 4.84 -0.121 0.276 0.130 0.7190 -0.2210
1.0980 100 6.00 6.00 6.00 238 298 106.42 120.47 4.80 -0.152 0.001 -0.114 0.5030 -0.1085
1.0990 100 6.00 6.00 6.00 238 299 106.42 123.31 4.89 0.001 -0.182 -0.206 0.5525 -0.1175
1.1000 100 6.00 6.00 6.00 239 300 108.65 125.95 4.89 0.306 -0.091 -0.236 0.6245 -0.1715
1.1010 100 6.00 6.00 6.00 240 301 110.42 131.16 4.85 0.184 -0.060 -0.145 0.4760 -0.1265
1.1020 100 6.00 6.00 6.00 241 302 111.74 133.07 4.91 -0.121 0.123 0.161 0.4625 -0.1040
1.1030 100 6.00 6.00 6.00 242 303 112.54 132.87 4.94 -0.121 0.062 0.191 0.4625 -0.0905
1.1040 100 6.00 6.00 6.00 243 304 114.75 134.19 4.93 0.123 -0.365 0.100 0.5525 -0.1400
1.1050 100 6.00 6.00 6.00 244 305 115.53 137.71 4.89 0.031 -0.365 0.191 0.5525 -0.1625
1.1060 100 6.00 6.00 6.00 245 306 115.36 139.68 4.90 0.092 0.031 0.161 0.6740 -0.1985
1.1070 100 6.00 6.00 6.00 245 308 115.36 141.55 4.85 0.123 0.123 -0.114 0.6650 -0.2165
1.1080 100 6.00 6.00 6.00 246 309 116.84 146.46 4.85 0.092 -0.030 -0.083 0.6155 -0.2030
1.1090 100 6.00 6.00 6.00 247 310 119.45 147.73 4.86 0.153 0.062 0.039 0.4805 -0.1220
1.1100 100 6.00 6.00 6.00 248 311 121.24 147.58 4.92 -0.182 0.001 0.039 0.4850 -0.1310
1.1110 100 6.00 6.00 6.00 249 312 121.94 148.81 4.92 -0.121 -0.213 0.069 0.5390 -0.1805
1.1120 100 6.00 6.00 6.00 250 313 123.40 150.98 4.91 0.153 -0.304 -0.206 0.5525 -0.1805
1.1130 100 6.00 6.00 6.00 251 314 126.21 152.32 4.91 -0.030 0.154 -0.083 0.6200 -0.2030
1.1140 100 6.00 6.00 6.00 252 316 127.52 153.47 4.87 0.031 0.306 -0.022 0.4670 -0.1535
1.1150 100 6.00 6.00 6.00 253 317 127.63 156.91 4.93 0.031 0.031 -0.053 0.4670 -0.1490
1.1160 100 6.00 6.00 6.00 254 318 128.80 157.75 4.95 0.306 0.031 -0.236 0.4940 -0.1445
1.1170 100 6.00 6.00 6.00 255 319 131.03 157.38 4.94 0.489 0.123 -0.206 0.3950 -0.1085
1.1180 100 6.00 6.00 6.00 256 320 131.87 158.15 4.97 0.336 0.184 -0.206 0.4715 -0.1085
1.1190 100 6.00 6.00 6.00 257 322 131.91 160.84 4.94 -0.060 0.154 0.039 0.4490 -0.1175
1.1200 100 6.00 6.00 6.00 258 323 132.65 163.93 4.94 -0.060 0.398 0.008 0.4175 -0.1085
1.1210 100 6.00 6.00 6.00 259 324 133.38 164.57 4.97 0.245 0.703 0.161 0.6155 -0.2300
1.1220 100 6.00 6.00 6.00 260 326 134.25 161.09 4.90 -0.335 0.092 0.252 0.6425 -0.2570
1.1230 100 6.00 6.00 6.00 261 327 136.10 166.98 4.88 -0.182 -0.487 -0.053 0.5210 -0.1580
1.1240 100 6.00 6.00 6.00 262 328 137.65 168.24 4.92 0.245 -0.670 -0.083 0.5345 -0.1535
1.1250 100 6.00 6.00 6.00 264 329 139.84 166.19 4.91 0.062 -0.670 0.100 0.5660 -0.1760
1.1260 100 6.00 6.00 6.00 265 331 142.88 168.04 4.89 -0.121 -0.304 0.069 0.4445 -0.1310
1.1270 100 6.00 6.00 6.00 266 332 143.77 169.90 4.95 -0.121 0.092 0.130 0.6020 -0.2165
1.1280 100 6.00 6.00 6.00 267 333 143.86 169.69 4.91 0.275 0.337 -0.114 0.4805 -0.1445
1.1290 100 6.00 6.00 6.00 268 335 144.93 170.73 4.94 0.336 0.337 -0.114 0.4400 -0.1130
1.1300 100 6.00 6.00 6.00 269 336 147.24 172.02 4.95 0.031 0.001 0.008 0.4895 -0.1400
1.1310 100 6.00 6.00 6.00 270 337 148.11 173.00 4.93 0.153 0.337 -0.022 0.5255 -0.1760
1.1320 100 6.00 6.00 6.00 272 339 148.54 173.83 4.92 0.184 0.611 0.100 0.3815 -0.1130
1.1330 100 6.00 6.00 6.00 273 340 151.95 174.82 4.96 0.123 0.184 0.100 0.3680 -0.0905
1.1340 100 6.00 6.00 6.00 274 341 152.39 173.88 4.99 0.001 -0.213 -0.236 0.5840 -0.2030
1.1350 100 6.00 6.00 6.00 275 343 150.16 174.77 4.92 -0.366 -0.243 -0.175 0.5750 -0.2300
1.1360 100 6.00 6.00 6.00 276 344 150.85 175.72 4.91 -0.152 -0.365 0.069 0.4805 -0.1220
1.1370 100 6.00 6.00 6.00 277 345 152.49 179.61 4.91 -0.091 -0.701 0.100 0.4175 -0.1355
1.1380 100 6.00 6.00 6.00 278 347 153.63 179.30 4.96 -0.396 -0.548 0.039 0.3905 -0.1085
1.1390 100 6.00 6.00 6.00 280 348 155.63 178.69 4.99 -0.182 0.062 0.069 0.4130 -0.0995
1.1400 100 6.00 6.00 6.00 281 349 157.03 181.01 4.97 0.245 0.703 0.161 0.4310 -0.1265
1.1410 100 6.00 6.00 6.00 282 351 157.90 181.38 4.96 0.367 0.550 -0.053 0.3905 -0.0815
1.1420 100 6.00 6.00 6.00 283 352 157.88 181.47 4.95 0.214 0.184 -0.053 0.3590 -0.0860
1.1430 100 6.00 6.00 6.00 285 354 158.28 185.54 4.97 0.031 0.215 -0.083 0.2645 -0.0365
1.1440 100 6.00 6.00 6.00 286 355 158.49 184.32 5.02 -0.030 0.154 0.039 0.2780 -0.0275
1.1450 100 6.00 6.00 6.00 287 356 160.18 184.72 5.02 0.153 0.123 0.069 0.3320 -0.0905
1.1460 100 6.00 6.00 6.00 288 358 160.13 186.09 5.01 0.123 0.092 0.039 0.4400 -0.0815
1.1470 100 6.00 6.00 6.00 289 359 158.56 186.10 4.96 0.031 0.245 -0.114 0.4175 -0.1535
1.1480 100 6.00 6.00 6.00 291 361 159.56 187.84 4.95 0.123 0.489 0.039 0.3500 -0.0905
1.1490 100 6.00 6.00 6.00 292 362 160.82 189.57 5.00 -0.121 0.123 -0.083 0.2870 -0.0545
1.1500 100 6.00 6.00 6.00 293 364 159.86 187.99 5.01 -0.091 -0.274 0.039 0.3275 -0.0770
1.1510 100 6.00 6.00 6.00 294 365 160.27 189.62 5.01 0.184 -0.457 0.222 0.4130 -0.1175
1.1520 100 6.00 6.00 6.00 296 367 162.78 191.38 4.96 0.092 -0.426 0.130 0.3995 -0.1265
1.1530 100 6.00 6.00 6.00 297 368 161.78 193.08 4.98 -0.121 -0.213 -0.083 0.3860 -0.1040
1.1540 100 6.00 6.00 6.00 298 370 162.24 188.22 4.97 -0.274 -0.121 -0.175 0.3410 -0.1040
1.1550 100 6.00 6.00 6.00 299 371 164.00 193.63 4.99 0.123 -0.030 -0.114 0.3185 -0.0590
1.1560 100 6.00 6.00 6.00 301 372 163.96 194.29 5.01 0.123 -0.152 -0.206 0.3995 -0.0680
1.1570 100 6.00 6.00 6.00 302 374 163.72 190.93 4.96 0.001 -0.152 -0.267 0.3050 -0.0500
1.1580 100 6.00 6.00 6.00 303 376 163.75 193.08 5.00 0.031 -0.060 -0.206 0.4130 -0.1355
1.1590 100 6.00 6.00 6.00 304 377 163.91 192.00 4.99 0.153 0.062 -0.053 0.4895 -0.1805
1.1600 100 6.00 6.00 6.00 306 378 164.48 192.03 4.97 -0.213 0.123 -0.114 0.3815 -0.0905
1.1610 100 6.00 6.00 6.00 307 380 164.05 192.83 4.98 -0.366 0.092 -0.267 0.4175 -0.0995
1.1620 100 6.00 6.00 6.00 308 381 164.36 193.61 4.96 -0.060 0.154 -0.145 0.3860 -0.0995
1.1630 100 6.00 6.00 6.00 309 383 165.75 194.24 4.97 0.367 -0.060 -0.053 0.4490 -0.1670
1.1640 100 6.00 6.00 6.00 311 384 166.02 194.83 4.98 0.306 -0.030 0.161 0.3860 -0.1265
1.1650 100 6.00 6.00 6.00 312 386 166.50 193.26 4.98 -0.213 -0.152 0.069 0.3455 -0.0950
1.1660 100 6.00 6.00 6.00 313 387 168.44 193.35 4.99 -0.152 -0.152 -0.053 0.4040 -0.0950
1.1670 100 6.00 6.00 6.00 315 389 168.83 195.56 4.97 -0.152 0.062 -0.022 0.4040 -0.1085
1.1680 100 6.00 6.00 6.00 316 390 168.91 198.06 4.98 -0.060 0.092 -0.145 0.2690 -0.0545
1.1690 100 6.00 6.00 6.00 317 392 172.14 195.24 5.03 0.245 -0.030 -0.083 0.3680 -0.0770
1.1700 100 6.00 6.00 6.00 318 393 172.58 197.35 5.01 0.001 -0.030 0.222 0.4895 -0.1760
1.1710 100 6.00 6.00 6.00 320 395 170.52 196.93 4.97 0.275 0.092 0.344 0.4040 -0.0950
1.1720 100 6.00 6.00 6.00 321 396 172.29 196.23 4.95 0.184 -0.060 0.191 0.3635 -0.0905
1.1730 100 6.00 6.00 6.00 322 398 172.92 200.06 4.98 0.062 -0.060 0.161 0.3005 -0.0455
1.1740 100 6.00 6.00 6.00 324 399 173.99 198.04 5.01 0.245 -0.091 0.069 0.3275 -0.0770
1.1750 100 6.00 6.00 6.00 325 401 174.75 198.52 5.02 0.001 0.031 0.161 0.3050 -0.0590
1.1760 100 6.00 6.00 6.00 326 402 175.10 198.96 5.02 -0.213 0.154 -0.053 0.3365 -0.0635
1.1770 100 6.00 6.00 6.00 328 404 174.69 198.32 4.99 -0.182 0.154 0.039 0.2060 -0.0275
1.1780 100 6.00 6.00 6.00 329 406 174.38 201.15 5.03 0.062 0.123 0.222 0.2015 -0.0185
1.1790 100 6.00 6.00 6.00 330 407 174.29 199.42 5.07 0.245 0.123 0.039 0.2105 -0.0275
1.1800 100 6.00 6.00 6.00 332 409 175.66 200.08 5.06 -0.213 -0.152 -0.175 0.3320 -0.0770
1.1810 100 6.00 6.00 6.00 333 410 173.50 200.99 5.02 0.123 -0.030 -0.083 0.3635 -0.1130
1.1820 100 6.00 6.00 6.00 334 412 173.41 204.03 4.99 0.153 -0.091 0.008 0.3095 -0.0500
1.1830 100 6.00 6.00 6.00 336 413 174.27 198.56 5.01 -0.152 -0.091 -0.145 0.2510 -0.0410
1.1840 100 6.00 6.00 6.00 337 415 172.42 201.45 5.03 0.123 0.001 -0.145 0.2915 -0.0320
1.1850 100 6.00 6.00 6.00 338 416 172.29 204.54 5.03 -0.060 0.092 0.008 0.3815 -0.0905
1.1860 100 6.00 6.00 6.00 340 418 174.34 200.38 4.98 0.153 0.092 0.100 0.3905 -0.1040
1.1870 100 6.00 6.00 6.00 341 419 172.67 202.21 4.97 0.031 0.245 0.161 0.3140 -0.0905
1.1880 100 6.00 6.00 6.00 342 421 172.88 201.50 5.02 -0.213 -0.213 0.069 0.2960 -0.0545
1.1890 100 6.00 6.00 6.00 344 422 174.54 200.76 5.03 -0.243 -0.213 0.008 0.2645 -0.0230
1.1900 100 6.00 6.00 6.00 345 424 173.56 201.37 5.03 -0.243 -0.548 -0.358 0.3365 -0.0770
1.1910 100 6.00 6.00 6.00 346 425 173.45 201.94 4.99 -0.335 -1.006 -0.175 0.3275 -0.0815
1.1920 100 6.00 6.00 6.00 348 427 173.31 202.15 5.00 0.092 -0.548 -0.022 0.4220 -0.1670
1.1930 100 6.00 6.00 6.00 349 428 174.34 202.66 4.99 0.153 -0.243 -0.114 0.3680 -0.1355
1.1940 100 6.00 6.00 6.00 350 430 174.78 201.05 5.00 0.062 0.215 -0.206 0.3185 -0.0725
1.1950 100 6.00 6.00 6.00 352 432 175.27 201.50 5.01 0.245 0.520 0.008 0.3860 -0.0725
1.1960 100 6.00 6.00 6.00 353 433 177.13 205.50 4.97 0.336 0.276 0.161 0.3635 -0.1310
1.1970 100 6.00 6.00 6.00 354 435 177.20 204.25 4.99 -0.152 0.154 0.130 0.3860 -0.1400
1.1980 100 6.00 6.00 6.00 356 436 175.76 202.73 5.00 -0.182 0.245 -0.053 0.3185 -0.0950
1.1990 100 6.00 6.00 6.00 357 438 176.97 204.69 5.01 -0.091 -0.121 -0.145 0.3095 -0.0545
1.2000 100 6.00 6.00 6.00 359 440 176.64 203.20 5.01 0.275 -0.426 -0.206 0.3770 -0.0500
1.2010 100 6.00 6.00 6.00 360 441 176.36 206.77 4.98 0.336 -0.426 -0.236 0.2825 -0.0725
1.2020 100 6.00 6.00 6.00 361 443 179.33 205.78 5.01 -0.030 -0.365 -0.145 0.3050 -0.0950
1.2030 100 6.00 6.00 6.00 363 444 178.07 204.62 5.03 0.367 -0.030 0.100 0.4175 -0.1625
1.2040 100 6.00 6.00 6.00 364 446 176.98 205.36 4.99 0.123 0.062 0.283 0.3410 -0.0590
1.2050 100 6.00 6.00 6.00 365 447 178.13 204.52 5.00 -0.213 0.062 0.008 0.3275 -0.0770
1.2060 100 6.00 6.00 6.00 367 449 178.96 205.89 5.00 0.214 0.337 -0.175 0.2600 -0.0320
1.2070 100 6.00 6.00 6.00 368 450 179.48 207.15 5.04 0.275 0.245 0.039 0.2915 -0.0905
1.2080 100 6.00 6.00 6.00 370 452 180.17 205.20 5.04 0.062 0.428 0.039 0.2780 -0.0590
1.2090 100 6.00 6.00 6.00 371 454 179.89 206.72 5.03 0.062 0.459 -0.175 0.2690 -0.0185
1.2100 100 6.00 6.00 6.00 372 455 180.04 209.76 5.02 0.245 0.062 -0.083 0.1790 -0.0095
1.2110 100 6.00 6.00 6.00 374 457 179.79 207.02 5.06 0.306 -0.243 -0.053 0.1970 -0.0140
1.2120 100 6.00 6.00 6.00 375 458 181.30 204.13 5.06 0.001 -0.304 -0.022 0.2105 -0.0275
1.2130 100 6.00 6.00 6.00 376 460 180.94 209.82 5.06 0.001 -0.152 -0.114 0.3320 -0.0680
1.2140 100 6.00 6.00 6.00 378 462 178.69 205.88 5.01 0.245 0.367 0.191 0.3770 -0.0860
1.2150 100 6.00 6.00 6.00 379 463 179.76 207.87 4.98 0.397 0.428 -0.022 0.2510 -0.0545
1.2160 100 6.00 6.00 6.00 380 465 179.82 206.73 5.04 0.153 0.184 -0.083 0.2060 -0.0230
1.2170 100 6.00 6.00 6.00 382 466 178.26 205.27 5.06 0.001 0.031 -0.083 0.2690 -0.0365
1.2180 100 6.00 6.00 6.00 383 468 180.18 205.50 5.04 0.092 -0.274 0.100 0.3995 -0.1130
1.2190 100 6.00 6.00 6.00 385 469 179.33 205.73 4.98 -0.366 -0.487 0.161 0.3365 -0.0860
1.2200 100 6.00 6.00 6.00 386 471 178.53 206.12 4.99 -0.427 -0.426 0.039 0.2645 -0.0725
1.2210 100 6.00 6.00 6.00 387 472 180.13 206.46 5.04 0.153 -0.243 0.100 0.2195 -0.0230
1.2220 100 6.00 6.00 6.00 389 474 179.49 204.76 5.06 0.275 -0.182 -0.022 0.2510 -0.0365
1.2230 100 6.00 6.00 6.00 390 476 178.81 204.97 5.04 0.153 0.428 0.069 0.3050 -0.0185
1.2240 100 6.00 6.00 6.00 391 477 178.43 208.92 5.00 -0.152 0.672 0.008 0.3950 -0.1445
1.2250 100 6.00 6.00 6.00 393 479 178.99 207.62 4.99 0.062 0.215 0.069 0.3635 -0.1220
1.2260 100 6.00 6.00 6.00 394 480 179.73 205.92 5.01 0.184 0.215 -0.175 0.2915 -0.0770
1.2270 100 6.00 6.00 6.00 396 482 179.99 207.91 5.02 0.123 0.215 -0.236 0.3050 -0.0320
1.2280 100 6.00 6.00 6.00 397 484 181.71 206.24 5.01 0.062 0.092 -0.175 0.3455 -0.0815
1.2290 100 6.00 6.00 6.00 398 485 181.93 209.75 4.99 0.275 -0.060 -0.145 0.3950 -0.1490
1.2300 100 6.00 6.00 6.00 400 487 181.21 208.65 4.98 0.184 -0.243 -0.053 0.2960 -0.0860
1.2310 100 6.00 6.00 6.00 401 488 182.97 207.25 5.02 0.092 -0.152 -0.206 0.2645 -0.0545
1.2320 100 6.00 6.00 6.00 402 490 183.03 207.85 5.04 0.184 0.031 -0.083 0.3455 -0.0590
1.2330 100 6.00 6.00 6.00 404 492 181.46 206.94 5.00 -0.030 -0.030 0.161 0.2330 -0.0455
1.2340 100 6.00 6.00 6.00 405 493 183.62 209.70 5.03 -0.274 -0.121 0.039 0.2870 -0.0680
1.2350 100 6.00 6.00 6.00 407 495 181.91 208.68 5.04 -0.274 0.001 -0.083 0.3725 -0.1355
1.2360 100 6.00 6.00 6.00 408 496 180.60 207.48 5.00 0.062 0.215 0.039 0.2645 -0.0455
1.2370 100 6.00 6.00 6.00 410 498 181.82 208.95 5.03 0.153 0.215 -0.114 0.3050 -0.0680
1.2380 100 6.00 6.00 6.00 411 500 182.57 211.92 5.01 0.184 0.031 -0.175 0.2150 -0.0230
1.2390 100 6.00 6.00 6.00 412 501 182.52 206.09 5.05 0.123 -0.060 -0.022 0.2960 -0.0860
1.2400 100 6.00 6.00 6.00 414 503 183.06 208.82 5.03 0.367 0.276 -0.022 0.2735 -0.0590
1.2410 100 6.00 6.00 6.00 415 504 182.39 211.94 5.02 0.489 0.245 -0.236 0.2735 -0.0230
1.2420 100 6.00 6.00 6.00 416 506 182.47 207.60 5.02 0.031 -0.091 0.008 0.2060 -0.0185
1.2430 100 6.00 6.00 6.00 418 508 182.08 209.97 5.02 -0.243 -0.091 0.161 0.1745 0.0040
1.2440 100 6.00 6.00 6.00 419 509 183.66 208.44 5.07 0.123 0.123 0.008 0.1925 -0.0050
1.2450 100 6.00 6.00 6.00 421 511 182.33 208.51 5.06 0.245 0.245 0.191 0.3005 -0.0545
1.2460 100 6.00 6.00 6.00 422 512 181.25 208.66 5.03 0.031 0.215 0.100 0.3320 -0.0725
1.2470 100 6.00 6.00 6.00 423 514 182.36 208.57 5.01 0.031 -0.091 0.008 0.2375 -0.0320
1.2480 100 6.00 6.00 6.00 425 516 181.81 208.98 5.03 -0.152 -0.335 -0.083 0.1970 -0.0365
1.2490 100 6.00 6.00 6.00 426 517 180.98 207.06 5.07 -0.304 -0.335 0.008 0.2825 -0.0500
1.2500 100 6.00 6.00 6.00 428 519 183.08 206.96 5.04 -0.121 -0.091 -0.083 0.3410 -0.0770
1.2510 100 6.00 6.00 6.00 429 520 181.13 207.27 5.00 0.092 -0.060 -0.083 0.4040 -0.0950
1.2520 100 6.00 6.00 6.00 430 522 181.25 211.12 4.96 0.245 -0.213 0.039 0.2600 -0.0545
1.2530 100 6.00 6.00 6.00 432 524 182.77 208.00 5.03 0.214 -0.335 -0.053 0.1880 -0.0140
1.2540 100 6.00 6.00 6.00 433 525 181.55 210.06 5.06 0.123 -0.121 -0.114 0.2330 -0.0455
1.2550 100 6.00 6.00 6.00 435 527 181.45 209.22 5.05 -0.030 -0.030 -0.236 0.3230 -0.0545
1.2560 100 6.00 6.00 6.00 436 528 181.10 208.27 5.00 0.092 0.123 -0.083 0.4400 -0.1535
1.2570 100 6.00 6.00 6.00 437 530 181.86 212.19 4.96 0.153 0.245 -0.053 0.3095 -0.0905
1.2580 100 6.00 6.00 6.00 439 532 182.12 209.45 5.01 0.062 0.245 0.039 0.2690 -0.0635
1.2590 100 6.00 6.00 6.00 440 533 182.62 210.17 5.04 0.214 0.062 -0.114 0.2465 -0.0275
1.2600 100 6.00 6.00 6.00 442 535 183.97 209.70 5.04 0.153 0.001 -0.297 0.4400 -0.1310
1.2610 100 6.00 6.00 6.00 443 536 183.28 209.18 4.97 -0.182 -0.152 -0.572 0.3365 -0.1085
1.2620 100 6.00 6.00 6.00 444 538 182.43 211.90 5.00 -0.182 -0.121 -0.267 0.2825 -0.0590
1.2630 100 6.00 6.00 6.00 446 540 183.46 209.70 5.03 0.062 0.062 0.100 0.2735 -0.0680
1.2640 100 6.00 6.00 6.00 447 541 182.57 211.11 5.04 -0.091 -0.121 0.100 0.2825 -0.0500
1.2650 100 6.00 6.00 6.00 449 543 182.51 212.71 5.01 -0.030 0.062 -0.022 0.2285 -0.0185
1.2660 100 6.00 6.00 6.00 450 544 185.52 214.00 5.05 -0.121 0.001 0.161 0.3635 -0.1130
1.2670 100 6.00 6.00 6.00 451 546 182.56 207.73 5.02 0.092 -0.426 0.222 0.3095 -0.0905
1.2680 100 6.00 6.00 6.00 453 548 183.34 213.21 5.02 0.092 -0.548 -0.145 0.2285 -0.0140
1.2690 100 6.00 6.00 6.00 454 549 184.30 209.13 5.04 -0.060 -0.335 -0.236 0.3320 -0.0590
1.2700 100 6.00 6.00 6.00 456 551 184.71 209.94 4.97 0.031 -0.060 -0.297 0.2150 -0.0230
1.2710 100 6.00 6.00 6.00 457 552 185.11 210.88 5.05 0.123 0.031 -0.297 0.3095 -0.0860
1.2720 100 6.00 6.00 6.00 458 554 185.24 209.20 5.03 0.001 0.031 0.039 0.2510 -0.0275
1.2730 100 6.00 6.00 6.00 460 556 184.49 209.20 5.05 -0.335 -0.182 0.100 0.2375 0.0085
1.2740 100 6.00 6.00 6.00 461 557 184.14 209.29 5.04 -0.182 -0.182 -0.114 0.2465 -0.0140
1.2750 100 6.00 6.00 6.00 463 559 184.73 209.67 5.04 -0.121 -0.121 -0.053 0.1655 -0.0140
1.2760 100 6.00 6.00 6.00 464 560 185.03 210.08 5.06 -0.060 0.062 -0.083 0.2555 -0.0455
1.2770 100 6.00 6.00 6.00 465 562 182.96 207.92 5.05 -0.182 0.062 -0.175 0.2960 -0.0635
1.2780 100 6.00 6.00 6.00 467 564 183.50 208.30 5.04 -0.030 0.062 -0.022 0.3365 -0.0545
1.2790 100 6.00 6.00 6.00 468 565 184.34 212.06 4.99 0.397 0.001 0.069 0.2015 -0.0185
1.2800 100 6.00 6.00 6.00 470 567 182.76 210.92 5.04 0.458 0.062 -0.114 0.1970 -0.0365
1.2810 100 6.00 6.00 6.00 471 568 184.82 209.13 5.06 -0.060 -0.213 -0.083 0.3410 -0.1220
1.2820 100 6.00 6.00 6.00 472 570 184.75 211.10 5.02 -0.091 -0.243 0.008 0.3230 -0.0545
1.2830 100 6.00 6.00 6.00 474 572 182.95 209.20 5.00 0.214 -0.152 0.161 0.3050 -0.0410
1.2840 100 6.00 6.00 6.00 475 573 184.54 212.66 4.99 0.245 0.031 0.039 0.2015 -0.0230
1.2850 100 6.00 6.00 6.00 477 575 184.01 211.40 5.05 0.306 0.276 -0.114 0.2195 -0.0230
1.2860 100 6.00 6.00 6.00 478 576 183.16 210.18 5.06 0.153 0.215 -0.114 0.1925 -0.0050
1.2870 100 6.00 6.00 6.00 479 578 182.92 210.83 5.07 0.123 0.001 -0.022 0.4355 -0.1040
1.2880 100 6.00 6.00 6.00 481 580 183.37 209.77 4.98 0.092 0.062 -0.175 0.3500 -0.1220
1.2890 100 6.00 6.00 6.00 482 581 184.05 212.57 5.00 -0.121 0.031 -0.267 0.2735 -0.0725
1.2900 100 6.00 6.00 6.00 484 583 184.21 211.61 5.04 0.092 -0.030 -0.267 0.2465 -0.0455
1.2910 100 6.00 6.00 6.00 485 585 185.79 211.03 5.05 0.123 0.367 0.008 0.3095 -0.0680
1.2920 100 6.00 6.00 6.00 486 586 185.78 212.04 5.03 0.184 0.550 0.161 0.3905 -0.1400
1.2930 100 6.00 6.00 6.00 488 588 184.44 215.13 4.98 0.062 0.367 0.130 0.2870 -0.0815
1.2940 100 6.00 6.00 6.00 489 589 185.63 209.33 5.02 0.153 0.245 0.069 0.2690 -0.0365
1.2950 100 6.00 6.00 6.00 491 591 185.22 212.01 5.04 0.092 0.123 0.069 0.2690 -0.0500
1.2960 100 6.00 6.00 6.00 492 593 184.75 213.02 5.03 -0.213 0.092 0.008 0.2915 -0.0230
1.2970 100 6.00 6.00 6.00 494 594 187.84 210.71 5.01 -0.152 -0.030 0.130 0.3320 -0.0905
1.2980 100 6.00 6.00 6.00 495 596 184.61 212.98 5.00 0.123 0.001 0.191 0.3590 -0.1040
1.2990 100 6.00 6.00 6.00 496 598 184.91 211.56 5.00 0.153 0.062 0.008 0.1925 -0.0230
1.3000 100 6.00 6.00 6.00 498 599 186.06 211.76 5.05 -0.091 0.123 -0.083 0.2645 -0.0410
1.3010 100 6.00 6.00 6.00 499 601 186.72 211.81 5.03 -0.213 -0.091 0.039 0.2465 -0.0050
1.3020 100 6.00 6.00 6.00 501 602 186.81 211.91 5.02 0.031 -0.182 -0.083 0.3095 -0.0950
1.3030 100 6.00 6.00 6.00 502 604 186.93 212.38 5.01 0.001 -0.152 -0.236 0.2285 -0.0455
1.3040 100 6.00 6.00 6.00 504 606 186.27 210.27 5.05 0.001 -0.182 0.100 0.1880 -0.0185
1.3050 100 6.00 6.00 6.00 505 607 185.84 210.10 5.05 -0.182 -0.213 0.252 0.2195 0.0040
1.3060 100 6.00 6.00 6.00 506 609 185.83 211.75 5.04 -0.091 0.031 0.100 0.2420 -0.0275
1.3070 100 6.00 6.00 6.00 508 610 186.98 213.96 5.02 -0.182 -0.182 -0.083 0.2195 -0.0500
1.3080 100 6.00 6.00 6.00 509 612 184.52 210.69 5.07 -0.182 -0.304 -0.022 0.2690 -0.0725
1.3090 100 6.00 6.00 6.00 511 614 184.90 212.69 5.04 0.062 -0.213 0.008 0.2735 -0.0410
1.3100 100 6.00 6.00 6.00 512 615 185.44 211.17 5.03 0.336 0.001 0.039 0.2330 -0.0005
1.3110 100 6.00 6.00 6.00 513 617 183.80 212.82 5.02 0.306 0.276 -0.022 0.2375 -0.0410
1.3120 100 6.00 6.00 6.00 515 619 184.60 213.61 5.04 -0.030 0.367 -0.053 0.3095 -0.0905
1.3130 100 6.00 6.00 6.00 516 620 185.34 212.27 5.03 -0.121 0.184 -0.083 0.2780 -0.0995
1.3140 100 6.00 6.00 6.00 518 622 183.13 212.76 5.04 0.062 -0.091 0.130 0.3185 -0.0410
1.3150 100 6.00 6.00 6.00 519 623 184.56 211.75 5.01 -0.030 -0.091 0.069 0.2240 -0.0365
1.3160 100 6.00 6.00 6.00 520 625 184.58 213.11 5.03 0.245 -0.030 -0.114 0.2195 -0.0365
1.3170 100 6.00 6.00 6.00 522 627 183.25 213.45 5.06 0.336 -0.030 -0.114 0.1700 -0.0050
1.3180 100 6.00 6.00 6.00 523 628 182.77 212.15 5.07 0.275 0.276 0.008 0.3590 -0.1130
1.3190 100 6.00 6.00 6.00 525 630 183.22 213.79 5.01 -0.030 0.398 -0.022 0.3905 -0.1310
1.3200 100 6.00 6.00 6.00 526 632 183.83 216.65 4.98 -0.030 0.306 -0.053 0.2735 -0.0725
1.3210 100 6.00 6.00 6.00 528 633 184.23 210.68 5.03 0.245 0.276 0.069 0.2600 -0.0500
1.3220 100 6.00 6.00 6.00 529 635 185.81 213.18 5.04 0.245 0.184 0.069 0.2645 -0.0590
1.3230 100 6.00 6.00 6.00 530 636 185.99 216.08 5.04 -0.060 -0.121 0.069 0.4535 -0.1220
1.3240 100 6.00 6.00 6.00 532 638 184.77 211.77 4.96 -0.182 -0.396 -0.083 0.3320 -0.0905
1.3250 100 6.00 6.00 6.00 533 640 186.02 213.73 4.99 0.092 -0.304 0.008 0.2510 -0.0725
1.3260 100 6.00 6.00 6.00 535 641 185.15 212.22 5.04 0.214 0.001 0.283 0.2735 -0.0815
1.3270 100 6.00 6.00 6.00 536 643 184.59 211.86 5.04 0.184 0.001 0.100 0.2330 -0.0140
1.3280 100 6.00 6.00 6.00 537 645 187.51 211.70 5.04 0.062 -0.182 -0.175 0.3320 -0.0725
1.3290 100 6.00 6.00 6.00 539 646 186.14 211.88 5.00 -0.366 -0.365 0.039 0.3950 -0.1400
1.3300 100 6.00 6.00 6.00 540 648 184.80 212.32 4.99 -0.640 -0.518 0.191 0.2015 -0.0365
1.3310 100 6.00 6.00 6.00 542 649 186.29 210.30 5.05 -0.427 -0.335 0.161 0.2510 -0.0545
1.3320 100 6.00 6.00 6.00 543 651 187.08 210.42 5.04 -0.274 -0.243 0.191 0.2645 -0.0140
1.3330 100 6.00 6.00 6.00 545 653 187.31 212.69 5.03 -0.060 0.001 -0.083 0.3950 -0.1085
1.3340 100 6.00 6.00 6.00 546 654 187.60 214.88 4.98 0.031 0.123 -0.267 0.2375 -0.0455
1.3350 100 6.00 6.00 6.00 547 656 186.86 211.58 5.04 0.367 0.184 -0.206 0.1835 -0.0185
1.3360 100 6.00 6.00 6.00 549 658 186.77 213.49 5.08 0.367 0.092 -0.175 0.1745 0.0130
1.3370 100 6.00 6.00 6.00 550 659 186.52 211.88 5.07 0.092 -0.060 0.161 0.2375 -0.0095
1.3380 100 6.00 6.00 6.00 552 661 187.77 213.43 5.03 -0.030 0.154 0.283 0.2420 -0.0320
1.3390 100 6.00 6.00 6.00 553 662 185.21 215.49 5.04 -0.091 0.306 0.008 0.2735 -0.0725
1.3400 100 6.00 6.00 6.00 554 664 185.01 212.96 5.03 0.001 0.337 -0.053 0.2465 -0.0590
1.3410 100 6.00 6.00 6.00 556 666 186.21 213.47 5.05 0.092 -0.060 0.130 0.2285 -0.0050
1.3420 100 6.00 6.00 6.00 557 667 184.48 212.62 5.04 -0.030 -0.487 0.130 0.2330 -0.0320
1.3430 100 6.00 6.00 6.00 559 669 185.41 213.92 5.03 -0.121 -0.518 0.069 0.3095 -0.1040
1.3440 100 6.00 6.00 6.00 560 671 186.26 214.32 5.04 -0.121 -0.426 -0.145 0.2780 -0.0770
1.3450 100 6.00 6.00 6.00 562 672 184.46 212.93 5.04 -0.091 -0.182 -0.022 0.2780 -0.0635
1.3460 100 6.00 6.00 6.00 563 674 186.09 214.60 5.03 -0.060 0.184 0.008 0.2420 -0.0455
1.3470 100 6.00 6.00 6.00 564 676 186.19 217.67 5.03 0.153 0.215 -0.114 0.2240 -0.0275
1.3480 100 6.00 6.00 6.00 566 677 184.74 211.54 5.07 0.092 0.154 -0.206 0.1655 -0.0140
1.3490 100 6.00 6.00 6.00 567 679 184.39 214.46 5.06 0.092 -0.060 -0.053 0.3365 -0.0905
1.3500 100 6.00 6.00 6.00 569 680 184.75 217.51 5.03 0.062 -0.121 -0.053 0.4220 -0.0950
1.3510 100 6.00 6.00 6.00 570 682 185.36 213.21 4.97 0.031 -0.121 -0.053 0.2960 -0.0725
1.3520 100 6.00 6.00 6.00 572 684 185.49 215.25 5.01 0.092 -0.121 0.069 0.2375 -0.0410
1.3530 100 6.00 6.00 6.00 573 685 187.05 213.97 5.04 0.092 0.031 0.039 0.2690 -0.0545
1.3540 100 6.00 6.00 6.00 574 687 187.16 213.92 5.04 0.123 0.154 -0.022 0.3950 -0.1220
1.3550 100 6.00 6.00 6.00 576 689 186.04 214.18 4.99 -0.121 0.184 0.008 0.3365 -0.0815
1.3560 100 6.00 6.00 6.00 577 690 187.49 214.22 4.99 -0.243 -0.152 0.100 0.2375 -0.0545
1.3570 100 6.00 6.00 6.00 579 692 186.88 214.62 5.04 -0.060 -0.426 0.161 0.2330 -0.0680
1.3580 100 6.00 6.00 6.00 580 694 186.01 212.83 5.04 -0.182 -0.213 0.252 0.2105 -0.0320
1.3590 100 6.00 6.00 6.00 582 695 188.87 212.68 5.05 -0.152 0.092 0.283 0.3410 -0.0545
1.3600 100 6.00 6.00 6.00 583 697 185.58 214.65 5.00 -0.030 0.184 0.252 0.4175 -0.1400
1.3610 100 6.00 6.00 6.00 584 698 185.78 216.80 4.96 -0.243 0.031 0.130 0.2060 -0.0275
1.3620 100 6.00 6.00 6.00 586 700 186.89 213.53 5.05 -0.182 -0.152 0.191 0.2330 -0.0410
1.3630 100 6.00 6.00 6.00 587 702 187.50 215.60 5.05 0.062 -0.182 0.100 0.2150 0.0040
1.3640 100 6.00 6.00 6.00 589 703 187.49 213.77 5.05 -0.030 -0.182 -0.114 0.3725 -0.0815
1.3650 100 6.00 6.00 6.00 590 705 187.77 215.48 4.98 0.001 -0.396 0.008 0.2600 -0.0770
1.3660 100 6.00 6.00 6.00 592 707 186.95 216.20 5.03 0.092 -0.182 0.100 0.1700 -0.0050
1.3670 100 6.00 6.00 6.00 593 708 186.75 214.91 5.07 0.306 0.215 0.100 0.1565 0.0040
1.3680 100 6.00 6.00 6.00 594 710 186.37 215.18 5.07 0.245 0.123 -0.145 0.2330 0.0130
1.3690 100 6.00 6.00 6.00 596 712 187.99 214.15 5.04 -0.060 0.123 -0.053 0.2420 -0.0365
1.3700 100 6.00 6.00 6.00 597 713 185.43 216.50 5.04 -0.060 0.092 0.039 0.2690 -0.0770
1.3710 100 6.00 6.00 6.00 599 715 185.87 214.84 5.04 0.306 0.184 0.100 0.2285 -0.0455
1.3720 100 6.00 6.00 6.00 600 717 186.47 213.44 5.05 -0.121 0.154 0.130 0.1880 0.0085
1.3730 100 6.00 6.00 6.00 601 718 184.76 214.18 5.06 -0.579 -0.243 -0.053 0.2240 -0.0455
1.3740 100 6.00 6.00 6.00 603 720 185.54 217.23 5.05 -0.396 -0.121 0.100 0.3275 -0.0995
1.3750 100 6.00 6.00 6.00 604 722 186.37 211.13 5.03 0.092 -0.396 0.313 0.2870 -0.0815
1.3760 100 6.00 6.00 6.00 606 723 184.45 216.70 5.04 0.031 -0.426 0.374 0.2690 -0.0590
1.3770 100 6.00 6.00 6.00 607 725 186.12 214.79 5.04 -0.182 -0.182 -0.206 0.2735 -0.0095
1.3780 100 6.00 6.00 6.00 608 726 186.21 212.54 5.01 0.062 0.154 -0.206 0.2195 -0.0275
1.3790 100 6.00 6.00 6.00 610 728 184.88 214.60 5.04 0.611 0.489 -0.236 0.1790 -0.0095
1.3800 100 6.00 6.00 6.00 611 730 184.46 213.25 5.06 0.550 0.306 -0.083 0.3455 -0.1085
1.3810 100 6.00 6.00 6.00 613 731 184.81 213.38 5.02 -0.091 0.154 0.100 0.3725 -0.0815
1.3820 100 6.00 6.00 6.00 614 733 185.51 213.64 4.99 -0.182 0.001 0.008 0.3140 -0.0635
1.3830 100 6.00 6.00 6.00 616 735 185.65 213.84 5.00 0.001 0.092 -0.114 0.2465 -0.0590
1.3840 100 6.00 6.00 6.00 617 736 187.27 214.11 5.04 0.123 0.154 -0.053 0.2870 -0.0770
1.3850 100 6.00 6.00 6.00 618 738 187.32 212.21 5.05 0.062 -0.182 -0.206 0.3680 -0.1175
1.3860 100 6.00 6.00 6.00 620 740 186.42 212.21 5.00 0.001 -0.426 -0.053 0.3455 -0.0545
1.3870 100 6.00 6.00 6.00 621 741 188.24 216.04 4.99 0.153 -0.457 0.130 0.2735 -0.0590
1.3880 100 6.00 6.00 6.00 623 743 188.06 214.59 5.01 0.031 -0.640 0.008 0.2330 -0.0545
1.3890 100 6.00 6.00 6.00 624 744 187.61 212.96 5.05 -0.091 -0.945 -0.083 0.1880 -0.0230
1.3900 100 6.00 6.00 6.00 626 746 190.73 215.10 5.07 0.123 -0.518 0.069 0.3410 -0.0770
1.3910 100 6.00 6.00 6.00 627 748 187.46 213.29 5.01 0.092 0.062 0.100 0.4085 -0.1175
1.3920 100 6.00 6.00 6.00 629 749 187.97 216.65 4.97 0.062 0.367 0.039 0.2015 -0.0275
1.3930 100 6.00 6.00 6.00 630 751 188.24 215.60 5.04 0.184 0.489 0.130 0.2375 -0.0455
1.3940 100 6.00 6.00 6.00 631 753 188.32 214.25 5.05 0.214 0.215 0.008 0.2150 0.0040
1.3950 100 6.00 6.00 6.00 633 754 187.97 214.85 5.08 0.245 0.001 -0.114 0.3680 -0.0770
1.3960 100 6.00 6.00 6.00 634 756 188.20 213.78 4.99 -0.030 -0.213 -0.358 0.2375 -0.0500
1.3970 100 6.00 6.00 6.00 636 758 187.51 216.50 5.04 -0.243 0.062 -0.145 0.1700 0.0040
1.3980 100 6.00 6.00 6.00 637 759 187.15 214.54 5.07 -0.182 0.367 -0.083 0.1610 -0.0050
1.3990 100 6.00 6.00 6.00 639 761 187.82 215.06 5.08 0.031 0.428 -0.053 0.2060 0.0085
1.4000 100 6.00 6.00 6.00 640 762 188.23 216.01 5.05 -0.091 0.459 -0.114 0.2420 -0.0500
1.4010 100 6.00 6.00 6.00 641 764 186.01 218.88 5.04 -0.182 0.550 0.039 0.2780 -0.0635
1.4020 100 6.00 6.00 6.00 643 766 186.51 212.85 5.04 -0.030 0.001 -0.053 0.2330 -0.0455
1.4030 100 6.00 6.00 6.00 644 767 187.33 218.55 5.04 -0.121 -0.182 -0.083 0.1835 -0.0050
1.4040 100 6.00 6.00 6.00 646 769 185.82 216.62 5.06 -0.152 -0.426 0.008 0.2960 -0.0320
1.4050 100 6.00 6.00 6.00 647 771 187.97 215.31 5.01 0.062 -0.426 -0.053 0.3230 -0.1040
1.4060 100 6.00 6.00 6.00 649 772 187.01 216.40 5.01 0.031 -0.335 -0.053 0.2915 -0.0815
1.4070 100 6.00 6.00 6.00 650 774 186.22 215.03 5.03 -0.091 -0.274 -0.022 0.2510 -0.0635
1.4080 100 6.00 6.00 6.00 652 776 187.88 215.17 5.04 -0.121 -0.152 -0.053 0.2510 -0.0140
1.4090 100 6.00 6.00 6.00 653 777 186.80 215.48 5.04 -0.152 -0.152 0.008 0.2555 -0.0185
1.4100 100 6.00 6.00 6.00 654 779 186.63 215.61 5.03 -0.396 -0.426 0.069 0.1970 -0.0365
1.4110 100 6.00 6.00 6.00 656 780 186.43 215.94 5.06 -0.304 -0.243 -0.022 0.3725 -0.1355
1.4120 100 6.00 6.00 6.00 657 782 187.28 213.96 5.02 -0.060 0.001 -0.022 0.3185 -0.0860
1.4130 100 6.00 6.00 6.00 659 784 187.48 213.97 5.01 0.153 0.245 -0.022 0.3365 -0.0410
1.4140 100 6.00 6.00 6.00 660 786 187.86 218.15 4.99 0.031 0.154 0.069 0.2375 -0.0410
1.4150 100 6.00 6.00 6.00 661 787 189.17 214.49 5.04 -0.182 -0.030 -0.022 0.3320 -0.1130
1.4160 100 6.00 6.00 6.00 663 789 188.82 215.06 5.05 0.062 -0.091 -0.053 0.3185 -0.0950
1.4170 100 6.00 6.00 6.00 664 790 188.49 215.50 5.01 0.306 0.215 0.313 0.3185 -0.0545
1.4180 100 6.00 6.00 6.00 666 792 189.94 213.37 5.01 -0.152 -0.060 0.100 0.3095 -0.0590
1.4190 100 6.00 6.00 6.00 667 794 188.47 216.99 5.01 -0.152 0.031 0.161 0.2195 -0.0365
1.4200 100 6.00 6.00 6.00 669 795 189.31 214.28 5.04 -0.030 -0.060 0.069 0.2060 -0.0275
1.4210 100 6.00 6.00 6.00 670 797 190.23 214.44 5.06 -0.091 -0.182 0.008 0.3725 -0.1130
1.4220 100 6.00 6.00 6.00 672 799 187.08 214.20 5.01 0.092 -0.091 -0.145 0.3455 -0.0635
1.4230 100 6.00 6.00 6.00 673 800 188.07 213.76 4.98 -0.182 0.092 0.008 0.2015 -0.0365
1.4240 100 6.00 6.00 6.00 674 802 188.64 216.52 5.05 0.001 0.123 0.191 0.2285 -0.0410
1.4250 100 6.00 6.00 6.00 676 804 189.06 214.15 5.05 0.245 0.031 -0.083 0.2510 -0.0410
1.4260 100 6.00 6.00 6.00 677 805 189.38 215.56 5.06 0.245 -0.060 -0.083 0.2825 -0.0500
1.4270 100 6.00 6.00 6.00 679 807 189.03 217.32 5.02 0.031 0.123 -0.053 0.1835 -0.0185
1.4280 100 6.00 6.00 6.00 680 808 188.60 219.08 5.05 0.001 0.489 0.191 0.1655 -0.0050
1.4290 100 6.00 6.00 6.00 682 810 188.20 212.78 5.07 -0.243 0.154 0.313 0.1610 0.0130
1.4300 100 6.00 6.00 6.00 683 812 189.66 218.49 5.09 0.031 -0.213 0.252 0.2060 -0.0230
1.4310 100 6.00 6.00 6.00 685 813 188.21 214.30 5.05 0.153 -0.365 0.039 0.3365 -0.0590
1.4320 100 6.00 6.00 6.00 686 815 187.13 215.17 4.99 0.031 -0.426 0.008 0.2600 -0.0680
1.4330 100 6.00 6.00 6.00 687 817 188.39 215.54 5.03 0.031 -0.335 -0.145 0.2015 -0.0275
1.4340 100 6.00 6.00 6.00 689 818 187.75 214.63 5.05 -0.243 -0.213 -0.083 0.1970 -0.0050
1.4350 100 6.00 6.00 6.00 690 820 186.92 215.08 5.06 -0.060 -0.182 -0.022 0.3095 -0.0500
1.4360 100 6.00 6.00 6.00 692 822 188.89 215.24 5.02 0.092 -0.060 0.161 0.3365 -0.1040
1.4370 100 6.00 6.00 6.00 693 823 186.99 215.66 5.00 0.031 -0.182 0.100 0.2735 -0.0815
1.4380 100 6.00 6.00 6.00 695 825 187.91 214.72 5.04 -0.091 0.062 0.039 0.2195 -0.0365
1.4390 100 6.00 6.00 6.00 696 827 188.81 213.59 5.05 -0.152 0.215 0.100 0.2105 -0.0185
1.4400 100 6.00 6.00 6.00 697 828 187.59 213.87 5.05 -0.121 0.123 0.039 0.2960 -0.0320
1.4410 100 6.00 6.00 6.00 699 830 187.17 217.91 5.00 0.001 -0.121 -0.114 0.2825 -0.0770
1.4420 100 6.00 6.00 6.00 700 832 186.96 214.66 5.04 0.062 -0.152 -0.053 0.3545 -0.1400
1.4430 100 6.00 6.00 6.00 702 833 188.00 216.72 5.01 0.001 0.184 -0.053 0.2645 -0.0635
1.4440 100 6.00 6.00 6.00 703 835 188.05 215.76 5.03 0.001 0.184 -0.053 0.3140 -0.0500
1.4450 100 6.00 6.00 6.00 705 836 189.17 214.90 5.01 0.214 0.245 -0.267 0.2780 -0.0410
1.4460 100 6.00 6.00 6.00 706 838 190.04 218.74 5.02 0.336 0.398 -0.267 0.3905 -0.1490
1.4470 100 6.00 6.00 6.00 708 840 189.17 216.01 5.00 0.092 0.276 -0.053 0.2915 -0.0770
1.4480 100 6.00 6.00 6.00 709 842 190.69 216.49 5.03 0.153 0.092 0.069 0.2600 -0.0230
1.4490 100 6.00 6.00 6.00 710 843 190.47 215.54 5.04 0.275 -0.060 0.039 0.3275 -0.0770
1.4500 100 6.00 6.00 6.00 712 845 188.85 216.79 4.99 0.214 -0.182 -0.053 0.1925 -0.0275
1.4510 100 6.00 6.00 6.00 713 846 191.57 218.59 5.06 -0.060 -0.243 -0.114 0.2555 -0.0770
1.4520 100 6.00 6.00 6.00 715 848 189.93 216.10 5.07 -0.182 -0.457 -0.083 0.3635 -0.1265
1.4530 100 6.00 6.00 6.00 716 850 188.60 217.63 5.00 -0.366 -0.274 -0.053 0.2555 -0.0365
1.4540 100 6.00 6.00 6.00 718 851 189.80 220.65 5.03 -0.121 0.123 0.039 0.2285 -0.0365
1.4550 100 6.00 6.00 6.00 719 853 190.60 217.59 5.05 -0.213 0.276 0.069 0.1835 -0.0320
1.4560 100 6.00 6.00 6.00 721 855 190.74 217.30 5.06 0.031 -0.030 0.039 0.2870 -0.0680
1.4570 100 6.00 6.00 6.00 722 856 191.07 220.53 5.03 0.397 -0.182 0.161 0.3095 -0.0410
1.4580 100 6.00 6.00 6.00 724 858 190.22 215.76 5.02 0.214 -0.152 0.039 0.1970 -0.0185
1.4590 100 6.00 6.00 6.00 725 860 189.96 218.01 5.03 0.092 -0.121 -0.267 0.1655 0.0130
1.4600 100 6.00 6.00 6.00 726 861 189.78 216.53 5.07 0.062 -0.274 -0.389 0.1700 -0.0095
1.4610 100 6.00 6.00 6.00 728 863 191.32 216.46 5.07 -0.121 -0.396 -0.328 0.2465 -0.0365
1.4620 100 6.00 6.00 6.00 729 865 188.98 216.10 5.05 -0.030 -0.213 -0.206 0.3005 -0.0725
1.4630 100 6.00 6.00 6.00 731 866 189.62 215.37 5.01 -0.121 0.184 -0.083 0.2555 -0.0590
1.4640 100 6.00 6.00 6.00 732 868 190.40 215.59 5.04 -0.182 0.276 0.130 0.1610 -0.0005
1.4650 100 6.00 6.00 6.00 734 870 188.82 213.35 5.08 -0.304 0.123 0.130 0.2060 -0.0095
1.4660 100 6.00 6.00 6.00 735 871 190.97 213.55 5.06 -0.182 0.092 0.161 0.3815 -0.0950
1.4670 100 6.00 6.00 6.00 737 873 189.98 215.51 4.99 -0.121 -0.182 0.039 0.3455 -0.0950
1.4680 100 6.00 6.00 6.00 738 875 189.17 216.09 4.99 0.001 -0.091 -0.083 0.2330 -0.0590
1.4690 100 6.00 6.00 6.00 740 876 190.83 214.47 5.05 0.245 0.428 -0.236 0.1925 -0.0140
1.4700 100 6.00 6.00 6.00 741 878 189.51 216.43 5.07 0.672 0.276 -0.175 0.2240 -0.0095
1.4710 100 6.00 6.00 6.00 742 880 189.47 214.61 5.05 0.336 -0.304 0.100 0.2825 -0.0095
1.4720 100 6.00 6.00 6.00 744 881 189.11 218.36 5.02 0.031 -0.396 -0.053 0.3815 -0.1310
1.4730 100 6.00 6.00 6.00 745 883 189.95 217.10 5.00 0.062 -0.030 -0.175 0.2825 -0.0815
1.4740 100 6.00 6.00 6.00 747 884 190.10 215.67 5.03 0.245 0.428 -0.114 0.2375 -0.0500
1.4750 100 6.00 6.00 6.00 748 886 190.49 216.14 5.05 0.092 0.581 -0.022 0.2960 -0.0320
1.4760 100 6.00 6.00 6.00 750 888 191.59 215.04 5.03 -0.030 0.092 -0.083 0.3770 -0.1220
1.4770 100 6.00 6.00 6.00 751 890 189.71 217.90 5.00 0.306 -0.030 -0.175 0.3275 -0.0995
1.4780 100 6.00 6.00 6.00 753 891 190.06 215.52 5.01 0.275 -0.091 0.161 0.2420 -0.0545
1.4790 100 6.00 6.00 6.00 754 893 190.70 216.14 5.05 -0.213 -0.243 0.344 0.2960 -0.0410
1.4800 100 6.00 6.00 6.00 756 894 190.02 217.01 5.03 -0.091 -0.426 0.008 0.2285 -0.0365
1.4810 100 6.00 6.00 6.00 757 896 193.10 219.91 5.04 -0.152 -0.030 -0.114 0.2510 -0.0770
1.4820 100 6.00 6.00 6.00 758 898 193.10 213.87 5.05 0.123 0.062 -0.053 0.3545 -0.1220
1.4830 100 6.00 6.00 6.00 760 899 189.96 219.61 4.99 0.428 0.062 -0.053 0.2375 -0.0365
1.4840 100 6.00 6.00 6.00 761 901 191.11 217.58 5.03 0.458 -0.091 -0.236 0.3095 -0.0320
1.4850 100 6.00 6.00 6.00 763 903 191.69 216.33 5.01 0.306 -0.030 -0.022 0.1970 -0.0185
1.4860 100 6.00 6.00 6.00 764 904 191.84 217.45 5.05 -0.030 0.001 0.039 0.2870 -0.0815
1.4870 100 6.00 6.00 6.00 766 906 192.22 215.70 5.04 0.031 -0.152 -0.114 0.2465 -0.0410
1.4880 100 6.00 6.00 6.00 767 908 191.70 215.51 5.04 -0.213 -0.091 -0.114 0.2240 0.0085
1.4890 100 6.00 6.00 6.00 769 909 191.71 215.13 5.04 -0.182 0.062 0.008 0.1925 0.0085
1.4900 100 6.00 6.00 6.00 770 911 191.63 215.41 5.05 -0.121 0.062 0.069 0.1565 0.0085
1.4910 100 6.00 6.00 6.00 772 912 193.03 215.83 5.07 -0.091 -0.091 0.100 0.2060 -0.0320
1.4920 100 6.00 6.00 6.00 773 914 190.71 213.93 5.07 -0.121 -0.091 0.130 0.2735 -0.0545
1.4930 100 6.00 6.00 6.00 775 916 190.60 214.29 5.04 -0.182 -0.243 0.100 0.3320 -0.0455
1.4940 100 6.00 6.00 6.00 776 918 191.87 218.17 5.00 -0.091 -0.121 0.008 0.2015 -0.0005
1.4950 100 6.00 6.00 6.00 777 919 190.09 216.93 5.05 0.153 0.001 -0.022 0.1745 -0.0140
1.4960 100 6.00 6.00 6.00 779 921 190.94 216.22 5.07 0.031 0.092 -0.053 0.3230 -0.1040
1.4970 100 6.00 6.00 6.00 780 922 192.04 217.38 5.03 0.062 0.215 -0.083 0.3455 -0.0500
1.4980 100 6.00 6.00 6.00 782 924 190.00 215.38 5.00 0.489 0.245 0.161 0.3050 -0.0545
1.4990 100 6.00 6.00 6.00 783 926 191.69 218.17 5.00 0.367 0.123 0.161 0.1835 -0.0140
1.5000 100 6.00 6.00 6.00 785 927 191.04 214.92 5.06 -0.243 0.062 0.039 0.2060 -0.0095
1.5010 100 6.00 6.00 6.00 786 929 190.19 215.22 5.06 -0.427 -0.121 0.100 0.1790 -0.0095
1.5020 100 6.00 6.00 6.00 788 931 190.01 215.33 5.07 -0.060 -0.335 -0.022 0.4580 -0.1310
1.5030 100 6.00 6.00 6.00 789 932 190.74 214.79 4.97 -0.091 -0.060 0.039 0.3005 -0.0905
1.5040 100 6.00 6.00 6.00 791 934 190.96 217.94 5.02 -0.091 -0.121 -0.053 0.2420 -0.0500
1.5050 100 6.00 6.00 6.00 792 936 191.26 215.70 5.05 0.306 -0.335 0.039 0.2195 -0.0275
1.5060 100 6.00 6.00 6.00 794 937 192.67 217.34 5.06 0.794 -0.274 0.008 0.3680 -0.1085
1.5070 100 6.00 6.00 6.00 795 939 191.70 219.17 5.00 0.519 0.001 -0.328 0.3095 -0.0995
1.5080 100 6.00 6.00 6.00 796 941 192.04 217.86 5.01 0.336 0.276 -0.663 0.2420 -0.0590
1.5090 100 6.00 6.00 6.00 798 942 193.73 214.71 5.05 -0.152 0.703 -0.297 0.2600 -0.0545
1.5100 100 6.00 6.00 6.00 799 944 192.56 220.58 5.05 -0.396 0.794 0.222 0.2465 -0.0365
1.5110 100 6.00 6.00 6.00 801 946 193.32 216.33 5.04 -0.335 0.672 0.069 0.2960 -0.0320
1.5120 100 6.00 6.00 6.00 802 947 194.18 218.64 5.01 -0.182 0.215 0.008 0.3590 -0.1355
1.5130 100 6.00 6.00 6.00 804 949 190.93 217.87 5.01 -0.243 -0.396 0.069 0.2375 -0.0545
1.5140 100 6.00 6.00 6.00 805 951 192.03 217.15 5.04 -0.152 -0.762 0.039 0.2420 -0.0275
1.5150 100 6.00 6.00 6.00 807 952 192.64 217.34 5.05 -0.274 -0.762 -0.022 0.2420 -0.0275
1.5160 100 6.00 6.00 6.00 808 954 192.67 216.95 5.03 0.489 -0.426 -0.114 0.3185 -0.0860
1.5170 100 6.00 6.00 6.00 810 956 193.22 216.57 5.02 0.764 -0.609 0.008 0.2195 -0.0545
1.5180 100 6.00 6.00 6.00 811 957 192.49 213.71 5.05 0.489 -0.426 0.161 0.2015 -0.0140
1.5190 100 6.00 6.00 6.00 813 959 192.47 213.74 5.06 0.458 0.001 0.008 0.1700 0.0355
1.5200 100 6.00 6.00 6.00 814 960 192.28 213.93 5.06 0.153 0.276 -0.114 0.2690 -0.0140
1.5210 100 6.00 6.00 6.00 816 962 193.96 218.02 5.01 -0.213 0.092 0.008 0.1880 -0.0275
1.5220 100 6.00 6.00 6.00 817 964 191.61 214.90 5.07 -0.427 -0.182 -0.053 0.2510 -0.0635
1.5230 100 6.00 6.00 6.00 818 966 191.51 216.83 5.05 -0.640 -0.213 0.069 0.2465 -0.0365
1.5240 100 6.00 6.00 6.00 820 967 192.92 215.38 5.04 -0.701 0.123 0.039 0.2240 0.0040
1.5250 100 6.00 6.00 6.00 821 969 191.36 216.86 5.03 -0.518 -0.152 -0.145 0.2060 -0.0185
1.5260 100 6.00 6.00 6.00 823 970 192.42 218.88 5.04 0.031 -0.579 -0.236 0.3140 -0.0905
1.5270 100 6.00 6.00 6.00 824 972 193.38 216.22 5.03 0.428 -0.182 -0.022 0.2645 -0.0770
1.5280 100 6.00 6.00 6.00 826 974 191.44 217.06 5.04 0.458 0.184 0.069 0.3005 -0.0320
1.5290 100 6.00 6.00 6.00 827 975 193.10 216.25 5.02 0.428 0.550 -0.022 0.2150 -0.0185
1.5300 100 6.00 6.00 6.00 829 977 192.52 217.44 5.04 0.581 0.825 0.039 0.1970 -0.0185
1.5310 100 6.00 6.00 6.00 830 979 191.54 217.84 5.06 0.458 0.581 0.100 0.2105 -0.0140
1.5320 100 6.00 6.00 6.00 832 980 191.33 216.75 5.06 0.062 0.215 -0.175 0.3635 -0.1265
1.5330 100 6.00 6.00 6.00 833 982 191.74 218.61 5.01 -0.304 -0.030 -0.297 0.3275 -0.0860
1.5340 100 6.00 6.00 6.00 835 984 191.29 221.69 5.00 -0.121 -0.426 -0.236 0.2465 -0.0410
1.5350 100 6.00 6.00 6.00 836 985 190.91 215.59 5.05 -0.182 -0.518 -0.175 0.2285 -0.0545
1.5360 100 6.00 6.00 6.00 838 987 191.93 218.28 5.08 -0.335 -0.396 0.008 0.3590 -0.1085
1.5370 100 6.00 6.00 6.00 839 989 190.73 219.22 5.02 -0.427 -0.396 0.069 0.3950 -0.0905
1.5380 100 6.00 6.00 6.00 840 990 190.98 217.07 4.97 -0.396 -0.060 0.008 0.2645 -0.0545
1.5390 100 6.00 6.00 6.00 842 992 192.80 219.19 5.02 -0.060 0.184 -0.145 0.2555 -0.0590
1.5400 100 6.00 6.00 6.00 843 994 192.00 217.62 5.04 0.031 0.154 -0.114 0.2150 -0.0275
1.5410 100 6.00 6.00 6.00 845 996 193.68 217.75 5.06 0.397 -0.091 -0.236 0.2735 -0.0410
1.5420 100 6.00 6.00 6.00 846 997 195.08 217.90 5.03 0.611 -0.243 -0.114 0.4130 -0.1400
1.5430 100 6.00 6.00 6.00 848 999 191.87 218.13 4.98 0.550 -0.182 0.100 0.2240 -0.0500
1.5440 100 6.00 6.00 6.00 849 1000 193.06 218.30 5.05 0.519 -0.152 0.008 0.2240 -0.0455
1.5450 100 6.00 6.00 6.00 851 1002 193.62 216.30 5.06 0.306 0.001 0.100 0.1970 -0.0095
1.5460 100 6.00 6.00 6.00 852 1004 193.79 216.50 5.06 -0.091 0.184 0.100 0.3635 -0.0635
1.5470 100 6.00 6.00 6.00 854 1005 194.07 220.35 4.99 -0.366 0.306 -0.053 0.2375 -0.0545
1.5480 100 6.00 6.00 6.00 855 1007 193.19 219.01 5.03 -0.427 0.092 -0.236 0.1610 -0.0140
1.5490 100 6.00 6.00 6.00 857 1009 193.01 218.31 5.07 -0.640 -0.243 -0.175 0.1475 0.0175
1.5500 100 6.00 6.00 6.00 858 1010 192.78 219.32 5.08 -0.243 -0.274 0.008 0.2285 0.0130
1.5510 100 6.00 6.00 6.00 860 1012 194.15 217.51 5.05 0.062 -0.213 0.161 0.2510 -0.0140
1.5520 100 6.00 6.00 6.00 861 1014 191.46 221.31 5.03 0.184 -0.243 0.008 0.2555 -0.0500
1.5530 100 6.00 6.00 6.00 863 1016 191.87 218.75 5.04 0.123 -0.152 -0.175 0.2015 -0.0320
1.5540 100 6.00 6.00 6.00 864 1017 192.47 219.11 5.05 0.306 0.001 -0.206 0.1700 0.0130
1.5550 100 6.00 6.00 6.00 866 1019 190.68 218.51 5.06 0.336 0.123 0.008 0.2735 -0.0230
1.5560 100 6.00 6.00 6.00 867 1020 192.65 217.76 5.02 0.153 -0.121 0.008 0.3095 -0.0995
1.5570 100 6.00 6.00 6.00 868 1022 192.51 220.30 5.02 0.214 -0.304 -0.053 0.2735 -0.0680
1.5580 100 6.00 6.00 6.00 870 1024 190.48 217.57 5.04 0.153 -0.396 0.130 0.2555 -0.0455
1.5590 100 6.00 6.00 6.00 871 1026 192.15 219.00 5.05 -0.182 -0.182 0.069 0.2240 -0.0140
1.5600 100 6.00 6.00 6.00 873 1027 191.57 221.92 5.05 -0.335 -0.121 -0.206 0.2015 -0.0185
1.5610 100 6.00 6.00 6.00 874 1029 190.74 218.94 5.06 -0.335 -0.243 0.100 0.2105 -0.0140
1.5620 100 6.00 6.00 6.00 876 1031 190.47 218.69 5.06 0.031 -0.365 0.130 0.3590 -0.1130
1.5630 100 6.00 6.00 6.00 877 1032 191.33 221.72 5.02 -0.121 -0.121 0.252 0.3320 -0.0905
1.5640 100 6.00 6.00 6.00 879 1034 191.50 217.34 5.00 -0.060 -0.152 0.283 0.2960 -0.0635
1.5650 100 6.00 6.00 6.00 880 1036 191.84 219.37 5.01 0.336 -0.030 0.069 0.2105 -0.0320
1.5660 100 6.00 6.00 6.00 882 1037 193.19 217.99 5.05 0.245 0.001 -0.175 0.3545 -0.1130
1.5670 100 6.00 6.00 6.00 883 1039 192.10 217.87 5.02 0.245 0.123 -0.022 0.3275 -0.1085
1.5680 100 6.00 6.00 6.00 885 1040 193.26 218.08 5.02 0.367 -0.060 0.039 0.2825 -0.0500
1.5690 100 6.00 6.00 6.00 886 1042 194.19 217.80 5.02 0.275 -0.335 0.039 0.2825 -0.0860
1.5700 100 6.00 6.00 6.00 888 1044 192.65 217.83 5.04 0.153 -0.304 0.039 0.1880 -0.0275
1.5710 100 6.00 6.00 6.00 889 1045 195.27 215.68 5.07 0.062 -0.274 -0.236 0.2690 -0.0635
1.5720 100 6.00 6.00 6.00 890 1047 194.98 215.67 5.05 -0.243 -0.365 0.008 0.4130 -0.1040
1.5730 100 6.00 6.00 6.00 892 1049 191.85 217.77 4.98 -0.091 -0.335 0.130 0.2825 -0.0545
1.5740 100 6.00 6.00 6.00 894 1050 193.14 219.95 5.00 -0.030 0.154 0.130 0.2105 -0.0365
1.5750 100 6.00 6.00 6.00 895 1052 193.69 216.53 5.05 0.001 0.367 -0.083 0.1970 -0.0140
1.5760 100 6.00 6.00 6.00 896 1054 193.67 218.23 5.06 0.123 0.367 -0.053 0.3230 -0.0770
1.5770 100 6.00 6.00 6.00 898 1056 194.08 216.31 5.02 0.001 0.489 0.161 0.2915 -0.0275
1.5780 100 6.00 6.00 6.00 899 1057 193.47 219.86 5.00 0.153 0.123 0.191 0.1790 -0.0095
1.5790 100 6.00 6.00 6.00 901 1059 193.40 218.67 5.06 0.275 -0.274 0.100 0.1385 0.0265
1.5800 100 6.00 6.00 6.00 902 1060 193.13 217.31 5.08 0.184 0.092 0.130 0.1565 -0.0050
1.5810 100 6.00 6.00 6.00 904 1062 194.62 217.95 5.08 0.184 0.520 -0.083 0.2690 -0.0005
1.5820 2 0.00 0.00 0.00 905 1064 192.13 217.15 5.04 -0.030 0.245 -0.022 0.2510 -0.0725
1.5830 2 0.00 0.00 0.00 907 1066 192.55 219.62 5.03 0.001 0.031 0.008 -0.1990 -0.1985
1.5840 2 0.00 0.00 0.00 908 1067 192.33 215.51 5.18 0.062 -0.091 0.100 -0.2440 -0.2210
1.5850 2 0.00 0.00 0.00 910 1069 187.45 212.48 5.20 -0.121 -0.091 0.100 -0.2485 -0.2120
1.5860 2 0.00 0.00 0.00 911 1070 184.81 208.99 5.20 -0.274 -0.030 -0.053 -0.2260 -0.1490
1.5870 2 0.00 0.00 0.00 912 1072 181.49 206.82 5.20 -0.091 -0.243 -0.267 -0.1765 -0.3020
1.5880 2 0.00 0.00 0.00 914 1073 174.73 196.41 5.20 -0.030 -0.426 -0.236 -0.1855 -0.3110
1.5890 2 0.00 0.00 0.00 915 1075 171.80 193.36 5.20 -0.060 -0.182 0.039 -0.1945 -0.3335
1.5900 2 0.00 0.00 0.00 916 1076 169.12 189.93 5.20 -0.152 -0.121 0.008 -0.2170 -0.2300
1.5910 2 0.00 0.00 0.00 917 1077 164.46 181.15 5.20 0.153 -0.365 -0.114 -0.1900 -0.1715
1.5920 2 0.00 0.00 0.00 918 1079 161.30 177.13 5.20 0.916 -0.152 -0.145 -0.1585 -0.1670
1.5930 2 0.00 0.00 0.00 920 1080 156.88 173.88 5.20 -0.488 0.092 -0.114 -0.2080 -0.2075
1.5940 2 0.00 0.00 0.00 921 1081 153.08 169.56 5.20 -0.701 0.306 -0.114 -0.2305 -0.2075
1.5950 2 0.00 0.00 0.00 922 1082 150.16 166.64 5.21 -0.121 0.337 0.222 -0.2080 -0.1985
1.5960 2 0.00 0.00 0.00 923 1084 146.45 161.84 5.20 0.489 -0.121 0.130 -0.2260 -0.1535
1.5970 2 0.00 0.00 0.00 924 1085 143.00 155.80 5.20 0.062 0.031 -0.267 -0.1990 -0.1535
1.5980 2 0.00 0.00 0.00 925 1086 139.46 152.49 5.20 0.245 0.001 -0.328 -0.2080 -0.1805
1.5990 2 0.00 0.00 0.00 926 1087 135.80 149.05 5.20 0.153 -0.335 0.039 -0.1810 -0.1175
1.6000 2 0.00 0.00 0.00 927 1088 131.14 145.69 5.20 0.214 -0.213 0.008 -0.1360 -0.1310
1.6010 2 0.00 0.00 0.00 928 1089 128.31 139.61 5.19 -0.304 0.031 -0.114 -0.1540 -0.1760
1.6020 2 0.00 0.00 0.00 929 1090 125.88 136.15 5.20 -0.304 0.215 -0.145 -0.1810 -0.1265
1.6030 2 0.00 0.00 0.00 930 1091 122.92 132.37 5.19 -0.213 0.459 -0.114 -0.1945 -0.1040
1.6040 2 0.00 0.00 0.00 930 1092 118.85 129.32 5.20 -0.396 0.001 -0.083 -0.1810 -0.0860
1.6050 2 0.00 0.00 0.00 931 1093 118.53 127.44 5.19 -0.060 -0.640 -0.053 -0.1585 -0.0590
1.6060 2 0.00 0.00 0.00 932 1094 114.81 124.86 5.20 0.184 -0.640 0.100 -0.1315 -0.0815
1.6070 2 0.00 0.00 0.00 933 1095 112.45 119.85 5.20 0.123 -0.274 0.222 -0.1270 -0.0995
1.6080 2 0.00 0.00 0.00 934 1096 108.78 117.18 5.21 0.031 0.123 -0.022 -0.1495 -0.1220
1.6090 2 0.00 0.00 0.00 934 1096 104.97 117.18 5.19 0.184 0.367 -0.328 -0.1540 -0.1310
1.6100 2 0.00 0.00 0.00 935 1097 103.50 114.21 5.19 0.642 0.215 -0.114 -0.1450 -0.0860
1.6110 2 0.00 0.00 0.00 936 1098 100.58 111.07 5.20 0.855 -0.060 0.069 -0.1405 -0.0545
1.6120 2 0.00 0.00 0.00 937 1099 98.04 106.19 5.20 0.214 0.184 0.069 -0.1720 -0.0140
1.6130 2 0.00 0.00 0.00 937 1099 96.90 103.83 5.20 -0.182 0.489 -0.114 -0.1540 -0.0860
1.6140 2 0.00 0.00 0.00 938 1100 95.09 102.81 5.20 -0.182 0.672 -0.114 -0.1360 -0.0815
1.6150 2 0.00 0.00 0.00 939 1101 91.10 100.19 5.19 -0.091 0.489 0.130 -0.1270 -0.0455
1.6160 2 0.00 0.00 0.00 939 1102 91.10 96.70 5.20 -0.152 0.123 0.039 -0.1405 -0.0230
1.6170 2 0.00 0.00 0.00 940 1102 87.65 96.70 5.20 -0.488 -0.060 -0.083 -0.1450 -0.0680
1.6180 2 0.00 0.00 0.00 941 1103 84.11 90.96 5.20 -0.640 -0.060 0.069 -0.1135 -0.0500
1.6190 2 0.00 0.00 0.00 941 1103 84.11 88.00 5.20 -0.335 -0.274 0.100 -0.0820 -0.0275
1.6200 2 0.00 0.00 0.00 942 1104 81.18 87.11 5.20 0.367 -0.335 -0.145 -0.0955 -0.0050
1.6210 2 0.00 0.00 0.00 942 1105 81.18 82.84 5.20 0.733 -0.213 -0.328 -0.1135 0.0130
1.6220 2 0.00 0.00 0.00 943 1105 77.90 82.84 5.20 0.733 0.092 -0.358 -0.1000 -0.0005
1.6230 2 0.00 0.00 0.00 943 1106 77.90 79.65 5.20 0.642 0.123 0.008 -0.1225 0.0085
1.6240 2 0.00 0.00 0.00 944 1106 75.47 79.65 5.20 0.336 0.001 -0.114 -0.1090 0.0310
1.6250 2 0.00 0.00 0.00 944 1107 74.25 75.13 5.22 -0.121 -0.121 0.100 -0.1000 -0.0275
1.6260 2 0.00 0.00 0.00 945 1107 72.82 75.13 5.20 -0.335 -0.518 0.130 -0.1180 0.0175
1.6270 2 0.00 0.00 0.00 945 1108 70.30 71.84 5.20 -0.396 -0.457 -0.053 -0.1135 0.0220
1.6280 2 0.00 0.00 0.00 946 1108 70.06 71.84 5.20 -0.518 -0.182 -0.328 -0.1090 -0.0050
1.6290 2 0.00 0.00 0.00 946 1109 70.06 68.99 5.20 -0.610 0.092 -0.053 -0.1135 -0.0005
1.6300 2 0.00 0.00 0.00 947 1109 67.14 68.99 5.20 -0.366 0.154 0.191 -0.1135 -0.0140
1.6310 2 0.00 0.00 0.00 947 1110 67.14 65.82 5.20 -0.182 0.001 0.100 -0.1135 -0.0005
1.6320 2 0.00 0.00 0.00 948 1110 63.90 65.82 5.20 0.214 0.001 -0.083 -0.1000 0.0355
1.6330 2 0.00 0.00 0.00 948 1110 63.90 62.24 5.20 0.519 -0.274 -0.297 -0.0955 0.0490
1.6340 2 0.00 0.00 0.00 949 1111 60.07 60.84 5.20 0.642 -0.152 -0.267 -0.1135 0.0400
1.6350 2 0.00 0.00 0.00 949 1111 60.07 60.52 5.20 0.397 0.184 -0.206 -0.1000 0.0445
1.6360 2 0.00 0.00 0.00 949 1112 58.35 57.75 5.20 0.245 0.306 -0.114 -0.1000 0.0265
1.6370 2 0.00 0.00 0.00 950 1112 57.20 57.75 5.20 0.153 0.001 -0.145 -0.1135 0.0310
1.6380 2 0.00 0.00 0.00 950 1112 57.20 55.07 5.19 -0.213 -0.060 -0.114 -0.1135 0.0355
1.6390 2 0.00 0.00 0.00 950 1113 54.19 54.69 5.20 -0.366 -0.213 -0.022 -0.1135 0.0445
1.6400 2 0.00 0.00 0.00 951 1113 53.96 54.52 5.19 -0.366 -0.243 -0.175 -0.1000 0.0535
1.6410 2 0.00 0.00 0.00 951 1114 53.96 52.01 5.20 -0.396 -0.182 -0.175 -0.1045 0.0445
1.6420 2 0.00 0.00 0.00 952 1114 50.59 52.01 5.20 -0.427 -0.274 -0.053 -0.0910 0.0670
1.6430 2 0.00 0.00 0.00 952 1114 50.59 52.01 5.20 -0.121 -0.182 -0.053 -0.1000 0.0625
1.6440 2 0.00 0.00 0.00 952 1115 50.59 48.87 5.20 0.153 -0.121 0.161 -0.1045 0.0580
1.6450 2 0.00 0.00 0.00 952 1115 46.99 48.87 5.20 0.123 -0.213 0.252 -0.1135 0.0490
1.6460 2 0.00 0.00 0.00 953 1115 45.82 48.87 5.20 0.123 -0.091 0.069 -0.1045 0.0355
1.6470 2 0.00 0.00 0.00 953 1116 45.82 46.10 5.20 0.245 0.092 0.008 -0.1000 0.0175
1.6480 2 0.00 0.00 0.00 953 1116 44.30 46.10 5.20 0.336 0.154 0.069 -0.0820 0.0355
1.6490 2 0.00 0.00 0.00 954 1116 41.36 46.10 5.20 0.367 0.123 0.039 -0.0955 0.0445
1.6500 2 0.00 0.00 0.00 954 1116 41.36 43.88 5.20 0.367 0.092 -0.358 -0.0910 0.0310
1.6510 2 0.00 0.00 0.00 954 1117 41.36 41.16 5.20 0.092 0.001 -0.175 -0.0910 0.0355
1.6520 2 0.00 0.00 0.00 954 1117 40.40 41.16 5.20 -0.030 -0.213 -0.145 -0.0910 0.0445
1.6530 2 0.00 0.00 0.00 954 1117 37.51 41.16 5.20 -0.274 -0.121 -0.114 -0.0820 0.0490
1.6540 2 0.00 0.00 0.00 955 1117 36.41 38.68 5.20 -0.518 -0.304 -0.083 -0.0820 0.0445
1.6550 2 0.00 0.00 0.00 955 1118 36.41 37.89 5.20 -0.213 -0.304 -0.022 -0.0910 0.0580
1.6560 2 0.00 0.00 0.00 955 1118 36.41 37.89 5.20 0.153 -0.182 -0.175 -0.0775 0.0670
1.6570 2 0.00 0.00 0.00 955 1118 34.43 37.89 5.20 0.214 0.184 -0.236 -0.0775 0.0625
1.6580 2 0.00 0.00 0.00 955 1118 32.30 37.15 5.20 0.214 0.245 -0.083 -0.0730 0.0625
1.6590 2 0.00 0.00 0.00 956 1118 31.99 34.69 5.20 0.489 0.154 -0.175 -0.0820 0.0400
1.6600 2 0.00 0.00 0.00 956 1119 31.99 34.60 5.20 0.550 -0.060 -0.053 -0.0730 0.0580
1.6610 2 0.00 0.00 0.00 956 1119 31.99 34.60 5.20 0.519 -0.060 -0.022 -0.0910 0.0715
1.6620 2 0.00 0.00 0.00 956 1119 31.32 34.39 5.21 0.367 -0.060 -0.145 -0.0955 0.0580
1.6630 2 0.00 0.00 0.00 956 1119 29.55 32.27 5.20 -0.091 -0.152 -0.022 -0.0820 0.0760
1.6640 2 0.00 0.00 0.00 956 1120 27.98 30.91 5.20 -0.396 -0.030 -0.083 -0.0865 0.0625
1.6650 2 0.00 0.00 0.00 957 1120 27.22 30.91 5.20 -0.427 0.031 -0.022 -0.0865 0.0670
1.6660 2 0.00 0.00 0.00 957 1120 27.22 30.91 5.20 -0.396 0.031 -0.022 -0.0865 0.0670
1.6670 2 0.00 0.00 0.00 957 1120 27.22 30.91 5.20 -0.121 0.001 -0.022 -0.0775 0.0670
1.6680 2 0.00 0.00 0.00 957 1120 27.22 30.42 5.20 -0.030 -0.091 -0.022 -0.0730 0.0715
1.6690 2 0.00 0.00 0.00 957 1120 25.97 28.75 5.20 0.031 -0.091 0.039 -0.0820 0.0715
1.6700 2 0.00 0.00 0.00 957 1120 24.75 27.25 5.20 0.245 -0.152 0.100 -0.0685 0.0670
1.6710 2 0.00 0.00 0.00 957 1120 23.63 25.90 5.19 0.123 -0.060 0.008 -0.0730 0.0715
1.6720 2 0.00 0.00 0.00 957 1121 22.61 25.64 5.20 0.184 -0.030 -0.175 -0.0865 0.0985
1.6730 2 0.00 0.00 0.00 957 1121 21.67 25.64 5.20 0.184 0.001 -0.206 -0.0775 0.0805
1.6740 2 0.00 0.00 0.00 958 1121 21.38 25.64 5.20 -0.030 0.062 -0.145 -0.0775 0.0850
1.6750 2 0.00 0.00 0.00 958 1121 21.38 25.27 5.20 0.031 -0.121 -0.206 -0.0685 0.0940
1.6760 2 0.00 0.00 0.00 958 1121 21.38 24.11 5.20 0.062 -0.152 -0.236 -0.0595 0.0940
1.6770 2 0.00 0.00 0.00 958 1121 21.38 23.05 5.18 0.214 0.092 -0.053 -0.0685 0.0850
1.6780 2 0.00 0.00 0.00 958 1121 21.30 22.07 5.20 -0.030 0.154 -0.083 -0.0685 0.0805
1.6790 2 0.00 0.00 0.00 958 1121 20.47 21.18 5.20 -0.396 0.001 -0.145 -0.0550 0.0670
1.6800 2 0.00 0.00 0.00 958 1121 19.70 20.36 5.19 0.123 0.245 -0.114 -0.0595 0.0850
1.6810 2 0.00 0.00 0.00 958 1121 18.99 19.60 5.19 0.367 0.184 -0.022 -0.0640 0.0850
1.6820 2 0.00 0.00 0.00 958 1121 18.32 18.89 5.19 0.306 0.154 -0.114 -0.0550 0.0895
1.6830 2 0.00 0.00 0.00 958 1121 17.70 18.23 5.19 0.031 -0.030 -0.236 -0.0550 0.0850
1.6840 2 0.00 0.00 0.00 958 1121 17.12 17.62 5.19 0.062 -0.121 -0.053 -0.0640 0.0850
1.6850 2 0.00 0.00 0.00 958 1121 16.58 17.04 5.19 0.123 0.154 0.191 -0.0595 0.0940
1.6860 2 0.00 0.00 0.00 958 1121 16.07 16.51 5.19 0.092 0.367 -0.022 -0.0550 0.0895
1.6870 2 0.00 0.00 0.00 958 1121 15.59 16.00 5.19 -0.182 0.215 -0.083 -0.0595 0.0850
1.6880 2 0.00 0.00 0.00 958 1121 15.14 15.53 5.19 0.031 0.123 -0.175 -0.0640 0.0985
1.6890 2 0.00 0.00 0.00 958 1121 14.72 15.08 5.19 0.153 0.001 -0.145 -0.0685 0.0895
1.6900 2 0.00 0.00 0.00 958 1121 14.31 14.66 5.20 -0.030 -0.365 -0.083 -0.0685 0.1120
1.6910 2 0.00 0.00 0.00 958 1121 13.93 14.26 5.20 -0.030 -0.335 -0.083 -0.0640 0.1030
1.6920 2 0.00 0.00 0.00 958 1121 13.57 13.88 5.20 -0.030 -0.243 -0.175 -0.0640 0.0985
1.6930 2 0.00 0.00 0.00 958 1120 13.23 -15.47 5.20 -0.152 0.031 -0.083 -0.0640 0.1030
1.6940 2 0.00 0.00 0.00 958 1120 12.90 -13.18 5.19 -0.060 0.276 0.069 -0.0685 0.1165
1.6950 2 0.00 0.00 0.00 958 1120 12.59 -12.86 5.20 0.184 0.062 0.008 -0.0640 0.1120
1.6960 2 0.00 0.00 0.00 958 1120 12.30 -12.55 5.19 0.092 0.001 0.008 -0.0685 0.1210
1.6970 2 0.00 0.00 0.00 958 1120 12.02 -12.26 5.20 0.031 0.092 0.008 -0.0595 0.1210
1.6980 2 0.00 0.00 0.00 958 1120 11.75 -11.98 5.20 -0.121 0.245 0.039 -0.0685 0.1075
1.6990 2 0.00 0.00 0.00 958 1120 11.49 -11.71 5.19 0.123 0.062 -0.022 -0.0640 0.1030
1.7000 2 0.00 0.00 0.00 958 1120 11.24 -11.45 5.20 0.245 0.031 -0.022 -0.0640 0.1120
1.7010 2 0.00 0.00 0.00 958 1120 11.01 -11.21 5.19 -0.091 0.306 -0.053 -0.0640 0.1030
1.7020 2 0.00 0.00 0.00 958 1120 10.78 -10.97 5.20 -0.182 0.276 -0.022 -0.0730 0.1030
1.7030 2 0.00 0.00 0.00 958 1120 10.56 -10.75 5.20 0.123 0.092 -0.053 -0.0595 0.1030
1.7040 2 0.00 0.00 0.00 958 1120 10.35 -10.53 5.20 0.214 0.154 -0.145 -0.0640 0.1030
1.7050 2 0.00 0.00 0.00 958 1120 10.15 -10.32 5.20 -0.060 0.062 -0.175 -0.0595 0.0940
1.7060 2 0.00 0.00 0.00 958 1120 9.96 -10.12 5.20 0.062 -0.091 -0.145 -0.0595 0.0985
1.7070 2 0.00 0.00 0.00 958 1120 9.77 -9.93 5.19 0.245 0.001 -0.145 -0.0640 0.0895
1.7080 2 0.00 0.00 0.00 958 1120 9.59 -9.75 5.19 0.184 0.123 -0.022 -0.0595 0.0940
1.7090 2 0.00 0.00 0.00 958 1120 9.42 -9.57 5.20 0.031 0.031 0.161 -0.0640 0.0940
1.7100 2 0.00 0.00 0.00 958 1120 9.25 -9.40 5.19 0.092 -0.121 0.191 -0.0595 0.0895
1.7110 2 0.00 0.00 0.00 958 1120 9.09 -9.23 5.19 -0.030 0.001 0.161 -0.0685 0.0940
1.7120 2 0.00 0.00 0.00 958 1120 8.94 -9.07 5.19 -0.091 0.367 0.008 -0.0640 0.0895
1.7130 2 0.00 0.00 0.00 958 1120 8.79 -8.92 5.20 0.001 0.306 -0.114 -0.0640 0.0805
1.7140 2 0.00 0.00 0.00 958 1120 8.64 -8.77 5.20 0.001 0.154 0.008 -0.0595 0.0895
1.7150 2 0.00 0.00 0.00 958 1120 8.50 -8.62 5.20 0.123 0.276 0.100 -0.0640 0.0940
1.7160 2 0.00 0.00 0.00 958 1120 8.37 -8.48 5.19 0.123 0.398 0.130 -0.0640 0.0985
1.7170 2 0.00 0.00 0.00 958 1120 8.24 -8.35 5.20 -0.030 0.550 -0.053 -0.0685 0.0805
1.7180 2 0.00 0.00 0.00 958 1120 8.11 -8.22 5.20 0.031 0.428 -0.145 -0.0640 0.0805
1.7190 2 0.00 0.00 0.00 958 1120 7.98 -8.09 5.20 0.184 0.154 -0.114 -0.0685 0.0985
1.7200 2 0.00 0.00 0.00 958 1120 7.86 -7.97 5.19 0.001 0.001 0.069 -0.0640 0.1030
1.7210 2 0.00 0.00 0.00 958 1120 7.75 -7.85 5.21 -0.121 0.031 0.222 -0.0595 0.0940
1.7220 2 0.00 0.00 0.00 958 1120 7.64 -7.73 5.20 0.031 0.092 0.100 -0.0640 0.0895
1.7230 2 0.00 0.00 0.00 958 1120 7.53 -7.62 5.20 0.153 0.154 -0.145 -0.0550 0.0850
1.7240 2 0.00 0.00 0.00 958 1120 7.42 -7.51 5.20 0.123 0.123 -0.206 -0.0640 0.0940
1.7250 2 0.00 0.00 0.00 958 1120 7.32 -7.40 5.20 0.214 0.123 -0.083 -0.0640 0.0985
1.7260 2 0.00 0.00 0.00 958 1120 7.21 -7.30 5.19 0.275 0.123 0.191 -0.0685 0.0940
1.7270 2 0.00 0.00 0.00 958 1120 7.12 -7.20 5.19 0.275 -0.152 0.161 -0.0640 0.0850
1.7280 2 0.00 0.00 0.00 958 1120 7.02 -7.10 5.19 0.092 -0.213 -0.114 -0.0685 0.0895
1.7290 2 0.00 0.00 0.00 958 1120 6.93 -7.01 5.19 0.245 0.062 -0.083 -0.0640 0.1030
1.7300 2 0.00 0.00 0.00 958 1120 6.84 -6.91 5.21 0.245 0.062 -0.022 -0.0550 0.0985
1.7310 2 0.00 0.00 0.00 958 1120 6.75 -6.82 5.20 0.306 -0.060 0.222 -0.0640 0.0940
1.7320 2 0.00 0.00 0.00 958 1120 6.66 -6.74 5.19 0.306 0.031 0.344 -0.0775 0.0985
1.7330 2 0.00 0.00 0.00 958 1120 6.58 -6.65 5.20 0.214 0.092 0.161 -0.0595 0.0850
1.7340 2 0.00 0.00 0.00 958 1120 6.50 -6.57 5.20 0.092 -0.030 -0.022 -0.0595 0.0895
1.7350 2 0.00 0.00 0.00 958 1120 6.42 -6.49 5.20 -0.091 0.001 0.039 -0.0640 0.0895
1.7360 2 0.00 0.00 0.00 958 1120 6.34 -6.41 5.20 -0.060 0.092 0.039 -0.0685 0.0850
1.7370 2 0.00 0.00 0.00 958 1120 6.26 -6.33 5.20 0.001 0.276 0.161 -0.0640 0.0940
1.7380 2 0.00 0.00 0.00 958 1120 6.19 -6.25 5.20 0.123 0.123 -0.022 -0.0730 0.0805
1.7390 2 0.00 0.00 0.00 958 1120 6.12 -6.18 5.19 0.001 0.062 0.130 -0.0550 0.0850
1.7400 2 0.00 0.00 0.00 958 1120 6.05 -6.11 5.20 0.184 0.001 0.191 -0.0595 0.0985
1.7410 2 0.00 0.00 0.00 958 1120 5.98 -6.04 5.19 0.275 -0.182 0.100 -0.0730 0.0895
1.7420 2 0.00 0.00 0.00 958 1120 5.91 -5.97 5.20 0.123 -0.182 -0.083 -0.0595 0.0805
1.7430 2 0.00 0.00 0.00 958 1120 5.85 -5.90 5.19 0.123 -0.060 0.100 -0.0640 0.0850
1.7440 2 0.00 0.00 0.00 958 1120 5.78 -5.84 5.19 0.092 0.123 0.191 -0.0775 0.0895
1.7450 2 0.00 0.00 0.00 958 1120 5.72 -5.77 5.20 0.031 0.184 0.161 -0.0595 0.0940
1.7460 2 0.00 0.00 0.00 958 1120 5.66 -5.71 5.18 0.001 0.031 0.008 -0.0730 0.0895
1.7470 2 0.00 0.00 0.00 958 1120 5.60 -5.65 5.20 0.092 0.154 0.161 -0.0595 0.0940
1.7480 2 0.00 0.00 0.00 958 1120 5.54 -5.59 5.20 0.092 0.062 0.100 -0.0595 0.0940
1.7490 2 0.00 0.00 0.00 958 1120 5.48 -5.53 5.19 0.062 0.001 -0.145 -0.0640 0.0895
1.7500 2 0.00 0.00 0.00 958 1120 5.42 -5.47 5.19 0.184 0.092 0.008 -0.0730 0.0985
1.7510 2 0.00 0.00 0.00 958 1120 5.37 -5.41 5.19 0.062 0.123 0.039 -0.0685 0.0940
1.7520 2 0.00 0.00 0.00 958 1120 5.31 -5.36 5.20 0.062 -0.121 -0.022 -0.0775 0.0895
1.7530 2 0.00 0.00 0.00 958 1120 5.26 -5.30 5.20 -0.060 -0.182 -0.053 -0.0595 0.0940
1.7540 2 0.00 0.00 0.00 958 1120 5.21 -5.25 5.20 0.092 -0.152 -0.175 -0.0640 0.0985
1.7550 2 0.00 0.00 0.00 958 1120 5.15 -5.20 5.20 0.214 -0.030 -0.145 -0.0595 0.1075
1.7560 2 0.00 0.00 0.00 958 1120 5.10 -5.15 5.19 0.153 -0.030 -0.083 -0.0550 0.0940
1.7570 2 0.00 0.00 0.00 958 1120 5.06 -5.10 5.20 -0.091 0.154 -0.236 -0.0685 0.0985
1.7580 2 0.00 0.00 0.00 958 1120 5.01 -5.05 5.19 -0.152 -0.060 -0.145 -0.0595 0.0985
1.7590 2 0.00 0.00 0.00 958 1120 4.96 -5.00 5.20 -0.091 -0.243 -0.114 -0.0640 0.0895
1.7600 2 0.00 0.00 0.00 958 1120 4.91 -4.95 5.20 -0.091 -0.365 -0.114 -0.0640 0.0895
1.7610 2 0.00 0.00 0.00 958 1120 4.87 -4.91 5.20 0.031 -0.152 -0.083 -0.0685 0.0895
1.7620 2 0.00 0.00 0.00 958 1120 4.82 -4.86 5.20 0.062 0.092 0.008 -0.0640 0.0850
1.7630 2 0.00 0.00 0.00 958 1120 4.78 -4.82 5.20 0.153 0.184 -0.053 -0.0595 0.0850
1.7640 2 0.00 0.00 0.00 958 1120 4.74 -4.77 5.20 -0.030 -0.060 -0.236 -0.0685 0.1030
1.7650 2 0.00 0.00 0.00 958 1120 4.69 -4.73 5.19 0.092 -0.121 -0.114 -0.0640 0.0940
1.7660 2 0.00 0.00 0.00 958 1120 4.65 -4.69 5.20 0.153 0.001 0.100 -0.0685 0.0895
1.7670 2 0.00 0.00 0.00 958 1120 4.61 -4.65 5.19 0.123 0.092 -0.083 -0.0685 0.0805
1.7680 2 0.00 0.00 0.00 958 1120 4.57 -4.60 5.18 0.245 0.123 -0.236 -0.0730 0.0985
1.7690 2 0.00 0.00 0.00 958 1120 4.53 -4.56 5.20 0.184 0.001 -0.145 -0.0640 0.0895
1.7700 2 0.00 0.00 0.00 958 1120 4.49 -4.52 5.20 0.062 -0.152 0.039 -0.0640 0.0895
1.7710 2 0.00 0.00 0.00 958 1120 4.45 -4.49 5.19 -0.182 -0.030 -0.022 -0.0640 0.0895
1.7720 2 0.00 0.00 0.00 958 1120 4.42 -4.45 5.19 0.062 0.062 -0.206 -0.0640 0.0895
1.7730 2 0.00 0.00 0.00 958 1120 4.38 -4.41 5.20 0.153 0.092 -0.145 -0.0505 0.0895
1.7740 2 0.00 0.00 0.00 958 1120 4.34 -4.37 5.19 0.123 0.123 0.008 -0.0685 0.1075
1.7750 2 0.00 0.00 0.00 958 1120 4.31 -4.34 5.19 0.123 0.062 0.161 -0.0685 0.0985
1.7760 2 0.00 0.00 0.00 958 1120 4.27 -4.30 5.19 0.092 -0.121 0.100 -0.0685 0.0895
1.7770 2 0.00 0.00 0.00 958 1120 4.24 -4.27 5.19 0.184 -0.030 -0.114 -0.0640 0.0940
1.7780 2 0.00 0.00 0.00 958 1120 4.20 -4.23 5.19 0.153 0.092 -0.236 -0.0595 0.0985
1.7790 2 0.00 0.00 0.00 958 1120 4.17 -4.20 5.20 -0.182 0.184 -0.022 -0.0550 0.0940
1.7800 2 0.00 0.00 0.00 958 1120 4.14 -4.16 5.20 -0.060 0.154 0.130 -0.0685 0.0850
1.7810 2 0.00 0.00 0.00 958 1120 4.10 -4.13 5.20 0.001 0.062 -0.175 -0.0730 0.0940
1.7820 2 0.00 0.00 0.00 958 1120 4.07 -4.10 5.19 0.092 0.031 -0.022 -0.0640 0.0850
1.7830 2 0.00 0.00 0.00 958 1120 4.04 -4.07 5.20 0.153 0.001 -0.022 -0.0685 0.1030
1.7840 2 0.00 0.00 0.00 958 1120 4.01 -4.04 5.20 -0.060 0.276 -0.053 -0.0685 0.0985
1.7850 2 0.00 0.00 0.00 958 1120 3.98 -4.01 5.19 -0.091 0.092 -0.022 -0.0640 0.0940
1.7860 2 0.00 0.00 0.00 958 1120 3.95 -3.98 5.20 -0.091 -0.182 0.039 -0.0685 0.0940
1.7870 2 0.00 0.00 0.00 958 1120 3.92 -3.95 5.20 0.092 -0.060 -0.053 -0.0685 0.0940
1.7880 2 0.00 0.00 0.00 958 1120 3.89 -3.92 5.19 0.092 -0.243 -0.053 -0.0640 0.0985
1.7890 2 0.00 0.00 0.00 958 1120 3.86 -3.89 5.20 -0.030 -0.121 0.069 -0.0640 0.0940
1.7900 2 0.00 0.00 0.00 958 1120 3.83 -3.86 5.21 0.031 -0.030 -0.083 -0.0595 0.0940
1.7910 2 0.00 0.00 0.00 958 1120 3.81 -3.83 5.20 -0.060 0.062 -0.053 -0.0685 0.0895
1.7920 2 0.00 0.00 0.00 958 1120 3.78 -3.80 5.18 0.123 0.123 0.069 -0.0685 0.0985
1.7930 2 0.00 0.00 0.00 958 1120 3.75 -3.77 5.19 -0.060 0.184 0.008 -0.0685 0.0940
1.7940 2 0.00 0.00 0.00 958 1120 3.72 -3.75 5.20 -0.152 -0.213 -0.145 -0.0730 0.0760
1.7950 2 0.00 0.00 0.00 958 1120 3.70 -3.72 5.20 -0.091 -0.152 -0.236 -0.0685 0.0940
1.7960 2 0.00 0.00 0.00 958 1120 3.67 -3.69 5.20 0.123 0.092 -0.175 -0.0685 0.0940
1.7970 2 0.00 0.00 0.00 958 1120 3.65 -3.67 5.19 0.123 0.276 -0.053 -0.0595 0.1075
1.7980 2 0.00 0.00 0.00 958 1120 3.62 -3.64 5.20 0.184 0.215 0.008 -0.0640 0.0895
1.7990 2 0.00 0.00 0.00 958 1120 3.60 -3.62 5.19 0.153 -0.030 0.039 -0.0595 0.0940
1.8000 2 0.00 0.00 0.00 958 1120 3.57 -3.59 5.20 0.031 -0.060 -0.114 -0.0640 0.0985
1.8010 2 0.00 0.00 0.00 958 1120 3.55 -3.57 5.20 -0.030 0.092 0.069 -0.0640 0.0895
1.8020 2 0.00 0.00 0.00 958 1120 3.52 -3.54 5.18 0.031 -0.121 0.100 -0.0685 0.1030
1.8030 2 0.00 0.00 0.00 958 1120 3.50 -3.52 5.20 0.031 -0.091 -0.083 -0.0730 0.0895
1.8040 2 0.00 0.00 0.00 958 1120 3.48 -3.50 5.19 0.123 -0.030 -0.145 -0.0640 0.0940
1.8050 2 0.00 0.00 0.00 958 1120 3.45 -3.47 5.19 0.153 0.092 0.069 -0.0685 0.0985
1.8060 2 0.00 0.00 0.00 958 1120 3.43 -3.45 5.19 0.123 0.154 0.069 -0.0730 0.0805
1.8070 2 0.00 0.00 0.00 958 1120 3.41 -3.43 5.20 0.214 0.123 -0.022 -0.0685 0.0985
1.8080 2 0.00 0.00 0.00 958 1120 3.39 -3.41 5.19 0.123 -0.030 -0.206 -0.0685 0.0895
1.8090 2 0.00 0.00 0.00 958 1120 3.37 -3.38 5.20 0.092 -0.091 -0.145 -0.0595 0.0895
1.8100 2 0.00 0.00 0.00 958 1120 3.34 -3.36 5.19 0.306 -0.030 -0.053 -0.0730 0.0895
1.8110 2 0.00 0.00 0.00 958 1120 3.32 -3.34 5.19 0.153 -0.060 0.008 -0.0685 0.0985
1.8120 2 0.00 0.00 0.00 958 1120 3.30 -3.32 5.19 0.031 0.031 0.252 -0.0595 0.0895
1.8130 2 0.00 0.00 0.00 958 1120 3.28 -3.30 5.19 -0.060 0.215 0.222 -0.0685 0.0895
1.8140 2 0.00 0.00 0.00 958 1120 3.26 -3.28 5.20 -0.060 0.184 -0.145 -0.0685 0.0760
1.8150 2 0.00 0.00 0.00 958 1120 3.24 -3.26 5.19 0.214 0.092 0.008 -0.0640 0.0805
1.8160 2 0.00 0.00 0.00 958 1120 3.22 -3.24 5.19 0.214 0.123 0.313 -0.0595 0.0940
1.8170 2 0.00 0.00 0.00 958 1120 3.20 -3.22 5.19 0.092 0.062 0.252 -0.0640 0.0895
1.8180 2 0.00 0.00 0.00 958 1120 3.18 -3.20 5.19 -0.091 0.184 -0.083 -0.0640 0.0985
1.8190 2 0.00 0.00 0.00 958 1120 3.16 -3.18 5.21 0.062 0.092 -0.053 -0.0595 0.0940
1.8200 2 0.00 0.00 0.00 958 1120 3.14 -3.16 5.19 0.001 0.092 -0.053 -0.0685 0.0805
1.8210 2 0.00 0.00 0.00 958 1120 3.12 -3.14 5.19 -0.091 0.031 -0.083 -0.0595 0.0940
1.8220 2 0.00 0.00 0.00 958 1120 3.11 -3.12 5.20 0.001 0.001 0.008 -0.0685 0.0940
1.8230 2 0.00 0.00 0.00 958 1120 3.09 -3.10 5.20 0.153 0.184 0.222 -0.0640 0.0940
1.8240 2 0.00 0.00 0.00 958 1120 3.07 -3.09 5.20 0.214 0.062 0.161 -0.0730 0.0940
1.8250 2 0.00 0.00 0.00 958 1120 3.05 -3.07 5.20 0.062 -0.030 0.039 -0.0685 0.0895
1.8260 2 0.00 0.00 0.00 958 1120 3.03 -3.05 5.20 0.092 -0.304 -0.053 -0.0595 0.0850
1.8270 2 0.00 0.00 0.00 958 1120 3.02 -3.03 5.20 0.062 -0.426 0.008 -0.0640 0.0850
1.8280 2 0.00 0.00 0.00 958 1120 3.00 -3.01 5.20 -0.060 -0.030 -0.114 -0.0640 0.0985
1.8290 2 0.00 0.00 0.00 958 1120 2.98 -3.00 5.19 0.062 -0.030 -0.083 -0.0640 0.1030
1.8300 2 0.00 0.00 0.00 958 1120 2.97 -2.98 5.20 0.245 0.062 -0.022 -0.0640 0.1075
1.8310 2 0.00 0.00 0.00 958 1120 2.95 -2.96 5.20 0.214 0.276 0.100 -0.0685 0.0895
1.8320 2 0.00 0.00 0.00 958 1120 2.93 -2.95 5.20 0.153 0.215 0.130 -0.0595 0.0895
1.8330 2 0.00 0.00 0.00 958 1120 2.92 -2.93 5.20 -0.152 0.123 -0.083 -0.0595 0.0850
1.8340 2 0.00 0.00 0.00 958 1120 2.90 -2.91 5.19 -0.243 0.031 0.008 -0.0550 0.0850
1.8350 2 0.00 0.00 0.00 958 1120 2.88 -2.90 5.20 -0.243 -0.030 0.069 -0.0595 0.0940
1.8360 2 0.00 0.00 0.00 958 1120 2.87 -2.88 5.19 -0.243 0.062 0.130 -0.0730 0.0985
1.8370 2 0.00 0.00 0.00 958 1120 2.85 -2.87 5.20 -0.213 0.001 0.039 -0.0595 0.0940
1.8380 2 0.00 0.00 0.00 958 1120 2.84 -2.85 5.20 0.123 0.031 -0.175 -0.0640 0.0940
1.8390 2 0.00 0.00 0.00 958 1120 2.82 -2.83 5.19 0.092 -0.091 -0.114 -0.0685 0.0985
1.8400 2 0.00 0.00 0.00 958 1120 2.81 -2.82 5.19 0.275 -0.060 -0.022 -0.0595 0.0850
1.8410 2 0.00 0.00 0.00 958 1120 2.79 -2.80 5.19 0.214 -0.091 -0.053 -0.0685 0.0850
1.8420 2 0.00 0.00 0.00 958 1120 2.78 -2.79 5.20 0.184 0.154 -0.114 -0.0640 0.0940
1.8430 2 0.00 0.00 0.00 958 1120 2.76 -2.77 5.20 0.245 0.428 0.008 -0.0595 0.0895
1.8440 2 0.00 0.00 0.00 958 1120 2.75 -2.76 5.20 0.031 0.245 0.039 -0.0595 0.0985
1.8450 2 0.00 0.00 0.00 958 1120 2.73 -2.75 5.19 0.184 -0.060 0.069 -0.0775 0.0805
1.8460 2 0.00 0.00 0.00 958 1120 2.72 -2.73 5.20 0.275 -0.121 -0.022 -0.0640 0.0985
1.8470 2 0.00 0.00 0.00 958 1120 2.70 -2.72 5.20 -0.060 -0.060 -0.175 -0.0640 0.0805
1.8480 2 0.00 0.00 0.00 958 1120 2.69 -2.70 5.19 0.001 -0.060 -0.145 -0.0730 0.0940
1.8490 2 0.00 0.00 0.00 958 1120 2.68 -2.69 5.20 0.184 -0.091 -0.083 -0.0685 0.0985
1.8500 2 0.00 0.00 0.00 958 1120 2.66 -2.68 5.20 0.275 -0.182 0.130 -0.0640 0.0895
1.8510 2 0.00 0.00 0.00 958 1120 2.65 -2.66 5.19 0.397 0.031 0.130 -0.0685 0.1030
1.8520 2 0.00 0.00 0.00 958 1120 2.64 -2.65 5.20 0.306 0.123 0.161 -0.0640 0.0850
1.8530 2 0.00 0.00 0.00 958 1120 2.62 -2.63 5.19 0.001 0.123 0.008 -0.0595 0.0715
1.8540 2 0.00 0.00 0.00 958 1120 2.61 -2.62 5.20 0.153 0.031 -0.175 -0.0595 0.0895
1.8550 2 0.00 0.00 0.00 958 1120 2.60 -2.61 5.21 0.336 0.031 -0.114 -0.0640 0.1030
1.8560 2 0.00 0.00 0.00 958 1120 2.58 -2.60 5.19 0.214 0.031 0.008 -0.0595 0.0895
1.8570 2 0.00 0.00 0.00 958 1120 2.57 -2.58 5.20 0.062 0.092 -0.053 -0.0730 0.1030
1.8580 2 0.00 0.00 0.00 958 1120 2.56 -2.57 5.20 -0.030 0.123 -0.297 -0.0640 0.0940
1.8590 2 0.00 0.00 0.00 958 1120 2.55 -2.56 5.21 0.062 0.092 -0.145 -0.0640 0.0985
1.8600 2 0.00 0.00 0.00 958 1120 2.53 -2.55 5.20 0.245 -0.060 -0.114 -0.0595 0.0985
1.8610 2 0.00 0.00 0.00 958 1120 2.52 -2.53 5.19 0.153 -0.030 -0.175 -0.0640 0.0850
1.8620 2 0.00 0.00 0.00 958 1120 2.51 -2.52 5.19 0.306 0.184 -0.053 -0.0595 0.0850
1.8630 2 0.00 0.00 0.00 958 1120 2.50 -2.51 5.19 0.245 0.031 -0.206 -0.0595 0.0895
1.8640 2 0.00 0.00 0.00 958 1120 2.49 -2.50 5.19 0.062 -0.152 -0.328 -0.0685 0.0940
1.8650 2 0.00 0.00 0.00 958 1120 2.47 -2.48 5.20 -0.213 -0.243 -0.236 -0.0550 0.0895
1.8660 2 0.00 0.00 0.00 958 1120 2.46 -2.47 5.19 -0.182 -0.243 0.191 -0.0595 0.0940
1.8670 2 0.00 0.00 0.00 958 1120 2.45 -2.46 5.20 -0.030 0.062 0.222 -0.0640 0.0985
1.8680 2 0.00 0.00 0.00 958 1120 2.44 -2.45 5.22 0.092 -0.060 0.008 -0.0640 0.0940
1.8690 2 0.00 0.00 0.00 958 1120 2.43 -2.44 5.19 0.092 -0.152 -0.083 -0.0685 0.0895
1.8700 2 0.00 0.00 0.00 958 1120 2.42 -2.43 5.20 -0.121 0.001 -0.053 -0.0640 0.0985
1.8710 2 0.00 0.00 0.00 958 1120 2.41 -2.42 5.20 -0.091 -0.060 0.039 -0.0640 0.0940
1.8720 2 0.00 0.00 0.00 958 1120 2.40 -2.40 5.20 0.092 0.184 0.161 -0.0730 0.0985
1.8730 2 0.00 0.00 0.00 958 1120 2.38 -2.39 5.20 0.062 0.123 0.161 -0.0550 0.0850
1.8740 2 0.00 0.00 0.00 958 1120 2.37 -2.38 5.19 0.092 0.001 -0.175 -0.0730 0.0985
1.8750 2 0.00 0.00 0.00 958 1120 2.36 -2.37 5.20 0.275 -0.030 -0.206 -0.0685 0.0895
1.8760 2 0.00 0.00 0.00 958 1120 2.35 -2.36 5.20 0.245 -0.091 -0.022 -0.0595 0.0940
1.8770 2 0.00 0.00 0.00 958 1120 2.34 -2.35 5.19 0.031 -0.213 0.069 -0.0730 0.0760
1.8780 2 0.00 0.00 0.00 958 1120 2.33 -2.34 5.19 0.153 -0.060 0.161 -0.0730 0.0940
1.8790 2 0.00 0.00 0.00 958 1120 2.32 -2.33 5.20 0.214 0.184 0.252 -0.0685 0.0850
1.8800 2 0.00 0.00 0.00 958 1120 2.31 -2.32 5.19 0.123 0.245 0.039 -0.0640 0.0850
1.8810 2 0.00 0.00 0.00 958 1120 2.30 -2.31 5.20 0.214 -0.030 -0.083 -0.0640 0.0895
% sent 1882 log lines
% log
% Basebot log for Dicte
% Sample time 1000 us, Gear 9.60, Wheels 0.03 m, PPR 48
% maximum log samples 3571 each sized 112 bytes
% 1 time (sec)
% 2 state
% 3   Desired value
% 4-5 motor voltage (left,right) (V)
% 6-7 Encoder count (left, right)
% 8-9 motor vel (left, right) (rad/s)
% 10  Battery voltage (V)
% 11-13 gyro (x,y,z) (deg/s)
% 14-15 motor current (left, right) (A)
0.0000 10 0.00 0.00 0.00 0 0 0.00 0.00 5.21 -0.091 -0.091 -0.175 -0.0775 0.1030
0.0010 10 0.00 0.00 0.00 0 0 0.00 0.00 5.20 -0.091 -0.030 0.069 -0.0640 0.0895
0.0020 10 0.00 0.00 0.00 0 0 0.00 0.00 5.20 -0.213 0.062 0.130 -0.0775 0.0985
0.0030 10 0.00 0.00 0.00 0 0 0.00 0.00 5.20 -0.304 -0.182 0.039 -0.0685 0.0985
0.0040 10 0.00 0.00 0.00 0 0 0.00 0.00 5.20 0.031 -0.274 0.039 -0.0730 0.0940
0.0050 10 0.00 0.00 0.00 0 0 0.00 0.00 5.20 0.367 -0.304 -0.022 -0.0730 0.0850
0.0060 10 0.00 0.00 0.00 0 0 0.00 0.00 5.21 0.123 -0.121 -0.083 -0.0730 0.0940
0.0070 10 0.00 0.00 0.00 0 0 0.00 0.00 5.20 -0.030 -0.030 -0.083 -0.0775 0.0940
0.0080 10 0.00 0.00 0.00 0 0 0.00 0.00 5.20 0.062 -0.060 -0.236 -0.0775 0.1075
0.0090 10 0.00 0.00 0.00 0 0 0.00 0.00 5.20 0.123 0.123 -0.022 -0.0640 0.0985
0.0100 10 0.00 0.00 0.00 0 0 0.00 0.00 5.20 0.245 0.367 0.008 -0.0685 0.0985
0.0110 10 0.00 0.00 0.00 0 0 0.00 0.00 5.20 0.123 0.276 -0.053 -0.0640 0.0895
0.0120 10 0.00 0.00 0.00 0 0 0.00 0.00 5.20 -0.060 0.154 -0.297 -0.0595 0.0940
0.0130 10 0.00 0.00 0.00 0 0 0.00 0.00 5.20 -0.182 0.031 -0.480 -0.0640 0.0940
0.0140 10 0.00 0.00 0.00 0 0 0.00 0.00 5.20 -0.060 -0.060 -0.297 -0.0775 0.1075
0.0150 10 0.00 0.00 0.00 0 0 0.00 0.00 5.20 -0.121 0.154 0.100 -0.0685 0.1030
0.0160 10 0.00 0.00 0.00 0 0 0.00 0.00 5.20 -0.182 0.123 0.100 -0.0685 0.1030
0.0170 10 0.00 0.00 0.00 0 0 0.00 0.00 5.20 -0.182 -0.060 0.069 -0.0685 0.0940
0.0180 10 0.00 0.00 0.00 0 0 0.00 0.00 5.20 -0.121 -0.060 0.008 -0.0730 0.0940
0.0190 10 0.00 0.00 0.00 0 0 0.00 0.00 5.20 -0.091 0.001 0.069 -0.0685 0.0985
0.0200 10 0.00 0.00 0.00 0 0 0.00 0.00 5.20 0.214 0.154 0.130 -0.0685 0.1030
0.0210 10 0.00 0.00 0.00 0 0 0.00 0.00 5.21 0.214 0.123 0.130 -0.0820 0.1120
0.0220 10 0.00 0.00 0.00 0 0 0.00 0.00 5.20 0.184 -0.091 0.130 -0.0730 0.0940
0.0230 10 0.00 0.00 0.00 0 0 0.00 0.00 5.20 -0.060 -0.304 -0.053 -0.0685 0.0985
0.0240 10 0.00 0.00 0.00 0 0 0.00 0.00 5.20 -0.396 -0.243 -0.206 -0.0730 0.0940
0.0250 10 0.00 0.00 0.00 0 0 0.00 0.00 5.20 0.001 0.001 -0.053 -0.0730 0.0985
0.0260 10 0.00 0.00 0.00 0 0 0.00 0.00 5.20 0.123 -0.213 0.008 -0.0730 0.1075
0.0270 10 0.00 0.00 0.00 0 0 0.00 0.00 5.20 -0.060 -0.182 0.069 -0.0775 0.0940
0.0280 10 0.00 0.00 0.00 0 0 0.00 0.00 5.20 -0.152 -0.030 0.130 -0.0775 0.0940
0.0290 10 0.00 0.00 0.00 0 0 0.00 0.00 5.20 -0.030 0.001 0.100 -0.0730 0.0985
0.0300 10 0.00 0.00 0.00 0 0 0.00 0.00 5.20 0.184 0.001 -0.206 -0.0775 0.1030
0.0310 10 0.00 0.00 0.00 0 0 0.00 0.00 5.20 0.306 -0.182 -0.206 -0.0730 0.0940
0.0320 10 0.00 0.00 0.00 0 0 0.00 0.00 5.19 0.031 -0.365 -0.022 -0.0640 0.0940
0.0330 10 0.00 0.00 0.00 0 0 0.00 0.00 5.20 0.062 -0.213 0.008 -0.0730 0.0985
0.0340 10 0.00 0.00 0.00 0 0 0.00 0.00 5.20 -0.121 -0.060 0.100 -0.0685 0.0940
0.0350 10 0.00 0.00 0.00 0 0 0.00 0.00 5.20 -0.091 0.031 0.130 -0.0685 0.1075
0.0360 10 0.00 0.00 0.00 0 0 0.00 0.00 5.22 0.092 -0.060 -0.053 -0.0685 0.1075
0.0370 10 0.00 0.00 0.00 0 0 0.00 0.00 5.19 0.184 0.062 -0.114 -0.0775 0.0940
0.0380 10 0.00 0.00 0.00 0 0 0.00 0.00 5.20 -0.060 -0.030 -0.022 -0.0775 0.0985
0.0390 10 0.00 0.00 0.00 0 0 0.00 0.00 5.20 -0.060 0.031 0.069 -0.0685 0.0985
0.0400 10 0.00 0.00 0.00 0 0 0.00 0.00 5.22 0.031 0.031 0.130 -0.0820 0.0850
0.0410 10 0.00 0.00 0.00 0 0 0.00 0.00 5.20 -0.152 -0.152 0.161 -0.0730 0.0940
0.0420 10 0.00 0.00 0.00 0 0 0.00 0.00 5.20 -0.121 -0.030 -0.022 -0.0775 0.0895
0.0430 10 0.00 0.00 0.00 0 0 0.00 0.00 5.20 0.123 0.001 -0.114 -0.0730 0.0895
0.0440 10 0.00 0.00 0.00 0 0 0.00 0.00 5.20 0.031 -0.121 -0.114 -0.0775 0.0985
0.0450 10 0.00 0.00 0.00 0 0 0.00 0.00 5.20 -0.213 -0.152 -0.236 -0.0730 0.0895
0.0460 10 0.00 0.00 0.00 0 0 0.00 0.00 5.20 -0.121 -0.091 -0.022 -0.0730 0.1075
0.0470 10 0.00 0.00 0.00 0 0 0.00 0.00 5.20 -0.030 0.001 0.252 -0.0685 0.0985
0.0480 10 0.00 0.00 0.00 0 0 0.00 0.00 5.20 0.092 -0.121 0.191 -0.0685 0.0940
0.0490 10 0.00 0.00 0.00 0 0 0.00 0.00 5.20 0.001 -0.030 -0.022 -0.0730 0.1120
0.0500 10 0.00 0.00 0.00 0 0 0.00 0.00 5.20 0.031 0.154 0.008 -0.0685 0.0940
0.0510 10 0.00 0.00 0.00 0 0 0.00 0.00 5.20 -0.030 0.215 0.100 -0.0730 0.1075
0.0520 10 0.00 0.00 0.00 0 0 0.00 0.00 5.20 0.153 0.001 0.161 -0.0595 0.0940
0.0530 10 0.00 0.00 0.00 0 0 0.00 0.00 5.19 0.092 -0.030 0.161 -0.0730 0.0985
0.0540 10 0.00 0.00 0.00 0 0 0.00 0.00 5.20 -0.060 0.001 0.008 -0.0640 0.1030
0.0550 10 0.00 0.00 0.00 0 0 0.00 0.00 5.20 0.092 0.154 0.100 -0.0685 0.0940
0.0560 10 0.00 0.00 0.00 0 0 0.00 0.00 5.20 -0.152 0.184 -0.114 -0.0685 0.1030
0.0570 10 0.00 0.00 0.00 0 0 0.00 0.00 5.20 -0.091 -0.091 -0.175 -0.0730 0.1120
0.0580 10 0.00 0.00 0.00 0 0 0.00 0.00 5.20 0.062 -0.182 -0.022 -0.0775 0.0985
0.0590 10 0.00 0.00 0.00 0 0 0.00 0.00 5.20 0.336 -0.213 -0.114 -0.0640 0.0940
0.0600 10 0.00 0.00 0.00 0 0 0.00 0.00 5.20 0.123 -0.274 -0.022 -0.0775 0.0895
0.0610 10 0.00 0.00 0.00 0 0 0.00 0.00 5.21 -0.060 -0.060 0.008 -0.0730 0.1030
0.0620 10 0.00 0.00 0.00 0 0 0.00 0.00 5.20 0.031 -0.182 -0.022 -0.0640 0.1075
0.0630 10 0.00 0.00 0.00 0 0 0.00 0.00 5.20 -0.091 -0.060 -0.083 -0.0730 0.0940
0.0640 10 0.00 0.00 0.00 0 0 0.00 0.00 5.19 -0.121 0.062 -0.083 -0.0685 0.1030
0.0650 10 0.00 0.00 0.00 0 0 0.00 0.00 5.20 0.062 -0.152 -0.022 -0.0775 0.0985
0.0660 10 0.00 0.00 0.00 0 0 0.00 0.00 5.20 -0.030 -0.274 0.008 -0.0820 0.0940
0.0670 10 0.00 0.00 0.00 0 0 0.00 0.00 5.21 0.123 -0.304 0.008 -0.0775 0.0985
0.0680 10 0.00 0.00 0.00 0 0 0.00 0.00 5.20 0.092 0.062 -0.206 -0.0640 0.0895
0.0690 10 0.00 0.00 0.00 0 0 0.00 0.00 5.20 -0.030 0.123 -0.175 -0.0685 0.0940
0.0700 10 0.00 0.00 0.00 0 0 0.00 0.00 5.20 -0.091 -0.152 -0.267 -0.0730 0.1030
0.0710 10 0.00 0.00 0.00 0 0 0.00 0.00 5.20 -0.152 -0.213 -0.297 -0.0685 0.1075
0.0720 10 0.00 0.00 0.00 0 0 0.00 0.00 5.20 -0.091 0.001 -0.175 -0.0775 0.0940
0.0730 10 0.00 0.00 0.00 0 0 0.00 0.00 5.20 0.001 0.001 0.100 -0.0685 0.0985
0.0740 10 0.00 0.00 0.00 0 0 0.00 0.00 5.20 -0.060 0.031 0.191 -0.0640 0.1075
0.0750 10 0.00 0.00 0.00 0 0 0.00 0.00 5.21 -0.091 0.154 0.069 -0.0730 0.0940
0.0760 10 0.00 0.00 0.00 0 0 0.00 0.00 5.20 -0.243 0.184 0.069 -0.0775 0.0985
0.0770 10 0.00 0.00 0.00 0 0 0.00 0.00 5.20 -0.091 0.031 0.130 -0.0640 0.1030
0.0780 10 0.00 0.00 0.00 0 0 0.00 0.00 5.20 0.031 -0.274 0.008 -0.0685 0.0985
0.0790 10 0.00 0.00 0.00 0 0 0.00 0.00 5.20 0.153 -0.274 -0.114 -0.0865 0.1030
0.0800 10 0.00 0.00 0.00 0 0 0.00 0.00 5.20 0.062 -0.152 -0.053 -0.0640 0.0895
0.0810 10 0.00 0.00 0.00 0 0 0.00 0.00 5.20 0.153 -0.030 0.191 -0.0685 0.0985
0.0820 10 0.00 0.00 0.00 0 0 0.00 0.00 5.20 0.092 -0.060 0.191 -0.0730 0.0985
0.0830 10 0.00 0.00 0.00 0 0 0.00 0.00 5.20 0.336 -0.121 0.100 -0.0730 0.0895
0.0840 10 0.00 0.00 0.00 0 0 0.00 0.00 5.20 0.123 0.001 0.069 -0.0685 0.0940
0.0850 10 0.00 0.00 0.00 0 0 0.00 0.00 5.20 0.031 0.031 -0.114 -0.0685 0.0895
0.0860 10 0.00 0.00 0.00 0 0 0.00 0.00 5.20 0.031 -0.182 -0.114 -0.0730 0.1075
0.0870 10 0.00 0.00 0.00 0 0 0.00 0.00 5.20 0.092 -0.152 -0.206 -0.0595 0.0985
0.0880 10 0.00 0.00 0.00 0 0 0.00 0.00 5.20 0.123 0.215 0.069 -0.0775 0.1030
0.0890 10 0.00 0.00 0.00 0 0 0.00 0.00 5.20 0.184 0.184 0.161 -0.0775 0.1030
0.0900 10 0.00 0.00 0.00 0 0 0.00 0.00 5.20 0.153 0.062 0.039 -0.0640 0.0985
0.0910 10 0.00 0.00 0.00 0 0 0.00 0.00 5.20 0.092 -0.091 -0.053 -0.0595 0.0985
0.0920 10 0.00 0.00 0.00 0 0 0.00 0.00 5.20 0.153 0.062 0.008 -0.0730 0.1030
0.0930 10 0.00 0.00 0.00 0 0 0.00 0.00 5.20 0.275 0.398 0.008 -0.0685 0.1120
0.0940 10 0.00 0.00 0.00 0 0 0.00 0.00 5.20 0.367 0.154 -0.053 -0.0820 0.0940
0.0950 10 0.00 0.00 0.00 0 0 0.00 0.00 5.20 0.214 -0.060 -0.114 -0.0685 0.1030
0.0960 10 0.00 0.00 0.00 0 0 0.00 0.00 5.20 0.031 -0.121 -0.114 -0.0640 0.0985
0.0970 10 0.00 0.00 0.00 0 0 0.00 0.00 5.20 -0.060 -0.335 -0.175 -0.0730 0.1030
0.0980 10 0.00 0.00 0.00 0 0 0.00 0.00 5.20 -0.182 -0.091 -0.053 -0.0640 0.0850
0.0990 10 0.00 0.00 0.00 0 0 0.00 0.00 5.19 -0.060 -0.274 -0.145 -0.0685 0.1030
0.1000 11 1.50 1.50 1.50 0 0 0.00 0.00 5.20 -0.121 -0.274 -0.114 -0.0685 0.1030
0.1010 11 1.50 1.50 1.50 0 0 0.00 0.00 5.20 0.123 -0.152 -0.022 0.0305 0.1525
0.1020 11 1.50 1.50 1.50 0 0 0.00 0.00 5.17 0.245 -0.152 0.069 0.0350 0.1615
0.1030 11 1.50 1.50 1.50 0 0 0.00 0.00 5.15 -0.091 -0.304 0.008 0.0305 0.1705
0.1040 11 1.50 1.50 1.50 0 0 0.00 0.00 5.15 -0.335 -0.426 0.008 0.0170 0.1840
0.1050 11 1.50 1.50 1.50 0 0 0.00 0.00 5.15 0.214 -0.243 0.039 0.0215 0.1795
0.1060 11 1.50 1.50 1.50 0 0 0.00 0.00 5.15 0.184 0.001 -0.022 0.0080 0.1885
0.1070 11 1.50 1.50 1.50 0 0 0.00 0.00 5.14 -0.060 0.245 0.130 0.0350 0.1885
0.1080 11 1.50 1.50 1.50 0 0 0.00 0.00 5.15 -0.091 0.337 0.069 0.0350 0.1885
0.1090 11 1.50 1.50 1.50 0 0 0.00 0.00 5.15 0.031 0.276 -0.175 0.0395 0.1885
0.1100 11 1.50 1.50 1.50 0 0 0.00 0.00 5.15 0.092 0.184 0.039 0.0125 0.1480
0.1110 11 1.50 1.50 1.50 0 0 0.00 0.00 5.15 0.153 0.092 0.008 0.0125 0.1345
0.1120 11 1.50 1.50 1.50 1 0 0.00 0.00 5.17 0.153 0.001 -0.083 0.0125 0.1075
0.1130 11 1.50 1.50 1.50 1 0 0.00 0.00 5.17 0.001 0.001 0.039 0.0170 0.1030
0.1140 11 1.50 1.50 1.50 1 0 0.00 0.00 5.17 -0.091 -0.030 0.039 0.0170 0.0985
0.1150 11 1.50 1.50 1.50 1 0 0.00 0.00 5.17 -0.030 0.062 -0.114 0.0080 0.0850
0.1160 11 1.50 1.50 1.50 1 0 0.00 0.00 5.16 0.062 -0.152 -0.114 0.0035 0.1030
0.1170 11 1.50 1.50 1.50 1 0 0.00 0.00 5.17 0.123 -0.243 -0.175 0.0080 0.0940
0.1180 11 1.50 1.50 1.50 1 0 0.00 0.00 5.17 -0.091 0.031 -0.114 -0.0055 0.0940
0.1190 11 1.50 1.50 1.50 1 0 0.00 0.00 5.18 0.092 0.062 -0.022 0.0035 0.1030
0.1200 11 1.50 1.50 1.50 1 0 0.00 0.00 5.18 0.123 -0.182 -0.053 0.0035 0.1030
0.1210 11 1.50 1.50 1.50 1 0 0.00 0.00 5.18 -0.182 -0.152 -0.022 0.0035 0.1165
0.1220 11 1.50 1.50 1.50 1 0 0.00 0.00 5.18 0.062 -0.060 -0.175 0.0125 0.1165
0.1230 11 1.50 1.50 1.50 1 0 0.00 0.00 5.17 0.092 -0.121 -0.206 -0.0010 0.1120
0.1240 11 1.50 1.50 1.50 1 0 0.00 0.00 5.18 -0.091 0.001 -0.236 0.0035 0.1075
0.1250 11 1.50 1.50 1.50 1 0 0.00 0.00 5.18 0.031 0.123 -0.267 0.0125 0.1075
0.1260 11 1.50 1.50 1.50 1 0 0.00 0.00 5.18 0.245 0.062 -0.236 -0.0145 0.1120
0.1270 11 1.50 1.50 1.50 1 0 0.00 0.00 5.18 0.245 0.154 -0.083 0.0080 0.1480
0.1280 11 1.50 1.50 1.50 1 0 0.00 0.00 5.17 0.123 -0.030 -0.083 -0.0010 0.1120
0.1290 11 1.50 1.50 1.50 1 0 0.00 0.00 5.17 0.123 0.001 -0.114 0.0035 0.1390
0.1300 11 1.50 1.50 1.50 1 0 0.00 0.00 5.17 0.062 -0.030 -0.053 0.0080 0.1750
0.1310 11 1.50 1.50 1.50 1 0 0.00 0.00 5.16 0.184 0.031 0.130 0.0125 0.1705
0.1320 11 1.50 1.50 1.50 1 0 0.00 0.00 5.16 0.184 0.154 0.039 0.0305 0.1705
0.1330 11 1.50 1.50 1.50 1 0 0.00 0.00 5.15 0.031 0.062 -0.114 0.0395 0.1615
0.1340 11 1.50 1.50 1.50 1 0 0.00 0.00 5.15 -0.060 0.062 -0.053 0.0215 0.1885
0.1350 11 1.50 1.50 1.50 1 0 0.00 0.00 5.16 0.123 0.245 0.130 0.0215 0.1525
0.1360 11 1.50 1.50 1.50 1 0 0.00 0.00 5.16 0.031 0.031 -0.022 0.0080 0.1390
0.1370 11 1.50 1.50 1.50 1 0 0.00 0.00 5.16 0.031 -0.243 -0.145 0.0080 0.1165
0.1380 11 1.50 1.50 1.50 1 0 0.00 0.00 5.17 0.123 -0.304 -0.053 0.0035 0.1300
0.1390 11 1.50 1.50 1.50 1 0 0.00 0.00 5.16 0.092 -0.030 -0.206 0.0305 0.1345
0.1400 11 1.50 1.50 1.50 1 0 0.00 0.00 5.16 0.184 0.001 -0.114 0.0530 0.1390
0.1410 11 1.50 1.50 1.50 1 0 0.00 0.00 5.16 0.123 0.062 -0.083 0.0260 0.1345
0.1420 11 1.50 1.50 1.50 1 0 0.00 0.00 5.16 -0.121 -0.121 -0.267 0.0485 0.1345
0.1430 11 1.50 1.50 1.50 1 0 0.00 0.00 5.16 0.123 -0.030 -0.267 0.0530 0.1345
0.1440 11 1.50 1.50 1.50 1 0 0.00 0.00 5.15 -0.091 0.092 -0.114 0.0305 0.1345
0.1450 11 1.50 1.50 1.50 1 0 0.00 0.00 5.16 -0.243 -0.030 0.161 0.0395 0.1255
0.1460 11 1.50 1.50 1.50 1 0 0.00 0.00 5.16 0.001 -0.030 0.283 0.0395 0.1300
0.1470 11 1.50 1.50 1.50 1 0 0.00 0.00 5.16 0.062 -0.152 0.039 0.0485 0.1165
0.1480 11 1.50 1.50 1.50 1 0 0.00 0.00 5.15 0.001 -0.060 -0.206 0.0575 0.1210
0.1490 11 1.50 1.50 1.50 1 0 0.00 0.00 5.15 -0.091 0.031 -0.236 0.0575 0.1345
0.1500 11 1.50 1.50 1.50 1 0 0.00 0.00 5.15 0.001 0.031 -0.114 0.0575 0.1390
0.1510 11 1.50 1.50 1.50 1 0 0.00 0.00 5.15 0.092 -0.030 0.130 0.0530 0.1345
0.1520 11 1.50 1.50 1.50 1 0 0.00 0.00 5.15 0.001 0.154 0.008 0.0440 0.1255
0.1530 11 1.50 1.50 1.50 2 0 0.00 0.00 5.16 0.062 0.062 0.069 0.0305 0.1345
0.1540 11 1.50 1.50 1.50 2 0 0.00 0.00 5.16 0.062 0.031 -0.083 0.0260 0.1300
0.1550 11 1.50 1.50 1.50 2 0 0.00 0.00 5.16 -0.152 0.031 -0.053 0.0215 0.1300
0.1560 11 1.50 1.50 1.50 2 0 0.00 0.00 5.16 0.001 0.001 0.069 0.0080 0.1300
0.1570 11 1.50 1.50 1.50 2 0 0.00 0.00 5.17 0.245 0.001 0.039 0.0080 0.1570
0.1580 11 1.50 1.50 1.50 2 0 0.00 0.00 5.16 0.123 0.062 0.039 -0.0190 0.1435
0.1590 11 1.50 1.50 1.50 2 0 0.00 0.00 5.17 -0.121 0.031 -0.022 -0.0055 0.1480
0.1600 11 1.50 1.50 1.50 2 0 0.00 0.00 5.17 0.062 0.123 -0.022 0.0080 0.1390
0.1610 11 1.50 1.50 1.50 3 0 0.00 0.00 5.16 0.092 0.001 0.039 -0.0010 0.1480
0.1620 11 1.50 1.50 1.50 3 0 0.00 0.00 5.17 0.123 -0.030 0.039 -0.0010 0.1570
0.1630 11 1.50 1.50 1.50 3 0 0.00 0.00 5.17 0.092 -0.182 0.130 -0.0145 0.1570
0.1640 11 1.50 1.50 1.50 3 0 0.00 0.00 5.16 0.031 -0.304 0.344 0.0080 0.1525
0.1650 11 1.50 1.50 1.50 3 0 0.00 0.00 5.16 0.123 -0.060 0.008 -0.0010 0.1435
0.1660 11 1.50 1.50 1.50 3 0 0.00 0.00 5.17 0.214 0.154 -0.022 -0.0010 0.1525
0.1670 11 1.50 1.50 1.50 3 0 0.00 0.00 5.16 -0.091 0.031 0.130 -0.0010 0.1525
0.1680 11 1.50 1.50 1.50 3 0 0.00 0.00 5.17 0.001 -0.030 0.161 -0.0010 0.1570
0.1690 11 1.50 1.50 1.50 3 0 0.00 0.00 5.16 0.092 0.001 0.039 -0.0010 0.1480
0.1700 11 1.50 1.50 1.50 4 0 8.97 0.00 5.16 0.245 0.092 -0.083 -0.0010 0.1435
0.1710 11 1.50 1.50 1.50 4 0 8.97 0.00 5.17 0.214 0.092 -0.145 -0.0055 0.1615
0.1720 11 1.50 1.50 1.50 4 0 8.97 0.00 5.18 -0.030 0.184 -0.083 -0.0055 0.1525
0.1730 11 1.50 1.50 1.50 4 0 8.97 0.00 5.17 -0.152 0.154 0.069 -0.0370 0.1435
0.1740 11 1.50 1.50 1.50 4 0 8.97 0.00 5.17 0.092 -0.152 0.100 -0.0010 0.1525
0.1750 11 1.50 1.50 1.50 4 0 8.97 0.00 5.17 0.001 0.001 0.039 -0.0100 0.1525
0.1760 11 1.50 1.50 1.50 4 0 8.97 0.00 5.17 -0.213 0.062 0.039 -0.0010 0.1525
0.1770 11 1.50 1.50 1.50 4 0 8.97 0.00 5.17 -0.304 0.031 0.069 -0.0010 0.1480
0.1780 11 1.50 1.50 1.50 4 0 8.97 0.00 5.17 0.062 0.092 0.161 -0.0100 0.1750
0.1790 11 1.50 1.50 1.50 4 0 8.97 0.00 5.17 0.275 -0.030 -0.022 0.0080 0.1525
0.1800 11 1.50 1.50 1.50 4 0 8.97 0.00 5.17 0.275 -0.060 0.008 0.0035 0.1480
0.1810 11 1.50 1.50 1.50 4 0 8.97 0.00 5.17 0.062 0.215 0.008 0.0035 0.1570
0.1820 11 1.50 1.50 1.50 4 0 8.97 0.00 5.16 -0.030 0.428 -0.022 -0.0010 0.1390
0.1830 11 1.50 1.50 1.50 4 0 8.97 0.00 5.16 0.031 0.154 0.161 0.0170 0.1525
0.1840 11 1.50 1.50 1.50 4 0 8.97 0.00 5.16 0.062 0.215 0.069 0.0080 0.1480
0.1850 11 1.50 1.50 1.50 4 0 8.97 0.00 5.16 0.062 0.001 -0.145 0.0215 0.1480
0.1860 11 1.50 1.50 1.50 4 0 8.97 0.00 5.16 0.062 -0.213 -0.175 0.0170 0.1525
0.1870 11 1.50 1.50 1.50 4 0 8.97 0.00 5.16 0.153 0.123 -0.114 0.0080 0.1435
0.1880 11 1.50 1.50 1.50 4 0 8.97 0.00 5.16 0.306 0.184 -0.114 0.0125 0.1435
0.1890 11 1.50 1.50 1.50 4 0 8.97 0.00 5.16 0.062 0.123 -0.053 0.0125 0.1480
0.1900 11 1.50 1.50 1.50 4 0 8.97 0.00 5.16 -0.213 -0.304 -0.206 0.0170 0.1480
0.1910 11 1.50 1.50 1.50 4 0 8.97 0.00 5.16 -0.152 -0.335 -0.114 0.0170 0.1480
0.1920 11 1.50 1.50 1.50 4 0 8.97 0.00 5.16 -0.030 0.001 0.100 0.0125 0.1570
0.1930 11 1.50 1.50 1.50 4 0 8.97 0.00 5.16 -0.060 0.184 0.252 0.0215 0.1480
0.1940 11 1.50 1.50 1.50 4 0 8.97 0.00 5.16 0.001 0.215 0.130 0.0215 0.1390
0.1950 11 1.50 1.50 1.50 4 0 8.97 0.00 5.16 0.062 0.154 0.130 0.0125 0.1435
0.1960 11 1.50 1.50 1.50 5 0 0.00 0.00 5.16 0.001 -0.030 0.100 0.0215 0.1435
0.1970 11 1.50 1.50 1.50 5 0 0.00 0.00 5.16 0.123 -0.030 0.191 0.0215 0.1525
0.1980 11 1.50 1.50 1.50 5 0 0.00 0.00 5.16 0.153 0.001 0.008 0.0125 0.1480
0.1990 11 1.50 1.50 1.50 5 0 0.00 0.00 5.16 0.062 0.123 0.008 0.0215 0.1525
0.2000 11 1.50 1.50 1.50 5 0 0.00 0.00 5.16 0.184 0.276 -0.022 0.0305 0.1300
0.2010 11 1.50 1.50 1.50 5 0 0.00 0.00 5.16 0.275 0.123 0.039 0.0215 0.1435
0.2020 11 1.50 1.50 1.50 5 0 0.00 0.00 5.16 0.092 0.031 -0.083 0.0170 0.1525
0.2030 11 1.50 1.50 1.50 5 0 0.00 0.00 5.16 -0.152 0.062 -0.236 0.0170 0.1435
0.2040 11 1.50 1.50 1.50 5 0 0.00 0.00 5.16 -0.213 0.092 -0.297 0.0215 0.1480
0.2050 11 1.50 1.50 1.50 5 0 0.00 0.00 5.16 0.123 -0.030 -0.358 0.0125 0.1390
0.2060 11 1.50 1.50 1.50 5 0 0.00 0.00 5.16 0.153 -0.030 -0.145 0.0350 0.1435
0.2070 11 1.50 1.50 1.50 5 0 0.00 0.00 5.16 0.062 -0.091 -0.145 0.0395 0.1345
0.2080 11 1.50 1.50 1.50 5 0 0.00 0.00 5.16 -0.091 -0.121 -0.083 0.0215 0.1435
0.2090 11 1.50 1.50 1.50 5 0 0.00 0.00 5.16 0.031 0.154 -0.114 0.0305 0.1435
0.2100 11 1.50 1.50 1.50 5 0 0.00 0.00 5.15 0.062 0.184 -0.206 0.0260 0.1525
0.2110 11 1.50 1.50 1.50 5 0 0.00 0.00 5.16 0.031 -0.060 -0.022 0.0260 0.1525
0.2120 11 1.50 1.50 1.50 5 0 0.00 0.00 5.16 -0.121 -0.121 -0.083 0.0305 0.1480
0.2130 11 1.50 1.50 1.50 5 0 0.00 0.00 5.16 -0.030 0.001 -0.236 0.0305 0.1390
0.2140 11 1.50 1.50 1.50 5 0 0.00 0.00 5.16 -0.030 0.184 -0.206 0.0440 0.1390
0.2150 11 1.50 1.50 1.50 5 0 0.00 0.00 5.16 0.062 0.092 0.100 0.0440 0.1435
0.2160 11 1.50 1.50 1.50 5 0 0.00 0.00 5.16 0.092 -0.060 0.283 0.0170 0.1480
0.2170 11 1.50 1.50 1.50 5 0 0.00 0.00 5.16 -0.030 0.031 0.191 0.0215 0.1570
0.2180 11 1.50 1.50 1.50 5 0 0.00 0.00 5.16 0.031 0.001 -0.053 0.0305 0.1480
0.2190 11 1.50 1.50 1.50 5 0 0.00 0.00 5.16 0.031 -0.060 -0.206 0.0215 0.1390
0.2200 11 1.50 1.50 1.50 6 0 7.83 0.00 5.16 0.092 0.062 -0.145 0.0350 0.1615
0.2210 11 1.50 1.50 1.50 6 0 7.83 0.00 5.16 0.153 -0.060 -0.053 0.0305 0.1480
0.2220 11 1.50 1.50 1.50 6 0 7.83 0.00 5.16 0.092 -0.182 -0.175 0.0350 0.1435
0.2230 11 1.50 1.50 1.50 6 0 7.83 0.00 5.16 0.031 0.245 -0.236 0.0530 0.1345
0.2240 11 1.50 1.50 1.50 6 0 7.83 0.00 5.16 0.214 0.123 0.039 0.0260 0.1435
0.2250 11 1.50 1.50 1.50 6 0 7.83 0.00 5.16 0.001 -0.152 0.130 0.0260 0.1345
0.2260 11 1.50 1.50 1.50 6 0 7.83 0.00 5.16 -0.121 -0.335 0.069 0.0215 0.1390
0.2270 11 1.50 1.50 1.50 6 0 7.83 0.00 5.16 0.001 -0.365 -0.175 0.0035 0.1660
0.2280 11 1.50 1.50 1.50 6 0 7.76 0.00 5.16 0.001 -0.213 0.130 0.0260 0.1525
0.2290 11 1.50 1.50 1.50 6 0 7.65 0.00 5.15 0.184 0.154 0.283 0.0125 0.1525
0.2300 11 1.50 1.50 1.50 6 0 7.54 0.00 5.16 0.245 0.031 0.222 0.0305 0.1435
0.2310 11 1.50 1.50 1.50 6 0 7.43 0.00 5.16 -0.060 0.062 0.069 0.0125 0.1615
0.2320 11 1.50 1.50 1.50 6 0 7.33 0.00 5.16 -0.030 0.215 -0.175 0.0215 0.1570
0.2330 11 1.50 1.50 1.50 6 0 7.23 0.00 5.16 0.001 0.031 -0.328 0.0125 0.1480
0.2340 11 1.50 1.50 1.50 6 0 7.13 0.00 5.16 0.031 -0.182 -0.206 -0.0010 0.1525
0.2350 11 1.50 1.50 1.50 6 0 7.03 0.00 5.16 -0.030 -0.091 -0.145 0.0665 0.1525
0.2360 11 1.50 1.50 1.50 7 0 6.97 0.00 5.16 -0.060 -0.121 -0.053 0.1115 0.1570
0.2370 11 1.50 1.50 1.50 7 0 6.97 0.00 5.17 -0.060 0.001 0.100 -0.0010 0.1480
0.2380 11 1.50 1.50 1.50 7 0 6.97 0.00 5.16 0.123 0.001 0.100 -0.0010 0.1480
0.2390 11 1.50 1.50 1.50 7 0 6.97 0.00 5.16 0.153 0.062 -0.114 0.0035 0.1480
0.2400 11 1.50 1.50 1.50 7 0 6.97 0.00 5.17 0.031 0.031 -0.206 0.1205 0.1615
0.2410 11 1.50 1.50 1.50 7 0 6.97 0.00 5.16 -0.091 -0.152 -0.083 0.0035 0.1480
0.2420 11 1.50 1.50 1.50 7 0 6.97 0.00 5.16 0.184 -0.091 -0.114 -0.0010 0.1480
0.2430 11 1.50 1.50 1.50 7 0 6.97 0.00 5.16 0.214 -0.060 -0.083 0.0080 0.1525
0.2440 11 1.50 1.50 1.50 7 0 6.97 0.00 5.17 0.153 -0.030 0.130 0.1430 0.1615
0.2450 11 1.50 1.50 1.50 7 0 6.93 0.00 5.16 0.031 0.031 0.374 0.0125 0.1570
0.2460 11 1.50 1.50 1.50 7 0 6.84 0.00 5.16 0.123 0.031 0.374 0.0035 0.1615
0.2470 11 1.50 1.50 1.50 7 0 6.75 0.00 5.16 0.275 -0.060 0.283 0.0035 0.1660
0.2480 11 1.50 1.50 1.50 7 0 6.66 0.00 5.16 0.123 0.154 0.130 -0.0010 0.1570
0.2490 11 1.50 1.50 1.50 7 0 6.58 0.00 5.16 -0.152 0.001 0.283 0.0035 0.1525
0.2500 11 1.50 1.50 1.50 7 0 6.50 0.00 5.17 -0.182 -0.121 0.100 -0.0145 0.1570
0.2510 11 1.50 1.50 1.50 7 0 6.42 0.00 5.17 -0.030 -0.182 0.130 -0.0010 0.1525
0.2520 11 1.50 1.50 1.50 7 0 6.34 0.00 5.16 -0.121 -0.091 -0.053 0.0035 0.1615
0.2530 11 1.50 1.50 1.50 7 0 6.26 0.00 5.16 0.031 0.001 0.039 0.0125 0.1435
0.2540 11 1.50 1.50 1.50 7 0 6.19 0.00 5.16 0.031 0.092 0.100 0.0215 0.1615
0.2550 11 1.50 1.50 1.50 7 0 6.12 0.00 5.16 -0.030 0.031 0.161 0.0035 0.1570
0.2560 11 1.50 1.50 1.50 8 0 6.11 0.00 5.16 0.153 0.001 0.161 0.0170 0.1615
0.2570 11 1.50 1.50 1.50 8 0 6.11 0.00 5.16 0.062 0.062 0.069 -0.0010 0.1570
0.2580 11 1.50 1.50 1.50 8 0 6.11 0.00 5.16 0.031 -0.152 -0.145 0.0170 0.1390
0.2590 11 1.50 1.50 1.50 8 0 6.11 0.00 5.18 0.184 -0.121 -0.145 -0.0010 0.1435
0.2600 11 1.50 1.50 1.50 8 0 6.11 0.00 5.16 0.031 -0.152 0.039 0.0080 0.1570
0.2610 11 1.50 1.50 1.50 8 0 6.11 0.00 5.16 -0.060 -0.030 0.008 0.0035 0.1615
0.2620 11 1.50 1.50 1.50 8 0 6.11 0.00 5.16 -0.091 0.031 -0.236 0.0170 0.1480
0.2630 11 1.50 1.50 1.50 8 0 6.11 0.00 5.18 0.001 -0.030 -0.358 0.0260 0.1480
0.2640 11 1.50 1.50 1.50 8 0 6.11 0.00 5.16 -0.030 0.001 -0.083 0.0170 0.1570
0.2650 11 1.50 1.50 1.50 8 0 6.11 0.00 5.16 -0.152 -0.060 -0.022 0.0080 0.1525
0.2660 11 1.50 1.50 1.50 8 0 6.11 0.00 5.16 -0.274 -0.030 -0.145 0.0170 0.1525
0.2670 11 1.50 1.50 1.50 8 0 6.11 0.00 5.16 -0.030 0.123 -0.022 0.0125 0.1435
0.2680 11 1.50 1.50 1.50 8 0 6.11 0.00 5.16 0.245 0.001 -0.053 0.0125 0.1750
0.2690 11 1.50 1.50 1.50 8 0 6.11 0.00 5.16 0.062 -0.182 0.069 0.0125 0.1480
0.2700 11 1.50 1.50 1.50 8 0 6.11 0.00 5.16 -0.121 0.062 -0.022 0.0260 0.1480
0.2710 11 1.50 1.50 1.50 8 0 6.11 0.00 5.17 -0.121 0.092 -0.053 0.0035 0.1435
0.2720 11 1.50 1.50 1.50 8 0 6.11 0.00 5.16 -0.213 0.276 -0.083 0.0125 0.1570
0.2730 11 1.50 1.50 1.50 8 0 6.11 0.00 5.16 -0.274 0.062 -0.083 0.0080 0.1525
0.2740 11 1.50 1.50 1.50 8 0 6.11 0.00 5.16 -0.091 -0.182 0.039 0.0035 0.1435
0.2750 11 1.50 1.50 1.50 8 0 6.11 0.00 5.16 -0.030 -0.182 0.008 0.0035 0.1525
0.2760 11 1.50 1.50 1.50 8 0 6.11 0.00 5.16 -0.182 -0.213 -0.053 0.0080 0.1750
0.2770 11 1.50 1.50 1.50 8 0 6.11 0.00 5.16 -0.060 -0.091 -0.083 0.0305 0.1570
0.2780 11 1.50 1.50 1.50 8 0 6.11 0.00 5.16 0.153 -0.030 -0.145 0.0035 0.1660
0.2790 11 1.50 1.50 1.50 8 0 6.11 0.00 5.16 0.428 -0.060 -0.145 0.0080 0.1570
0.2800 11 1.50 1.50 1.50 8 0 6.11 0.00 5.16 0.275 0.001 -0.083 0.0080 0.1480
0.2810 11 1.50 1.50 1.50 8 0 6.10 0.00 5.16 0.275 0.092 -0.175 0.0035 0.1480
0.2820 11 1.50 1.50 1.50 8 0 6.03 0.00 5.16 0.062 0.001 -0.145 0.0125 0.1435
0.2830 11 1.50 1.50 1.50 8 0 5.96 0.00 5.16 -0.213 -0.152 -0.114 0.0035 0.1480
0.2840 11 1.50 1.50 1.50 8 0 5.89 0.00 5.16 -0.030 -0.213 0.008 0.0170 0.1570
0.2850 11 1.50 1.50 1.50 8 0 5.83 0.00 5.16 0.245 -0.030 0.130 0.0170 0.1525
0.2860 11 1.50 1.50 1.50 8 0 5.76 0.00 5.16 -0.060 0.001 0.039 0.0170 0.1390
0.2870 11 1.50 1.50 1.50 8 0 5.70 0.00 5.16 -0.243 -0.091 -0.053 -0.0055 0.1570
0.2880 11 1.50 1.50 1.50 8 0 5.64 0.00 5.16 0.001 -0.182 -0.083 0.0170 0.1480
0.2890 11 1.50 1.50 1.50 8 0 5.58 0.00 5.16 0.153 -0.121 -0.175 0.0125 0.1525
0.2900 11 1.50 1.50 1.50 8 0 5.52 0.00 5.17 0.092 -0.060 -0.053 0.0125 0.1570
0.2910 11 1.50 1.50 1.50 8 0 5.46 0.00 5.16 0.092 -0.152 -0.175 0.0170 0.1570
0.2920 11 1.50 1.50 1.50 8 0 5.40 0.00 5.14 0.214 -0.152 -0.083 0.0125 0.1480
0.2930 11 1.50 1.50 1.50 8 0 5.35 0.00 5.16 0.245 -0.060 -0.053 0.0080 0.1570
0.2940 11 1.50 1.50 1.50 8 0 5.30 0.00 5.16 0.092 -0.060 -0.145 0.0125 0.1525
0.2950 11 1.50 1.50 1.50 8 0 5.24 0.00 5.16 0.001 -0.121 -0.206 -0.0010 0.1570
0.2960 11 1.50 1.50 1.50 8 0 5.19 0.00 5.16 0.001 0.062 -0.236 0.0080 0.1570
0.2970 11 1.50 1.50 1.50 8 0 5.14 0.00 5.16 -0.060 0.154 -0.236 0.0125 0.1525
0.2980 11 1.50 1.50 1.50 8 0 5.09 0.00 5.16 -0.060 0.001 -0.145 0.0080 0.1615
0.2990 11 1.50 1.50 1.50 8 0 5.04 0.00 5.16 0.214 0.001 0.100 0.0170 0.1525
0.3000 11 1.50 1.50 1.50 8 0 4.99 0.00 5.16 0.275 -0.060 0.008 0.0125 0.1660
0.3010 11 1.50 1.50 1.50 8 0 4.95 0.00 5.16 0.062 -0.030 -0.145 0.0125 0.1480
0.3020 11 1.50 1.50 1.50 8 0 4.90 0.00 5.16 -0.060 0.154 -0.083 0.0080 0.1660
0.3030 11 1.50 1.50 1.50 8 0 4.85 0.00 5.16 0.031 0.001 0.130 0.0080 0.1390
0.3040 11 1.50 1.50 1.50 8 0 4.81 0.00 5.16 -0.060 -0.152 0.039 0.0170 0.1480
0.3050 11 1.50 1.50 1.50 8 0 4.77 0.00 5.16 0.031 -0.152 0.100 0.0080 0.1525
0.3060 11 1.50 1.50 1.50 8 0 4.72 0.00 5.16 -0.030 -0.060 0.100 0.0170 0.1615
0.3070 11 1.50 1.50 1.50 8 0 4.68 0.00 5.17 0.001 0.092 0.069 0.0080 0.1390
0.3080 11 1.50 1.50 1.50 8 0 4.64 0.00 5.16 -0.030 0.001 0.069 0.0125 0.1480
0.3090 11 1.50 1.50 1.50 8 0 4.60 0.00 5.16 -0.121 -0.152 0.222 0.0035 0.1525
0.3100 11 1.50 1.50 1.50 8 0 4.56 0.00 5.16 0.092 -0.060 0.191 0.0080 0.1480
0.3110 11 1.50 1.50 1.50 8 0 4.52 0.00 5.16 0.062 0.031 0.130 0.0125 0.1570
0.3120 11 1.50 1.50 1.50 8 0 4.48 0.00 5.16 0.214 0.031 0.252 0.0035 0.1570
0.3130 11 1.50 1.50 1.50 8 0 4.44 0.00 5.16 0.336 0.001 0.100 0.0215 0.1480
0.3140 11 1.50 1.50 1.50 8 0 4.40 0.00 5.16 -0.030 -0.030 -0.114 0.0035 0.1525
0.3150 11 1.50 1.50 1.50 8 0 4.37 0.00 5.16 -0.091 -0.152 -0.206 0.0170 0.1525
0.3160 11 1.50 1.50 1.50 8 0 4.33 0.00 5.16 -0.152 -0.121 -0.114 0.0170 0.1435
0.3170 11 1.50 1.50 1.50 8 0 4.30 0.00 5.16 0.031 0.062 -0.053 -0.0010 0.1525
0.3180 11 1.50 1.50 1.50 8 0 4.26 0.00 5.16 -0.030 -0.060 -0.083 0.0080 0.1480
0.3190 11 1.50 1.50 1.50 8 0 4.23 0.00 5.17 -0.121 -0.091 0.069 0.0080 0.1525
0.3200 11 1.50 1.50 1.50 8 0 4.19 0.00 5.16 0.153 -0.213 0.222 0.0125 0.1480
0.3210 11 1.50 1.50 1.50 8 0 4.16 0.00 5.16 0.092 -0.335 0.161 0.0035 0.1480
0.3220 11 1.50 1.50 1.50 8 0 4.13 0.00 5.18 -0.152 -0.152 -0.053 0.0080 0.1660
0.3230 11 1.50 1.50 1.50 8 0 4.09 0.00 5.16 -0.060 -0.121 -0.083 0.0170 0.1570
0.3240 11 1.50 1.50 1.50 8 0 4.06 0.00 5.16 0.245 -0.152 0.008 0.0125 0.1525
0.3250 11 1.50 1.50 1.50 8 0 4.03 0.00 5.16 0.001 -0.060 0.222 0.0080 0.1615
0.3260 11 1.50 1.50 1.50 8 0 4.00 0.00 5.16 0.031 -0.152 0.069 0.0080 0.1525
0.3270 11 1.50 1.50 1.50 8 0 3.97 0.00 5.16 0.092 0.092 -0.236 0.0125 0.1570
0.3280 11 1.50 1.50 1.50 8 0 3.94 0.00 5.16 0.092 0.092 -0.053 0.0125 0.1435
0.3290 11 1.50 1.50 1.50 8 0 3.91 0.00 5.17 0.031 -0.060 -0.022 0.0125 0.1660
0.3300 11 1.50 1.50 1.50 8 0 3.88 0.00 5.16 -0.060 0.245 0.008 0.0170 0.1570
0.3310 11 1.50 1.50 1.50 8 0 3.85 0.00 5.16 -0.030 0.184 -0.022 0.0125 0.1480
0.3320 11 1.50 1.50 1.50 8 0 3.83 0.00 5.16 0.123 -0.121 -0.022 0.0170 0.1525
0.3330 11 1.50 1.50 1.50 8 0 3.80 0.00 5.16 0.123 -0.243 0.100 0.0170 0.1660
0.3340 11 1.50 1.50 1.50 8 0 3.77 0.00 5.16 0.001 -0.091 0.008 0.0080 0.1525
0.3350 11 1.50 1.50 1.50 8 0 3.74 0.00 5.16 0.123 0.031 -0.145 0.0125 0.1615
0.3360 11 1.50 1.50 1.50 8 0 3.72 0.00 5.17 0.153 0.123 -0.083 0.0170 0.1435
0.3370 11 1.50 1.50 1.50 8 0 3.69 0.00 5.16 0.153 0.154 -0.053 -0.0010 0.1525
0.3380 11 1.50 1.50 1.50 8 0 3.66 0.00 5.16 0.092 0.092 -0.022 0.0170 0.1570
0.3390 11 1.50 1.50 1.50 8 0 3.64 0.00 5.16 0.031 0.062 -0.083 0.0080 0.1525
0.3400 11 1.50 1.50 1.50 8 0 3.61 0.00 5.16 -0.121 -0.030 -0.053 0.0125 0.1570
0.3410 11 1.50 1.50 1.50 8 0 3.59 0.00 5.16 -0.121 -0.152 0.008 0.0260 0.1525
0.3420 11 1.50 1.50 1.50 8 0 3.56 0.00 5.16 0.092 -0.152 -0.022 0.0170 0.1480
0.3430 11 1.50 1.50 1.50 8 0 3.54 0.00 5.16 0.214 0.031 0.130 0.0035 0.1615
0.3440 11 1.50 1.50 1.50 8 0 3.52 0.00 5.16 0.001 0.092 -0.206 0.0170 0.1480
0.3450 11 1.50 1.50 1.50 8 0 3.49 0.00 5.16 -0.091 -0.091 -0.175 0.0125 0.1570
0.3460 11 1.50 1.50 1.50 8 0 3.47 0.00 5.16 0.092 -0.091 -0.175 0.0035 0.1480
0.3470 11 1.50 1.50 1.50 8 0 3.45 0.00 5.16 0.306 -0.152 -0.114 0.0170 0.1660
0.3480 11 1.50 1.50 1.50 8 0 3.43 0.00 5.16 0.214 -0.182 -0.114 0.0170 0.1435
0.3490 11 1.50 1.50 1.50 8 0 3.40 0.00 5.16 0.062 0.001 0.100 0.0125 0.1570
0.3500 11 1.50 1.50 1.50 8 0 3.38 0.00 5.16 -0.030 -0.030 0.283 0.0035 0.1570
0.3510 11 1.50 1.50 1.50 8 0 3.36 0.00 5.16 0.001 0.001 0.252 0.0080 0.1615
0.3520 11 1.50 1.50 1.50 8 0 3.34 0.00 5.16 -0.243 0.154 0.008 0.0215 0.1525
0.3530 11 1.50 1.50 1.50 8 0 3.32 0.00 5.16 -0.213 0.031 -0.022 0.0035 0.1570
0.3540 11 1.50 1.50 1.50 8 0 3.30 0.00 5.16 0.275 0.092 -0.267 0.0215 0.1525
0.3550 11 1.50 1.50 1.50 8 0 3.28 0.00 5.16 0.397 -0.182 -0.175 0.0035 0.1570
0.3560 11 1.50 1.50 1.50 8 0 3.25 0.00 5.16 0.184 -0.426 0.008 0.0080 0.1570
0.3570 11 1.50 1.50 1.50 8 0 3.23 0.00 5.16 0.001 -0.396 -0.145 0.0125 0.1570
0.3580 11 1.50 1.50 1.50 8 0 3.21 0.00 5.16 -0.121 -0.426 -0.175 0.0215 0.1570
0.3590 11 1.50 1.50 1.50 8 0 3.20 0.00 5.16 -0.121 -0.213 -0.206 0.0170 0.1570
0.3600 11 1.50 1.50 1.50 8 0 3.18 0.00 5.16 0.031 -0.091 0.008 0.0125 0.1390
0.3610 11 1.50 1.50 1.50 8 0 3.16 0.00 5.16 0.123 0.001 0.069 0.0125 0.1525
0.3620 11 1.50 1.50 1.50 8 0 3.14 0.00 5.16 0.123 0.092 0.222 0.0080 0.1525
0.3630 11 1.50 1.50 1.50 8 0 3.12 0.00 5.16 -0.030 -0.121 0.252 0.0080 0.1435
0.3640 11 1.50 1.50 1.50 8 0 3.10 0.00 5.16 0.031 -0.152 -0.022 0.0080 0.1615
0.3650 11 1.50 1.50 1.50 8 0 3.08 0.00 5.16 0.214 -0.060 -0.175 0.0080 0.1570
0.3660 11 1.50 1.50 1.50 8 0 3.06 0.00 5.17 0.031 -0.091 -0.175 0.0080 0.1480
0.3670 11 1.50 1.50 1.50 8 0 3.05 0.00 5.16 -0.182 -0.091 0.100 0.0080 0.1480
0.3680 11 1.50 1.50 1.50 8 0 3.03 0.00 5.16 -0.091 0.001 0.191 0.0125 0.1570
0.3690 11 1.50 1.50 1.50 8 0 3.01 0.00 5.16 -0.091 -0.274 0.130 0.0080 0.1525
0.3700 11 1.50 1.50 1.50 8 0 2.99 0.00 5.16 0.062 -0.121 0.008 0.0080 0.1480
0.3710 11 1.50 1.50 1.50 8 0 2.98 0.00 5.16 0.245 -0.121 -0.083 0.0170 0.1480
0.3720 11 1.50 1.50 1.50 8 0 2.96 0.00 5.17 0.184 0.031 -0.083 0.0170 0.1525
0.3730 11 1.50 1.50 1.50 8 0 2.94 0.00 5.16 -0.060 0.092 0.100 0.0080 0.1570
0.3740 11 1.50 1.50 1.50 8 0 2.93 0.00 5.16 -0.213 0.184 0.069 0.0035 0.1570
0.3750 11 1.50 1.50 1.50 8 0 2.91 0.00 5.16 -0.060 0.245 -0.083 0.0125 0.1570
0.3760 11 1.50 1.50 1.50 8 0 2.89 0.00 5.16 0.184 -0.030 -0.022 0.0170 0.1570
0.3770 11 1.50 1.50 1.50 8 0 2.88 0.00 5.16 0.092 -0.152 0.008 0.0125 0.1615
0.3780 11 1.50 1.50 1.50 8 0 2.86 0.00 5.16 0.123 -0.182 -0.022 0.0215 0.1525
0.3790 11 1.50 1.50 1.50 8 0 2.85 0.00 5.16 0.153 -0.152 -0.206 0.0125 0.1525
0.3800 11 1.50 1.50 1.50 8 0 2.83 0.00 5.16 -0.091 -0.243 -0.206 0.0125 0.1480
0.3810 11 1.50 1.50 1.50 8 0 2.82 0.00 5.16 0.031 -0.243 -0.236 0.0170 0.1570
0.3820 11 1.50 1.50 1.50 8 0 2.80 0.00 5.16 0.123 -0.091 -0.358 0.0125 0.1390
0.3830 11 1.50 1.50 1.50 8 0 2.79 0.00 5.16 0.062 -0.060 -0.236 0.0125 0.1525
0.3840 11 1.50 1.50 1.50 8 0 2.77 0.00 5.16 -0.030 0.123 0.008 -0.0010 0.1525
0.3850 11 1.50 1.50 1.50 8 0 2.76 0.00 5.16 0.001 0.092 -0.022 0.0170 0.1480
0.3860 11 1.50 1.50 1.50 8 0 2.74 0.00 5.16 -0.030 0.001 -0.083 0.0125 0.1480
0.3870 11 1.50 1.50 1.50 8 0 2.73 0.00 5.16 0.031 0.184 -0.206 0.0170 0.1480
0.3880 11 1.50 1.50 1.50 8 0 2.71 0.00 5.16 0.092 -0.060 -0.206 0.0080 0.1435
0.3890 11 1.50 1.50 1.50 8 0 2.70 0.00 5.16 0.123 -0.152 -0.083 0.0080 0.1480
0.3900 11 1.50 1.50 1.50 8 0 2.69 0.00 5.16 0.092 -0.213 0.100 0.0080 0.1570
0.3910 11 1.50 1.50 1.50 8 0 2.67 0.00 5.15 -0.091 -0.060 0.100 0.0125 0.1615
0.3920 11 1.50 1.50 1.50 8 0 2.66 0.00 5.16 -0.213 0.031 0.069 0.0170 0.1615
0.3930 11 1.50 1.50 1.50 8 0 2.65 0.00 5.16 -0.030 0.031 -0.022 0.0215 0.1615
0.3940 11 1.50 1.50 1.50 8 0 2.63 0.00 5.16 0.001 -0.091 -0.145 0.0170 0.1615
0.3950 11 1.50 1.50 1.50 8 0 2.62 0.00 5.16 0.001 -0.030 -0.083 0.0125 0.1570
0.3960 11 1.50 1.50 1.50 8 0 2.61 0.00 5.16 0.153 0.001 -0.053 0.0170 0.1525
0.3970 11 1.50 1.50 1.50 8 0 2.59 0.00 5.15 -0.060 -0.121 0.069 0.0170 0.1615
0.3980 11 1.50 1.50 1.50 8 0 2.58 0.00 5.16 -0.060 -0.060 -0.297 0.0170 0.1705
0.3990 11 1.50 1.50 1.50 8 0 2.57 0.00 5.16 0.153 -0.060 -0.267 0.0035 0.1615
0.4000 11 1.50 1.50 1.50 8 0 2.56 0.00 5.16 0.123 -0.060 -0.145 0.0080 0.1570
0.4010 11 1.50 1.50 1.50 8 0 2.54 0.00 5.16 0.123 -0.060 0.222 0.0080 0.1570
0.4020 11 1.50 1.50 1.50 8 0 2.53 0.00 5.16 -0.152 -0.030 0.191 0.0080 0.1525
0.4030 11 1.50 1.50 1.50 8 0 2.52 0.00 5.16 -0.213 -0.121 -0.022 0.0170 0.1480
0.4040 11 1.50 1.50 1.50 8 0 2.51 0.00 5.16 -0.152 -0.152 0.008 0.0125 0.1615
0.4050 11 1.50 1.50 1.50 8 0 2.49 0.00 5.16 0.031 -0.091 0.100 0.0080 0.1525
0.4060 11 1.50 1.50 1.50 8 0 2.48 0.00 5.16 0.214 0.123 0.100 0.0125 0.1570
0.4070 11 1.50 1.50 1.50 8 0 2.47 0.00 5.16 0.336 0.245 -0.114 0.0080 0.1480
0.4080 11 1.50 1.50 1.50 8 0 2.46 0.00 5.16 0.153 0.337 -0.145 0.0170 0.1390
0.4090 11 1.50 1.50 1.50 8 0 2.45 0.00 5.16 -0.060 -0.091 0.008 0.0170 0.1525
0.4100 11 1.50 1.50 1.50 8 0 2.44 0.00 5.16 -0.152 -0.091 -0.114 0.0080 0.1525
0.4110 11 1.50 1.50 1.50 8 0 2.43 0.00 5.16 -0.243 0.001 -0.053 0.0125 0.1435
0.4120 11 1.50 1.50 1.50 8 0 2.41 0.00 5.16 -0.213 0.001 -0.022 0.0125 0.1570
0.4130 11 1.50 1.50 1.50 8 0 2.40 0.00 5.16 -0.091 0.062 0.100 0.0080 0.1615
0.4140 11 1.50 1.50 1.50 8 0 2.39 0.00 5.16 -0.152 -0.030 0.069 0.0080 0.1525
0.4150 11 1.50 1.50 1.50 8 0 2.38 0.00 5.16 -0.152 0.092 0.008 0.0215 0.1525
0.4160 11 1.50 1.50 1.50 8 0 2.37 0.00 5.16 0.184 0.154 -0.053 0.0170 0.1525
0.4170 11 1.50 1.50 1.50 8 0 2.36 0.00 5.16 0.092 -0.030 -0.206 0.0035 0.1525
0.4180 11 1.50 1.50 1.50 8 0 2.35 0.00 5.16 0.001 -0.243 -0.083 0.0125 0.1570
0.4190 11 1.50 1.50 1.50 8 0 2.34 0.00 5.16 0.062 -0.182 0.039 0.0170 0.1615
0.4200 11 1.50 1.50 1.50 8 0 2.33 0.00 5.16 0.153 0.062 0.008 0.0080 0.1390
0.4210 11 1.50 1.50 1.50 8 0 2.32 0.00 5.16 0.062 0.001 -0.145 0.0125 0.1390
0.4220 11 1.50 1.50 1.50 8 0 2.31 0.00 5.16 -0.121 -0.152 -0.053 0.0215 0.1435
0.4230 11 1.50 1.50 1.50 8 0 2.30 0.00 5.17 -0.060 -0.030 0.069 0.0170 0.1570
0.4240 11 1.50 1.50 1.50 8 0 2.29 0.00 5.16 0.214 0.092 0.069 0.0125 0.1525
0.4250 11 1.50 1.50 1.50 8 0 2.28 0.00 5.16 0.245 0.062 0.008 0.0260 0.1525
0.4260 11 1.50 1.50 1.50 8 0 2.27 0.00 5.16 0.275 -0.091 0.100 0.0215 0.1480
0.4270 11 1.50 1.50 1.50 8 0 2.26 0.00 5.16 0.092 0.031 -0.053 0.0080 0.1480
0.4280 11 1.50 1.50 1.50 8 0 2.25 0.00 5.16 0.062 0.001 -0.206 0.0125 0.1525
0.4290 11 1.50 1.50 1.50 8 0 2.24 0.00 5.16 0.275 -0.152 -0.053 -0.0010 0.1525
0.4300 11 1.50 1.50 1.50 8 0 2.23 0.00 5.16 0.123 -0.152 0.191 0.0080 0.1615
0.4310 11 1.50 1.50 1.50 8 0 2.22 0.00 5.16 -0.152 -0.030 0.069 0.0170 0.1390
0.4320 11 1.50 1.50 1.50 8 0 2.21 0.00 5.18 0.062 0.092 -0.114 0.0125 0.1615
0.4330 11 1.50 1.50 1.50 8 0 2.20 0.00 5.17 0.123 0.031 -0.236 0.0125 0.1615
0.4340 11 1.50 1.50 1.50 8 0 2.19 0.00 5.16 0.153 0.123 0.161 0.0080 0.1525
0.4350 11 1.50 1.50 1.50 8 0 2.18 0.00 5.16 0.214 0.001 0.130 0.0080 0.1435
0.4360 11 1.50 1.50 1.50 8 0 2.17 0.00 5.16 0.153 -0.152 -0.053 0.0125 0.1615
0.4370 11 1.50 1.50 1.50 8 0 2.16 0.00 5.16 -0.091 -0.091 -0.145 0.0080 0.1390
0.4380 11 1.50 1.50 1.50 8 0 2.16 0.00 5.16 -0.182 0.031 0.130 0.0170 0.1435
0.4390 11 1.50 1.50 1.50 8 0 2.15 0.00 5.16 -0.030 -0.060 0.130 0.0125 0.1390
0.4400 11 1.50 1.50 1.50 8 0 2.14 0.00 5.16 0.031 -0.213 -0.022 0.0080 0.1660
0.4410 11 1.50 1.50 1.50 8 0 2.13 0.00 5.17 0.031 -0.182 -0.114 0.0125 0.1480
0.4420 11 1.50 1.50 1.50 8 0 2.12 0.00 5.17 0.092 0.031 -0.114 0.0170 0.1525
0.4430 11 1.50 1.50 1.50 8 0 2.11 0.00 5.16 0.062 0.092 0.222 0.0125 0.1525
0.4440 11 1.50 1.50 1.50 8 0 2.10 0.00 5.16 -0.030 0.092 0.283 0.0080 0.1525
0.4450 11 1.50 1.50 1.50 8 0 2.10 0.00 5.16 0.031 0.031 0.039 0.0170 0.1570
0.4460 11 1.50 1.50 1.50 8 0 2.09 0.00 5.16 0.001 0.092 -0.022 0.0080 0.1525
0.4470 11 1.50 1.50 1.50 8 0 2.08 0.00 5.16 0.001 0.001 -0.175 0.0170 0.1435
0.4480 11 1.50 1.50 1.50 8 0 2.07 0.00 5.16 -0.121 0.031 -0.145 0.0215 0.1435
0.4490 11 1.50 1.50 1.50 8 0 2.06 0.00 5.16 -0.152 -0.030 -0.083 0.0170 0.1525
0.4500 11 1.50 1.50 1.50 8 0 2.05 0.00 5.16 -0.182 -0.030 0.130 0.0215 0.1525
0.4510 11 1.50 1.50 1.50 8 0 2.05 0.00 5.16 -0.060 0.031 0.069 0.0035 0.1435
0.4520 11 1.50 1.50 1.50 8 0 2.04 0.00 5.16 0.031 -0.030 -0.022 0.0125 0.1570
0.4530 11 1.50 1.50 1.50 8 0 2.03 0.00 5.16 0.092 0.001 -0.175 0.0170 0.1525
0.4540 11 1.50 1.50 1.50 8 0 2.02 0.00 5.16 -0.030 -0.091 -0.175 0.0170 0.1435
0.4550 11 1.50 1.50 1.50 8 0 2.01 0.00 5.16 0.062 -0.091 -0.022 0.0170 0.1570
0.4560 11 1.50 1.50 1.50 8 0 2.01 0.00 5.16 0.153 -0.060 0.008 0.0080 0.1525
0.4570 11 1.50 1.50 1.50 8 0 0.00 0.00 5.16 -0.060 -0.030 -0.114 0.0125 0.1480
0.4580 11 1.50 1.50 1.50 8 0 0.00 0.00 5.16 0.031 -0.091 -0.083 0.0125 0.1660
0.4590 11 1.50 1.50 1.50 8 0 0.00 0.00 5.16 0.153 -0.335 -0.053 0.0080 0.1525
0.4600 11 1.50 1.50 1.50 8 0 0.00 0.00 5.16 0.123 -0.365 0.069 0.0125 0.1480
0.4610 11 1.50 1.50 1.50 8 0 0.00 0.00 5.16 -0.030 -0.152 0.313 0.0035 0.1435
0.4620 11 1.50 1.50 1.50 8 0 0.00 0.00 5.16 0.092 -0.030 0.161 0.0080 0.1525
0.4630 11 1.50 1.50 1.50 8 0 0.00 0.00 5.17 0.031 0.031 -0.083 0.0080 0.1480
0.4640 11 1.50 1.50 1.50 8 0 0.00 0.00 5.17 0.031 -0.182 0.069 0.0170 0.1435
0.4650 11 1.50 1.50 1.50 8 0 0.00 0.00 5.16 0.031 -0.274 0.069 0.0170 0.1480
0.4660 11 1.50 1.50 1.50 8 0 0.00 0.00 5.16 0.306 -0.091 -0.022 0.0215 0.1480
0.4670 11 1.50 1.50 1.50 8 0 0.00 0.00 5.16 0.184 0.031 -0.236 0.0125 0.1300
0.4680 11 1.50 1.50 1.50 8 0 0.00 0.00 5.16 -0.030 0.184 -0.022 0.0080 0.1435
0.4690 11 1.50 1.50 1.50 8 0 0.00 0.00 5.16 -0.091 0.001 0.039 0.0080 0.1435
0.4700 11 1.50 1.50 1.50 8 0 0.00 0.00 5.16 0.062 -0.243 0.008 0.0080 0.1525
0.4710 11 1.50 1.50 1.50 8 0 0.00 0.00 5.16 0.367 -0.243 0.008 0.0215 0.1435
0.4720 11 1.50 1.50 1.50 8 0 0.00 0.00 5.16 0.275 -0.060 0.069 0.0170 0.1345
0.4730 11 1.50 1.50 1.50 8 0 0.00 0.00 5.16 0.062 0.306 0.161 0.0170 0.1480
0.4740 11 1.50 1.50 1.50 8 0 0.00 0.00 5.16 -0.091 0.428 -0.114 0.0170 0.1570
0.4750 11 1.50 1.50 1.50 8 0 0.00 0.00 5.16 -0.030 0.123 0.039 0.0125 0.1480
0.4760 11 1.50 1.50 1.50 8 0 0.00 0.00 5.16 -0.030 -0.091 0.100 0.0125 0.1480
0.4770 11 1.50 1.50 1.50 8 0 0.00 0.00 5.16 0.001 -0.274 0.039 0.0215 0.1525
0.4780 11 1.50 1.50 1.50 8 0 0.00 0.00 5.16 -0.060 -0.243 0.069 0.0260 0.1390
0.4790 11 1.50 1.50 1.50 8 0 0.00 0.00 5.16 0.031 -0.121 0.161 0.0125 0.1525
0.4800 11 1.50 1.50 1.50 8 0 0.00 0.00 5.16 0.153 -0.030 -0.053 0.0170 0.1480
0.4810 11 1.50 1.50 1.50 8 0 0.00 0.00 5.16 0.184 -0.091 -0.145 0.0125 0.1480
0.4820 11 1.50 1.50 1.50 8 0 0.00 0.00 5.16 0.153 -0.091 -0.022 0.0125 0.1345
0.4830 11 1.50 1.50 1.50 8 0 0.00 0.00 5.16 0.153 -0.121 0.100 0.0170 0.1480
0.4840 11 1.50 1.50 1.50 8 0 0.00 0.00 5.18 0.062 0.001 0.191 0.0035 0.1435
0.4850 11 1.50 1.50 1.50 8 0 0.00 0.00 5.16 -0.030 -0.121 -0.022 0.0080 0.1525
0.4860 11 1.50 1.50 1.50 8 0 0.00 0.00 5.16 0.153 -0.243 -0.206 0.0125 0.1435
0.4870 11 1.50 1.50 1.50 8 0 0.00 0.00 5.17 0.153 -0.121 -0.145 0.0215 0.1435
0.4880 11 1.50 1.50 1.50 8 0 0.00 0.00 5.16 0.245 0.245 -0.083 0.0170 0.1435
0.4890 11 1.50 1.50 1.50 8 0 0.00 0.00 5.16 0.245 0.123 -0.175 0.0170 0.1480
0.4900 11 1.50 1.50 1.50 8 0 0.00 0.00 5.16 0.092 0.092 -0.053 0.0170 0.1345
0.4910 11 1.50 1.50 1.50 8 0 0.00 0.00 5.17 0.001 0.092 -0.114 0.0170 0.1480
0.4920 11 1.50 1.50 1.50 8 0 0.00 0.00 5.16 0.001 0.001 -0.053 0.0215 0.1435
0.4930 11 1.50 1.50 1.50 8 0 0.00 0.00 5.16 -0.091 -0.121 -0.175 0.0215 0.1525
0.4940 11 1.50 1.50 1.50 8 0 0.00 0.00 5.16 -0.060 -0.030 -0.328 0.0215 0.1435
0.4950 11 1.50 1.50 1.50 8 0 0.00 0.00 5.16 0.031 -0.091 -0.083 0.0080 0.1480
0.4960 11 1.50 1.50 1.50 8 0 0.00 0.00 5.16 0.031 -0.121 -0.114 0.0215 0.1435
0.4970 11 1.50 1.50 1.50 8 0 0.00 0.00 5.17 0.001 -0.060 -0.267 0.0125 0.1390
0.4980 11 1.50 1.50 1.50 8 0 0.00 0.00 5.16 0.001 -0.091 -0.175 0.0080 0.1390
0.4990 11 1.50 1.50 1.50 8 0 0.00 0.00 5.16 -0.213 -0.182 -0.083 0.0035 0.1525
0.5000 11 1.50 1.50 1.50 8 0 0.00 0.00 5.16 -0.030 -0.304 -0.175 0.0215 0.1525
0.5010 11 1.50 1.50 1.50 8 0 0.00 0.00 5.16 0.062 -0.030 -0.053 0.0170 0.1525
0.5020 11 1.50 1.50 1.50 8 0 0.00 0.00 5.16 -0.091 0.062 0.222 0.0080 0.1435
0.5030 11 1.50 1.50 1.50 8 0 0.00 0.00 5.16 0.001 -0.091 0.161 0.0080 0.1435
0.5040 11 1.50 1.50 1.50 8 0 0.00 0.00 5.16 0.184 -0.091 0.039 0.0125 0.1435
0.5050 11 1.50 1.50 1.50 8 0 0.00 0.00 5.16 0.123 0.062 -0.083 0.0125 0.1345
0.5060 11 1.50 1.50 1.50 8 0 0.00 0.00 5.17 0.275 -0.091 -0.175 0.0125 0.1480
0.5070 11 1.50 1.50 1.50 8 0 0.00 0.00 5.16 0.031 -0.121 -0.236 0.0170 0.1435
0.5080 11 1.50 1.50 1.50 8 0 0.00 0.00 5.16 -0.335 0.031 0.008 0.0080 0.1480
0.5090 11 1.50 1.50 1.50 8 0 0.00 0.00 5.16 -0.152 0.062 0.161 0.0170 0.1480
0.5100 11 1.50 1.50 1.50 8 0 0.00 0.00 5.16 0.153 0.062 0.252 0.0170 0.1570
0.5110 11 1.50 1.50 1.50 8 0 0.00 0.00 5.16 0.062 0.031 0.161 0.0125 0.1435
0.5120 11 1.50 1.50 1.50 8 0 0.00 0.00 5.16 -0.060 0.062 0.039 0.0170 0.1525
0.5130 11 1.50 1.50 1.50 8 0 0.00 0.00 5.16 -0.030 -0.091 -0.206 0.0080 0.1525
0.5140 11 1.50 1.50 1.50 8 0 0.00 0.00 5.16 0.153 -0.182 -0.236 0.0215 0.1525
0.5150 11 1.50 1.50 1.50 8 0 0.00 0.00 5.16 0.092 0.062 -0.114 0.0170 0.1570
0.5160 11 1.50 1.50 1.50 8 0 0.00 0.00 5.16 -0.091 -0.060 -0.114 0.0125 0.1435
0.5170 11 1.50 1.50 1.50 8 0 0.00 0.00 5.16 -0.152 -0.060 -0.145 0.0170 0.1390
0.5180 11 1.50 1.50 1.50 8 0 0.00 0.00 5.16 -0.121 -0.060 -0.114 0.0170 0.1570
0.5190 11 1.50 1.50 1.50 8 0 0.00 0.00 5.16 0.001 0.062 -0.053 0.0170 0.1390
0.5200 11 1.50 1.50 1.50 8 0 0.00 0.00 5.16 0.123 0.092 0.100 -0.0010 0.1570
0.5210 11 1.50 1.50 1.50 8 0 0.00 0.00 5.16 0.214 0.062 0.161 0.0215 0.1480
0.5220 11 1.50 1.50 1.50 8 0 0.00 0.00 5.16 0.092 -0.060 0.039 0.0125 0.1435
0.5230 11 1.50 1.50 1.50 8 0 0.00 0.00 5.15 -0.091 -0.091 0.008 0.0125 0.1480
0.5240 11 1.50 1.50 1.50 8 0 0.00 0.00 5.16 -0.152 0.031 -0.236 0.0170 0.1435
0.5250 11 1.50 1.50 1.50 8 0 0.00 0.00 5.16 -0.060 -0.213 -0.175 0.0080 0.1390
0.5260 11 1.50 1.50 1.50 8 0 0.00 0.00 5.16 0.275 -0.335 -0.328 0.0080 0.1435
0.5270 11 1.50 1.50 1.50 8 0 0.00 0.00 5.16 0.153 -0.152 -0.175 0.0170 0.1480
0.5280 11 1.50 1.50 1.50 8 0 0.00 0.00 5.16 -0.121 0.092 -0.145 0.0080 0.1390
0.5290 11 1.50 1.50 1.50 8 0 0.00 0.00 5.18 0.245 0.062 -0.206 0.0080 0.1345
0.5300 11 1.50 1.50 1.50 8 0 0.00 0.00 5.16 0.458 -0.121 -0.053 0.0125 0.1480
0.5310 11 1.50 1.50 1.50 8 0 0.00 0.00 5.16 0.214 -0.182 -0.083 0.0170 0.1480
0.5320 11 1.50 1.50 1.50 8 0 0.00 0.00 5.16 -0.030 -0.030 -0.083 0.0215 0.1525
0.5330 11 1.50 1.50 1.50 8 0 0.00 0.00 5.16 0.123 0.001 -0.083 0.0035 0.1435
0.5340 11 1.50 1.50 1.50 8 0 0.00 0.00 5.16 0.031 -0.060 0.100 0.0170 0.1525
0.5350 11 1.50 1.50 1.50 8 0 0.00 0.00 5.16 -0.030 0.062 0.344 0.0170 0.1435
0.5360 11 1.50 1.50 1.50 8 0 0.00 0.00 5.16 -0.060 0.001 0.100 0.0170 0.1480
0.5370 11 1.50 1.50 1.50 8 0 0.00 0.00 5.16 -0.152 -0.121 0.191 0.0170 0.1390
0.5380 11 1.50 1.50 1.50 8 0 0.00 0.00 5.16 -0.182 -0.060 0.191 0.0080 0.1435
0.5390 11 1.50 1.50 1.50 8 0 0.00 0.00 5.16 0.123 -0.091 0.130 0.0170 0.1435
0.5400 11 1.50 1.50 1.50 8 0 0.00 0.00 5.16 -0.030 -0.091 0.008 0.0260 0.1435
0.5410 11 1.50 1.50 1.50 8 0 0.00 0.00 5.16 -0.152 0.245 0.039 0.0170 0.1480
0.5420 11 1.50 1.50 1.50 8 0 0.00 0.00 5.16 0.092 0.092 0.008 0.0125 0.1525
0.5430 11 1.50 1.50 1.50 8 0 0.00 0.00 5.16 0.153 0.001 -0.114 0.0125 0.1480
0.5440 11 1.50 1.50 1.50 8 0 0.00 0.00 5.16 0.062 -0.091 -0.175 0.0080 0.1435
0.5450 11 1.50 1.50 1.50 8 0 0.00 0.00 5.16 -0.304 -0.060 -0.114 0.0035 0.1480
0.5460 11 1.50 1.50 1.50 8 0 0.00 0.00 5.16 -0.121 -0.030 -0.083 0.0080 0.1480
0.5470 11 1.50 1.50 1.50 8 0 0.00 0.00 5.16 -0.274 0.092 0.130 0.0170 0.1525
0.5480 11 1.50 1.50 1.50 8 0 0.00 0.00 5.16 -0.060 0.031 -0.022 0.0170 0.1390
0.5490 11 1.50 1.50 1.50 8 0 0.00 0.00 5.17 0.153 -0.091 -0.267 0.0080 0.1480
0.5500 11 1.50 1.50 1.50 8 0 0.00 0.00 5.16 0.153 0.001 -0.053 0.0170 0.1435
0.5510 11 1.50 1.50 1.50 8 0 0.00 0.00 5.16 0.153 0.031 0.252 0.0215 0.1435
0.5520 11 1.50 1.50 1.50 8 0 0.00 0.00 5.16 -0.030 0.276 0.161 0.0125 0.1570
0.5530 11 1.50 1.50 1.50 8 0 0.00 0.00 5.16 -0.091 0.306 -0.145 0.0260 0.1525
0.5540 11 1.50 1.50 1.50 8 0 0.00 0.00 5.16 0.001 -0.091 -0.114 0.0215 0.1480
0.5550 11 1.50 1.50 1.50 8 0 0.00 0.00 5.16 0.001 -0.304 0.008 -0.0010 0.1570
0.5560 11 1.50 1.50 1.50 8 0 0.00 0.00 5.16 0.184 -0.121 -0.083 0.0170 0.1435
0.5570 11 1.50 1.50 1.50 8 0 0.00 0.00 5.16 0.214 0.062 -0.114 0.0350 0.1435
0.5580 11 1.50 1.50 1.50 8 0 0.00 0.00 5.16 -0.030 0.123 -0.175 0.0170 0.1570
0.5590 11 1.50 1.50 1.50 8 0 0.00 0.00 5.16 -0.182 0.276 -0.114 0.0125 0.1525
0.5600 11 1.50 1.50 1.50 8 0 0.00 0.00 5.16 -0.060 0.092 -0.053 0.0215 0.1525
0.5610 11 1.50 1.50 1.50 8 0 0.00 0.00 5.16 0.001 0.062 0.039 0.0170 0.1345
0.5620 11 1.50 1.50 1.50 8 0 0.00 0.00 5.16 0.123 -0.152 -0.022 0.0125 0.1480
0.5630 11 1.50 1.50 1.50 8 0 0.00 0.00 5.16 -0.030 -0.274 -0.145 0.0170 0.1570
0.5640 11 1.50 1.50 1.50 8 0 0.00 0.00 5.16 -0.091 -0.060 -0.053 0.0170 0.1390
0.5650 11 1.50 1.50 1.50 8 0 0.00 0.00 5.16 -0.121 -0.121 0.008 0.0215 0.1435
0.5660 11 1.50 1.50 1.50 8 0 0.00 0.00 5.16 -0.243 -0.182 -0.083 0.0080 0.1480
0.5670 11 1.50 1.50 1.50 8 0 0.00 0.00 5.16 -0.304 -0.152 -0.053 0.0125 0.1435
0.5680 11 1.50 1.50 1.50 8 0 0.00 0.00 5.18 0.001 -0.121 -0.053 0.0170 0.1435
0.5690 11 1.50 1.50 1.50 8 0 0.00 0.00 5.16 0.275 -0.243 -0.053 0.0215 0.1480
0.5700 11 1.50 1.50 1.50 8 0 0.00 0.00 5.16 0.184 -0.152 0.039 0.0215 0.1390
0.5710 11 1.50 1.50 1.50 8 0 0.00 0.00 5.16 0.031 -0.304 0.069 0.0170 0.1435
0.5720 11 1.50 1.50 1.50 8 0 0.00 0.00 5.16 -0.030 -0.335 -0.053 0.0080 0.1615
0.5730 11 1.50 1.50 1.50 8 0 0.00 0.00 5.16 -0.091 0.001 -0.175 -0.0055 0.1435
0.5740 11 1.50 1.50 1.50 8 0 0.00 0.00 5.16 0.062 0.123 0.008 0.0125 0.1480
0.5750 11 1.50 1.50 1.50 8 0 0.00 0.00 5.16 0.184 -0.060 0.039 0.0170 0.1525
0.5760 11 1.50 1.50 1.50 8 0 0.00 0.00 5.16 0.001 0.001 0.100 0.0170 0.1480
0.5770 11 1.50 1.50 1.50 8 0 0.00 0.00 5.16 0.153 0.092 0.161 0.0080 0.1255
0.5780 11 1.50 1.50 1.50 8 0 0.00 0.00 5.16 0.245 0.154 -0.053 0.0215 0.1390
0.5790 11 1.50 1.50 1.50 8 0 0.00 0.00 5.16 0.062 0.001 -0.328 0.0260 0.1480
0.5800 11 1.50 1.50 1.50 8 0 0.00 0.00 5.16 0.092 -0.182 -0.206 0.0125 0.1390
0.5810 12 3.00 3.00 3.00 8 0 0.00 0.00 5.16 -0.091 -0.060 0.069 0.0260 0.1435
0.5820 12 3.00 3.00 3.00 8 0 0.00 0.00 5.16 -0.152 -0.121 0.130 0.2150 0.1165
0.5830 12 3.00 3.00 3.00 8 0 0.00 0.00 5.08 -0.060 -0.152 0.039 0.2690 0.1165
0.5840 12 3.00 3.00 3.00 8 0 0.00 0.00 5.05 0.001 -0.304 -0.267 0.3275 0.0850
0.5850 12 3.00 3.00 3.00 8 0 0.00 0.00 5.03 0.062 -0.335 -0.328 0.2420 0.0715
0.5860 12 3.00 3.00 3.00 8 0 0.00 0.00 5.06 0.001 0.001 -0.145 0.2150 0.0760
0.5870 12 3.00 3.00 3.00 8 0 0.00 0.00 5.08 0.214 0.306 0.100 0.2015 0.0985
0.5880 12 3.00 3.00 3.00 8 0 0.00 0.00 5.07 0.245 0.306 0.222 0.1565 0.0535
0.5890 12 3.00 3.00 3.00 8 0 0.00 0.00 5.09 0.123 -0.152 0.100 0.1520 0.0805
0.5900 12 3.00 3.00 3.00 8 0 0.00 0.00 5.10 0.062 -0.213 -0.053 0.1565 0.1120
0.5910 12 3.00 3.00 3.00 8 0 0.00 0.00 5.10 -0.030 -0.152 -0.022 0.2195 0.1345
0.5920 12 3.00 3.00 3.00 8 0 0.00 0.00 5.06 0.153 -0.121 -0.022 0.2645 0.1480
0.5930 12 3.00 3.00 3.00 9 0 1.32 0.00 5.04 0.092 0.001 -0.114 0.3230 0.1390
0.5940 12 3.00 3.00 3.00 9 0 0.00 0.00 5.03 0.092 0.001 -0.145 0.3725 0.1390
0.5950 12 3.00 3.00 3.00 9 0 0.00 0.00 5.00 0.062 0.245 -0.175 0.3995 0.1255
0.5960 12 3.00 3.00 3.00 9 0 0.00 0.00 4.98 0.092 0.367 0.008 0.3590 0.1480
0.5970 12 3.00 3.00 3.00 9 0 0.00 0.00 4.98 0.214 0.154 0.008 0.3680 0.1435
0.5980 12 3.00 3.00 3.00 9 0 0.00 0.00 4.97 0.123 -0.121 -0.083 0.3410 0.1390
0.5990 12 3.00 3.00 3.00 9 0 0.00 0.00 4.99 -0.304 0.092 0.252 0.3230 0.1255
0.6000 12 3.00 3.00 3.00 9 0 0.00 0.00 5.01 -0.182 -0.274 0.191 0.3500 0.0400
0.6010 12 3.00 3.00 3.00 10 0 1.37 0.00 5.03 -0.182 -0.518 -0.145 0.3455 0.0400
0.6020 12 3.00 3.00 3.00 10 0 0.00 0.00 5.04 -0.121 0.062 -0.175 0.3050 0.0400
0.6030 12 3.00 3.00 3.00 10 0 0.00 0.00 5.04 -0.091 0.276 -0.053 0.3365 0.0220
0.6040 12 3.00 3.00 3.00 10 1 0.00 0.00 5.06 0.062 -0.060 -0.206 0.3410 -0.0050
0.6050 12 3.00 3.00 3.00 10 1 0.00 0.00 5.05 -0.030 -0.060 -0.053 0.2015 0.0445
0.6060 12 3.00 3.00 3.00 11 1 1.42 0.00 5.09 -0.060 0.062 -0.206 0.2015 0.0310
0.6070 12 3.00 3.00 3.00 11 1 0.00 0.00 5.10 0.123 0.154 -0.236 0.1745 0.0490
0.6080 12 3.00 3.00 3.00 11 2 0.00 0.00 5.10 0.001 0.215 -0.022 0.1520 0.1210
0.6090 12 3.00 3.00 3.00 12 2 1.48 0.00 5.09 -0.152 0.367 -0.053 0.1565 0.1345
0.6100 12 3.00 3.00 3.00 12 2 1.48 0.00 5.08 -0.060 0.123 -0.022 0.1340 0.0850
0.6110 12 3.00 3.00 3.00 12 2 1.48 0.00 5.10 0.031 -0.243 0.039 0.0755 0.0895
0.6120 12 3.00 3.00 3.00 12 3 1.48 0.00 5.12 -0.060 -0.304 -0.022 0.1025 0.1210
0.6130 12 3.00 3.00 3.00 13 3 26.26 0.00 5.11 -0.060 -0.091 -0.206 0.1475 0.0850
0.6140 12 3.00 3.00 3.00 13 4 26.26 0.00 5.11 0.214 0.062 -0.053 0.2105 0.0400
0.6150 12 3.00 3.00 3.00 13 4 26.26 0.00 5.09 -0.030 -0.030 0.008 0.2285 0.0400
0.6160 12 3.00 3.00 3.00 14 4 33.41 0.00 5.09 -0.182 -0.243 0.252 0.2150 0.0445
0.6170 12 3.00 3.00 3.00 14 4 33.41 0.00 5.08 -0.274 0.062 0.344 0.1790 0.0355
0.6180 12 3.00 3.00 3.00 14 5 33.41 39.86 5.09 0.031 0.154 0.191 0.1790 0.0670
0.6190 12 3.00 3.00 3.00 14 5 33.41 39.86 5.10 0.275 0.123 0.008 0.1700 0.0850
0.6200 12 3.00 3.00 3.00 15 6 36.97 42.83 5.09 0.153 0.154 0.008 0.1340 0.1165
0.6210 12 3.00 3.00 3.00 15 6 36.97 42.83 5.10 0.031 0.001 0.100 0.1475 0.1030
0.6220 12 3.00 3.00 3.00 15 6 36.97 42.83 5.10 -0.121 -0.152 -0.114 0.1475 0.1075
0.6230 12 3.00 3.00 3.00 16 7 38.82 45.51 5.10 0.001 -0.060 -0.328 0.1970 0.0895
0.6240 12 3.00 3.00 3.00 16 7 38.82 45.51 5.08 -0.060 0.184 -0.145 0.1475 0.0490
0.6250 12 3.00 3.00 3.00 16 8 38.82 47.16 5.10 -0.121 0.398 0.039 0.0980 0.0715
0.6260 12 3.00 3.00 3.00 17 8 41.11 47.16 5.12 0.062 0.642 0.039 0.0620 0.0940
0.6270 12 3.00 3.00 3.00 17 8 41.11 47.16 5.13 0.367 0.520 -0.236 0.0620 0.1120
0.6280 12 3.00 3.00 3.00 17 9 41.11 49.41 5.13 0.214 0.123 -0.328 0.0620 0.1210
0.6290 12 3.00 3.00 3.00 18 9 43.11 49.41 5.13 0.062 -0.060 -0.297 0.0935 0.1165
0.6300 12 3.00 3.00 3.00 18 10 43.11 50.71 5.10 0.031 -0.182 0.039 0.0845 0.1210
0.6310 12 3.00 3.00 3.00 18 10 43.11 50.71 5.11 0.092 -0.243 0.161 0.0665 0.1255
0.6320 12 3.00 3.00 3.00 19 10 44.02 50.71 5.12 -0.060 -0.274 0.222 0.0440 0.0940
0.6330 12 3.00 3.00 3.00 19 11 44.02 52.24 5.13 -0.213 -0.213 0.100 0.0530 0.1120
0.6340 12 3.00 3.00 3.00 19 11 44.02 52.24 5.14 -0.304 0.154 0.039 0.0935 0.0715
0.6350 12 3.00 3.00 3.00 20 12 44.28 53.73 5.12 -0.152 -0.030 -0.145 0.0755 0.1075
0.6360 12 3.00 3.00 3.00 20 12 44.28 53.73 5.12 -0.182 -0.304 -0.083 0.0710 0.1030
0.6370 12 3.00 3.00 3.00 20 13 44.28 55.97 5.10 -0.182 -0.121 0.008 0.0665 0.1165
0.6380 12 3.00 3.00 3.00 21 13 43.98 55.97 5.12 0.275 0.062 -0.022 0.0755 0.1075
0.6390 12 3.00 3.00 3.00 21 14 43.98 57.51 5.12 0.397 0.398 -0.022 0.0530 0.1120
0.6400 12 3.00 3.00 3.00 21 14 43.87 57.51 5.13 0.153 0.276 0.069 0.0575 0.1075
0.6410 12 3.00 3.00 3.00 22 14 43.29 57.51 5.13 0.092 0.092 -0.022 0.0710 0.0940
0.6420 12 3.00 3.00 3.00 22 15 43.29 59.67 5.13 0.275 -0.121 -0.053 0.0890 0.0805
0.6430 12 3.00 3.00 3.00 22 15 43.29 59.67 5.12 0.001 -0.121 -0.175 0.1025 0.1030
0.6440 12 3.00 3.00 3.00 23 16 43.16 60.86 5.11 0.031 -0.030 -0.206 0.1340 0.1030
0.6450 12 3.00 3.00 3.00 23 16 43.16 60.86 5.10 0.031 0.123 -0.114 0.1025 0.0805
0.6460 12 3.00 3.00 3.00 23 17 43.16 60.60 5.11 -0.091 0.306 0.039 0.1160 0.0895
0.6470 12 3.00 3.00 3.00 24 17 42.98 60.60 5.11 0.062 0.276 0.008 0.1205 0.0850
0.6480 12 3.00 3.00 3.00 24 18 42.98 61.80 5.11 0.184 0.245 0.008 0.1295 0.0625
0.6490 12 3.00 3.00 3.00 24 18 42.98 61.80 5.11 0.153 -0.030 0.039 0.1430 0.0625
0.6500 12 3.00 3.00 3.00 25 19 42.90 65.24 5.11 0.062 -0.060 -0.053 0.1430 0.0670
0.6510 12 3.00 3.00 3.00 25 19 42.90 65.24 5.10 -0.030 -0.274 0.008 0.1340 0.0940
0.6520 12 3.00 3.00 3.00 25 20 42.90 66.76 5.10 0.031 -0.152 -0.022 0.1475 0.0760
0.6530 12 3.00 3.00 3.00 26 20 43.76 66.76 5.10 0.336 -0.121 -0.114 0.1430 0.0985
0.6540 12 3.00 3.00 3.00 26 21 43.76 66.99 5.10 0.428 -0.060 -0.083 0.0980 0.0715
0.6550 12 3.00 3.00 3.00 26 21 43.76 66.99 5.11 0.397 -0.030 -0.083 0.1250 0.0670
0.6560 12 3.00 3.00 3.00 27 22 45.17 67.53 5.11 0.214 -0.182 -0.053 0.0935 0.0580
0.6570 12 3.00 3.00 3.00 27 22 45.17 67.53 5.13 -0.060 -0.274 -0.114 0.0575 0.0760
0.6580 12 3.00 3.00 3.00 28 23 46.15 68.69 5.13 -0.091 0.092 -0.022 0.0530 0.0985
0.6590 12 3.00 3.00 3.00 28 24 46.15 68.75 5.14 -0.091 0.215 -0.053 0.0710 0.0895
0.6600 12 3.00 3.00 3.00 28 24 46.15 68.75 5.13 -0.030 0.062 -0.053 0.0980 0.0940
0.6610 12 3.00 3.00 3.00 29 24 46.15 68.75 5.12 0.123 0.184 0.008 0.1205 0.0490
0.6620 12 3.00 3.00 3.00 29 25 46.15 67.98 5.12 0.367 0.092 -0.022 0.1250 0.0670
0.6630 12 3.00 3.00 3.00 29 26 46.15 68.06 5.11 0.275 0.062 0.039 0.0935 0.0850
0.6640 12 3.00 3.00 3.00 30 26 46.24 68.06 5.12 0.184 0.031 0.191 0.1250 0.0895
0.6650 12 3.00 3.00 3.00 30 27 46.24 68.83 5.11 -0.060 0.031 0.130 0.1700 0.0715
0.6660 12 3.00 3.00 3.00 30 27 46.24 68.83 5.10 0.031 -0.060 0.100 0.1430 0.0760
0.6670 12 3.00 3.00 3.00 31 28 47.02 69.58 5.10 0.092 -0.091 -0.022 0.1610 0.0445
0.6680 12 3.00 3.00 3.00 31 28 47.02 69.58 5.10 0.001 0.031 -0.206 0.0665 0.0805
0.6690 12 3.00 3.00 3.00 32 29 47.48 70.48 5.10 0.001 0.001 -0.053 0.1025 0.1165
0.6700 12 3.00 3.00 3.00 32 29 47.48 70.48 5.11 0.092 -0.243 -0.083 0.0980 0.0760
0.6710 12 3.00 3.00 3.00 32 30 47.48 70.97 5.12 -0.091 -0.487 0.008 0.0845 0.0625
0.6720 12 3.00 3.00 3.00 33 31 47.85 71.46 5.13 -0.060 -0.396 0.039 0.0935 0.0265
0.6730 12 3.00 3.00 3.00 33 31 47.85 71.46 5.13 -0.060 -0.304 0.222 0.0935 0.0400
0.6740 12 3.00 3.00 3.00 33 32 47.85 71.52 5.13 0.062 -0.457 0.130 0.0800 0.0535
0.6750 12 3.00 3.00 3.00 34 32 48.44 71.52 5.13 -0.091 -0.243 -0.022 0.0935 0.0715
0.6760 12 3.00 3.00 3.00 34 33 48.44 70.96 5.12 -0.060 0.001 -0.145 0.1025 0.0670
0.6770 12 3.00 3.00 3.00 35 33 49.27 70.96 5.12 0.306 -0.091 -0.175 0.0530 0.0850
0.6780 12 3.00 3.00 3.00 35 34 49.27 71.09 5.14 0.336 -0.060 -0.236 0.0710 0.0850
0.6790 12 3.00 3.00 3.00 35 34 49.27 71.09 5.14 0.001 0.092 -0.175 0.0980 0.0760
0.6800 12 3.00 3.00 3.00 36 35 49.42 71.55 5.12 -0.091 0.184 -0.267 0.1250 0.0895
0.6810 12 3.00 3.00 3.00 36 36 49.42 72.25 5.11 -0.030 0.215 -0.175 0.1205 0.0760
0.6820 12 3.00 3.00 3.00 36 36 49.42 72.25 5.11 -0.030 0.092 -0.022 0.1205 0.0580
0.6830 12 3.00 3.00 3.00 37 37 49.10 74.40 5.10 0.153 -0.121 0.069 0.1250 0.0310
0.6840 12 3.00 3.00 3.00 37 37 49.10 74.40 5.12 0.245 -0.060 0.008 0.0800 0.0445
0.6850 12 3.00 3.00 3.00 38 38 49.19 74.94 5.13 0.001 0.092 0.069 0.0485 0.0805
0.6860 12 3.00 3.00 3.00 38 38 49.19 74.94 5.14 -0.152 0.154 -0.083 0.0620 0.0580
0.6870 12 3.00 3.00 3.00 38 39 49.19 73.91 5.14 0.123 0.092 -0.083 0.1295 0.0175
0.6880 12 3.00 3.00 3.00 39 40 49.13 73.86 5.12 0.031 0.092 -0.114 0.1655 0.0130
0.6890 12 3.00 3.00 3.00 39 40 49.13 73.86 5.11 -0.121 0.062 -0.236 0.1655 0.0175
0.6900 12 3.00 3.00 3.00 40 40 49.70 73.86 5.11 -0.182 0.001 -0.236 0.2105 -0.0095
0.6910 12 3.00 3.00 3.00 40 41 49.70 74.45 5.10 0.062 -0.152 -0.267 0.1745 0.0355
0.6920 12 3.00 3.00 3.00 40 42 49.70 74.43 5.11 0.275 -0.091 -0.083 0.1475 0.0670
0.6930 12 3.00 3.00 3.00 41 42 51.12 74.43 5.10 0.245 -0.274 0.100 0.1295 0.0850
0.6940 12 3.00 3.00 3.00 41 43 51.12 73.90 5.10 0.214 -0.304 0.191 0.0935 0.0805
0.6950 12 3.00 3.00 3.00 42 43 52.41 73.90 5.12 0.123 -0.121 0.039 0.0890 0.1075
0.6960 12 3.00 3.00 3.00 42 44 52.41 73.72 5.12 0.001 0.092 -0.114 0.1160 0.0535
0.6970 12 3.00 3.00 3.00 42 44 52.41 73.72 5.11 -0.091 0.184 -0.206 0.1115 0.0670
0.6980 12 3.00 3.00 3.00 43 45 54.00 74.83 5.11 0.031 0.123 -0.145 0.0800 0.0535
0.6990 12 3.00 3.00 3.00 43 46 54.00 74.75 5.13 0.001 -0.091 -0.053 0.0980 0.0715
0.7000 12 3.00 3.00 3.00 44 46 55.22 74.75 5.13 0.001 -0.030 -0.114 0.0890 0.0670
0.7010 12 3.00 3.00 3.00 44 47 55.22 73.55 5.13 0.245 0.123 -0.175 0.0710 0.0805
0.7020 12 3.00 3.00 3.00 45 47 56.42 73.55 5.13 0.336 0.184 -0.053 0.1025 0.0625
0.7030 12 3.00 3.00 3.00 45 48 56.42 73.62 5.13 0.184 0.245 -0.114 0.1520 0.0265
0.7040 12 3.00 3.00 3.00 45 48 56.42 73.62 5.11 -0.152 0.184 -0.083 0.1880 0.0085
0.7050 12 3.00 3.00 3.00 46 49 56.96 73.98 5.11 -0.152 0.062 0.100 0.1655 0.0400
0.7060 12 3.00 3.00 3.00 46 50 56.96 74.17 5.11 0.123 -0.182 0.161 0.1205 0.0805
0.7070 12 3.00 3.00 3.00 47 50 57.65 74.17 5.11 0.153 -0.243 0.069 0.0980 0.0895
0.7080 12 3.00 3.00 3.00 47 51 57.65 73.93 5.11 0.245 -0.152 -0.206 0.1250 0.0895
0.7090 12 3.00 3.00 3.00 48 51 58.36 73.93 5.11 0.062 0.001 -0.480 0.0620 0.0670
0.7100 12 3.00 3.00 3.00 48 52 58.36 73.98 5.13 0.001 0.031 -0.297 0.0395 0.0805
0.7110 12 3.00 3.00 3.00 49 52 59.19 73.98 5.15 0.031 -0.121 -0.114 0.0845 0.0715
0.7120 12 3.00 3.00 3.00 49 53 59.19 75.07 5.13 0.031 0.031 -0.083 0.1070 0.0715
0.7130 12 3.00 3.00 3.00 50 54 59.34 75.18 5.12 0.092 -0.091 0.008 0.1205 0.0715
0.7140 12 3.00 3.00 3.00 50 54 59.34 75.18 5.12 0.092 0.031 -0.022 0.1025 0.0265
0.7150 12 3.00 3.00 3.00 50 55 59.34 74.79 5.12 0.275 0.154 -0.175 0.0980 0.0580
0.7160 12 3.00 3.00 3.00 51 55 58.76 74.79 5.12 0.306 0.062 -0.145 0.0800 0.0580
0.7170 12 3.00 3.00 3.00 51 56 58.76 74.98 5.13 0.214 -0.060 0.008 0.0710 0.0985
0.7180 12 3.00 3.00 3.00 52 57 58.63 75.96 5.12 0.153 0.001 -0.114 0.0890 0.0760
0.7190 12 3.00 3.00 3.00 52 57 58.63 75.96 5.12 0.092 0.092 -0.145 0.0755 0.0940
0.7200 12 3.00 3.00 3.00 53 58 59.58 76.51 5.11 0.153 -0.060 -0.236 0.1115 0.0580
0.7210 12 3.00 3.00 3.00 53 58 59.58 76.51 5.12 0.184 -0.030 -0.083 0.1070 0.0490
0.7220 12 3.00 3.00 3.00 54 59 59.67 77.62 5.12 0.123 0.306 0.222 0.1610 0.0310
0.7230 12 3.00 3.00 3.00 54 60 59.67 77.82 5.11 0.001 0.215 0.100 0.1835 0.0310
0.7240 12 3.00 3.00 3.00 54 60 59.67 77.82 5.10 -0.060 0.001 -0.053 0.1475 0.0445
0.7250 12 3.00 3.00 3.00 55 61 59.21 75.91 5.10 -0.030 -0.060 -0.053 0.1070 0.0715
0.7260 12 3.00 3.00 3.00 55 61 59.21 75.91 5.11 0.123 -0.091 0.130 0.0620 0.0805
0.7270 12 3.00 3.00 3.00 56 62 59.85 76.06 5.13 0.123 0.092 0.161 0.0440 0.0985
0.7280 12 3.00 3.00 3.00 56 62 59.85 76.06 5.12 -0.091 0.123 0.008 0.0350 0.1120
0.7290 12 3.00 3.00 3.00 57 63 60.91 78.80 5.13 -0.182 0.031 -0.175 0.1025 0.0715
0.7300 12 3.00 3.00 3.00 57 64 60.91 79.59 5.12 -0.060 0.001 -0.022 0.1250 0.0625
0.7310 12 3.00 3.00 3.00 58 64 61.65 79.59 5.11 -0.030 0.123 0.069 0.1205 0.0895
0.7320 12 3.00 3.00 3.00 58 65 61.65 78.84 5.11 -0.304 0.092 0.069 0.0935 0.0715
0.7330 12 3.00 3.00 3.00 59 66 62.04 79.05 5.11 -0.060 0.001 0.130 0.0665 0.0805
0.7340 12 3.00 3.00 3.00 59 66 62.04 79.05 5.12 0.245 -0.060 0.039 0.0620 0.0715
0.7350 12 3.00 3.00 3.00 60 67 61.99 79.84 5.14 0.306 -0.182 -0.053 0.0890 0.0580
0.7360 12 3.00 3.00 3.00 60 67 61.99 79.84 5.13 0.153 -0.091 -0.022 0.1070 0.0580
0.7370 12 3.00 3.00 3.00 61 68 62.27 79.50 5.13 0.092 0.123 0.039 0.0440 0.0985
0.7380 12 3.00 3.00 3.00 61 68 62.27 79.50 5.13 0.092 0.123 0.191 0.0260 0.0895
0.7390 12 3.00 3.00 3.00 62 69 62.65 78.20 5.14 0.245 -0.060 0.191 0.0440 0.0895
0.7400 12 3.00 3.00 3.00 62 70 62.65 77.79 5.13 0.275 -0.121 0.008 0.0485 0.0895
0.7410 12 3.00 3.00 3.00 63 70 62.03 77.79 5.13 0.184 -0.060 -0.053 0.0440 0.1075
0.7420 12 3.00 3.00 3.00 63 71 62.03 77.76 5.13 -0.030 -0.121 -0.206 0.0485 0.0850
0.7430 12 3.00 3.00 3.00 63 72 61.67 77.84 5.14 0.062 0.154 -0.145 0.0710 0.1030
0.7440 12 3.00 3.00 3.00 64 72 61.35 77.84 5.13 -0.030 0.092 0.100 0.0350 0.0580
0.7450 12 3.00 3.00 3.00 64 73 61.35 77.85 5.14 -0.030 -0.182 0.100 0.0530 0.1075
0.7460 12 3.00 3.00 3.00 65 73 60.31 77.85 5.13 -0.243 -0.335 -0.114 0.0575 0.0850
0.7470 12 3.00 3.00 3.00 65 74 60.31 77.83 5.13 -0.213 -0.121 0.039 0.0350 0.0805
0.7480 12 3.00 3.00 3.00 66 74 59.10 77.83 5.14 0.367 0.184 -0.022 0.0305 0.0670
0.7490 12 3.00 3.00 3.00 66 75 59.10 78.09 5.13 0.611 0.550 0.039 0.0350 0.0850
0.7500 12 3.00 3.00 3.00 67 76 58.67 78.04 5.15 0.306 0.337 0.008 0.0530 0.0580
0.7510 12 3.00 3.00 3.00 67 76 58.67 78.04 5.14 0.123 0.215 -0.145 0.0665 0.0850
0.7520 12 3.00 3.00 3.00 67 77 58.46 77.32 5.13 0.062 0.123 -0.053 0.0620 0.0760
0.7530 12 3.00 3.00 3.00 68 77 58.03 77.32 5.13 0.062 0.062 0.008 0.1025 0.0760
0.7540 12 3.00 3.00 3.00 68 78 58.03 77.52 5.12 -0.121 -0.091 0.069 0.1070 0.0580
0.7550 12 3.00 3.00 3.00 69 79 57.21 77.86 5.12 -0.030 -0.060 0.130 0.1205 0.0715
0.7560 12 3.00 3.00 3.00 69 79 57.21 77.86 5.12 0.245 0.031 -0.083 0.1295 0.0760
0.7570 12 3.00 3.00 3.00 70 80 57.41 78.41 5.11 0.336 -0.091 -0.114 0.0935 0.0670
0.7580 12 3.00 3.00 3.00 70 80 57.41 78.41 5.11 0.214 -0.335 -0.022 0.0755 0.0670
0.7590 12 3.00 3.00 3.00 71 81 58.12 80.32 5.13 -0.304 -0.060 0.069 0.0575 0.0625
0.7600 12 3.00 3.00 3.00 71 82 58.12 80.70 5.13 -0.243 0.092 0.100 0.0395 0.0715
0.7610 12 3.00 3.00 3.00 71 82 58.12 80.70 5.14 0.062 -0.152 -0.083 0.0350 0.0625
0.7620 12 3.00 3.00 3.00 72 83 58.48 79.56 5.14 0.123 -0.365 -0.083 0.0260 0.0760
0.7630 12 3.00 3.00 3.00 72 84 58.48 79.47 5.15 0.031 -0.365 -0.236 0.0485 0.0760
0.7640 12 3.00 3.00 3.00 73 84 57.89 79.47 5.14 0.062 -0.091 -0.175 0.0980 0.0535
0.7650 12 3.00 3.00 3.00 73 85 57.89 80.13 5.13 0.001 0.062 -0.022 0.0710 0.0715
0.7660 12 3.00 3.00 3.00 74 85 57.54 80.13 5.13 0.245 0.154 0.161 0.0980 0.0760
0.7670 12 3.00 3.00 3.00 74 86 57.54 80.08 5.13 0.153 -0.060 0.252 0.1475 0.0940
0.7680 12 3.00 3.00 3.00 75 87 57.95 79.46 5.11 -0.030 -0.182 0.100 0.1340 0.0445
0.7690 12 3.00 3.00 3.00 75 87 57.95 79.46 5.12 -0.121 0.031 0.161 0.1340 0.0760
0.7700 12 3.00 3.00 3.00 75 88 57.95 79.26 5.11 -0.182 0.062 0.008 0.0800 0.0895
0.7710 12 3.00 3.00 3.00 76 88 58.09 79.26 5.12 -0.060 0.123 -0.358 0.0890 0.0625
0.7720 12 3.00 3.00 3.00 76 89 58.09 80.28 5.12 0.123 -0.091 -0.145 0.0755 0.0670
0.7730 12 3.00 3.00 3.00 77 90 57.92 80.01 5.13 0.214 -0.060 -0.083 0.0980 0.0535
0.7740 12 3.00 3.00 3.00 77 90 57.92 80.01 5.13 0.123 -0.091 0.069 0.0845 0.0625
0.7750 12 3.00 3.00 3.00 78 91 58.29 78.45 5.15 0.001 -0.091 0.161 0.0575 0.0715
0.7760 12 3.00 3.00 3.00 78 91 58.29 78.45 5.14 0.092 -0.060 0.130 0.0755 0.0580
0.7770 12 3.00 3.00 3.00 79 92 58.89 78.17 5.14 0.001 -0.121 -0.175 0.0260 0.0670
0.7780 12 3.00 3.00 3.00 79 93 58.89 78.18 5.14 -0.030 -0.243 -0.297 0.0530 0.0805
0.7790 12 3.00 3.00 3.00 80 93 58.41 78.18 5.14 -0.121 -0.060 -0.236 0.0890 0.0670
0.7800 12 3.00 3.00 3.00 80 94 58.41 78.11 5.13 -0.030 -0.091 -0.175 0.0980 0.1075
0.7810 12 3.00 3.00 3.00 80 94 58.41 78.11 5.11 0.001 -0.030 -0.083 0.0980 0.0895
0.7820 12 3.00 3.00 3.00 81 95 57.35 77.69 5.11 -0.091 0.031 -0.267 0.0980 0.0670
0.7830 12 3.00 3.00 3.00 81 96 57.35 77.62 5.11 0.092 0.215 -0.114 0.0485 0.0625
0.7840 12 3.00 3.00 3.00 82 96 56.85 77.62 5.13 0.611 0.092 0.039 0.0215 0.0895
0.7850 12 3.00 3.00 3.00 82 97 56.85 78.64 5.14 0.489 -0.121 0.161 0.0710 0.0625
0.7860 12 3.00 3.00 3.00 82 97 56.85 78.64 5.13 0.153 -0.091 0.130 0.1340 0.0400
0.7870 12 3.00 3.00 3.00 83 98 56.33 78.71 5.12 -0.030 0.062 -0.083 0.1565 0.0355
0.7880 12 3.00 3.00 3.00 83 98 56.33 78.71 5.11 0.092 0.031 -0.145 0.1655 0.0130
0.7890 12 3.00 3.00 3.00 84 99 56.69 78.09 5.11 0.123 0.245 -0.206 0.1790 0.0175
0.7900 12 3.00 3.00 3.00 84 100 56.69 78.21 5.11 -0.121 0.184 -0.145 0.1250 0.0535
0.7910 12 3.00 3.00 3.00 85 100 57.92 78.21 5.12 0.092 0.123 0.008 0.1340 0.0715
0.7920 12 3.00 3.00 3.00 85 101 57.92 79.12 5.12 0.001 0.184 -0.022 0.0890 0.0805
0.7930 12 3.00 3.00 3.00 86 102 59.02 79.54 5.11 -0.213 -0.060 -0.175 0.0845 0.0805
0.7940 12 3.00 3.00 3.00 86 102 59.02 79.54 5.13 -0.213 0.031 -0.175 0.1070 0.0445
0.7950 12 3.00 3.00 3.00 87 103 60.29 80.83 5.12 -0.121 0.031 -0.267 0.0530 0.0670
0.7960 12 3.00 3.00 3.00 87 103 60.29 80.83 5.13 0.153 0.092 -0.236 0.0980 0.0715
0.7970 12 3.00 3.00 3.00 88 104 61.10 81.19 5.14 0.031 0.031 0.008 0.0935 0.0760
0.7980 12 3.00 3.00 3.00 88 105 61.10 79.30 5.14 0.001 0.031 0.222 0.0800 0.0805
0.7990 12 3.00 3.00 3.00 88 105 61.10 79.30 5.13 -0.060 -0.152 0.252 0.0935 0.0805
0.8000 12 3.00 3.00 3.00 89 106 61.80 79.64 5.12 -0.030 -0.121 -0.022 0.1340 0.0445
0.8010 12 3.00 3.00 3.00 89 107 61.80 82.09 5.12 -0.152 -0.121 -0.053 0.1925 0.0265
0.8020 12 3.00 3.00 3.00 90 107 62.04 82.09 5.10 -0.213 -0.274 -0.022 0.1610 0.0445
0.8030 12 3.00 3.00 3.00 90 108 62.04 82.48 5.11 -0.091 -0.335 0.069 0.1205 0.0760
0.8040 12 3.00 3.00 3.00 91 108 62.44 82.48 5.12 0.184 -0.121 0.130 0.1340 0.1030
0.8050 12 3.00 3.00 3.00 91 109 62.44 81.28 5.11 0.062 -0.091 0.100 0.1025 0.0760
0.8060 12 3.00 3.00 3.00 92 110 63.15 81.06 5.13 0.001 0.062 0.100 0.0530 0.0715
0.8070 12 3.00 3.00 3.00 92 110 63.15 81.06 5.13 0.275 0.001 0.191 0.0530 0.0895
0.8080 12 3.00 3.00 3.00 93 111 63.92 81.70 5.14 0.367 -0.121 0.191 0.0890 0.0580
0.8090 12 3.00 3.00 3.00 93 112 63.92 81.40 5.14 0.245 0.062 0.222 0.0935 0.0400
0.8100 12 3.00 3.00 3.00 94 112 63.90 81.40 5.13 0.092 0.154 0.313 0.1295 0.0580
0.8110 12 3.00 3.00 3.00 94 113 63.90 80.25 5.12 -0.091 0.092 0.039 0.1070 0.0535
0.8120 12 3.00 3.00 3.00 95 113 63.08 80.25 5.12 0.001 -0.060 -0.236 0.0800 0.0760
0.8130 12 3.00 3.00 3.00 95 114 63.08 80.02 5.13 0.367 -0.060 -0.145 0.0620 0.0940
0.8140 12 3.00 3.00 3.00 96 115 62.78 80.20 5.14 0.458 -0.091 -0.267 0.0575 0.1030
0.8150 12 3.00 3.00 3.00 96 115 62.78 80.20 5.13 0.092 -0.121 -0.175 0.0530 0.0895
0.8160 12 3.00 3.00 3.00 97 116 63.65 80.54 5.13 -0.030 -0.091 -0.297 0.1205 0.0625
0.8170 12 3.00 3.00 3.00 97 116 63.65 80.54 5.12 0.184 -0.121 -0.389 0.1160 0.0670
0.8180 12 3.00 3.00 3.00 98 117 63.56 80.87 5.11 0.245 -0.213 -0.175 0.1655 0.0445
0.8190 12 3.00 3.00 3.00 98 118 63.56 81.06 5.09 0.062 -0.091 0.039 0.1745 0.0265
0.8200 12 3.00 3.00 3.00 99 118 62.83 81.06 5.11 -0.121 0.062 0.100 0.1160 0.0445
0.8210 12 3.00 3.00 3.00 99 119 62.83 81.44 5.12 0.031 0.031 0.100 0.0665 0.0490
0.8220 12 3.00 3.00 3.00 100 120 63.27 81.42 5.13 0.123 0.031 -0.022 0.0260 0.0760
0.8230 12 3.00 3.00 3.00 100 120 63.27 81.42 5.15 0.306 -0.091 -0.145 0.0305 0.0850
0.8240 12 3.00 3.00 3.00 101 121 64.17 80.71 5.14 0.123 -0.182 -0.145 0.0575 0.0850
0.8250 12 3.00 3.00 3.00 101 121 64.17 80.71 5.13 0.214 -0.060 0.100 0.0980 0.0760
0.8260 12 3.00 3.00 3.00 102 122 64.78 80.75 5.12 0.214 0.092 0.222 0.0845 0.0805
0.8270 12 3.00 3.00 3.00 102 123 64.78 81.03 5.13 -0.152 0.062 0.039 0.0710 0.0940
0.8280 12 3.00 3.00 3.00 103 123 64.96 81.03 5.13 -0.213 0.031 -0.236 0.0800 0.0895
0.8290 12 3.00 3.00 3.00 103 124 64.96 81.43 5.12 0.092 0.001 -0.389 0.0890 0.0985
0.8300 12 3.00 3.00 3.00 104 124 64.76 81.43 5.12 0.153 0.062 -0.389 0.0935 0.0535
0.8310 12 3.00 3.00 3.00 104 125 64.76 83.24 5.12 0.031 0.062 -0.145 0.0980 0.0445
0.8320 12 3.00 3.00 3.00 105 126 64.88 83.62 5.13 0.092 -0.060 0.252 0.0350 0.0760
0.8330 12 3.00 3.00 3.00 105 126 64.88 83.62 5.14 0.123 -0.182 0.222 0.0170 0.0715
0.8340 12 3.00 3.00 3.00 106 127 65.08 82.40 5.16 0.092 -0.152 0.039 0.0170 0.0670
0.8350 12 3.00 3.00 3.00 106 128 65.08 82.26 5.15 0.062 0.123 -0.175 0.0440 0.0625
0.8360 12 3.00 3.00 3.00 107 128 64.68 82.26 5.14 0.031 0.123 -0.022 0.0215 0.0895
0.8370 12 3.00 3.00 3.00 107 129 64.68 82.74 5.15 0.031 -0.335 0.161 0.0260 0.0850
0.8380 12 3.00 3.00 3.00 108 130 64.33 82.50 5.15 -0.060 -0.518 0.191 0.0485 0.0850
0.8390 12 3.00 3.00 3.00 108 130 64.33 82.50 5.13 -0.213 -0.304 -0.053 0.0530 0.1120
0.8400 12 3.00 3.00 3.00 108 131 63.72 81.69 5.12 0.001 -0.121 -0.175 0.0305 0.1030
0.8410 12 3.00 3.00 3.00 109 132 63.63 81.45 5.14 0.336 -0.152 -0.236 0.0530 0.1075
0.8420 12 3.00 3.00 3.00 109 132 62.92 81.45 5.13 0.275 -0.121 -0.053 0.0485 0.1030
0.8430 12 3.00 3.00 3.00 110 133 62.76 82.60 5.13 0.062 0.001 -0.114 0.0440 0.0760
0.8440 12 3.00 3.00 3.00 110 133 62.76 82.60 5.14 0.153 0.001 -0.114 0.0395 0.0670
0.8450 12 3.00 3.00 3.00 111 134 62.42 82.58 5.16 0.123 -0.030 -0.114 0.0530 0.0895
0.8460 12 3.00 3.00 3.00 111 135 62.42 81.22 5.14 0.153 0.031 -0.236 0.0350 0.0670
0.8470 12 3.00 3.00 3.00 112 135 61.68 81.22 5.14 0.153 0.154 -0.175 0.0800 0.0670
0.8480 12 3.00 3.00 3.00 112 136 61.68 81.06 5.14 0.428 0.062 -0.145 0.0800 0.0715
0.8490 12 3.00 3.00 3.00 113 136 60.58 81.06 5.13 0.336 0.154 0.008 0.0935 0.0490
0.8500 12 3.00 3.00 3.00 113 137 60.58 81.11 5.14 0.001 0.215 -0.145 0.0800 0.0715
0.8510 12 3.00 3.00 3.00 114 138 60.49 81.07 5.14 0.062 0.092 -0.114 0.0980 0.1075
0.8520 12 3.00 3.00 3.00 114 138 60.49 81.07 5.12 0.062 -0.182 0.161 0.0890 0.1030
0.8530 12 3.00 3.00 3.00 114 139 60.49 80.64 5.12 0.153 -0.274 -0.022 0.0935 0.0715
0.8540 12 3.00 3.00 3.00 115 140 60.68 80.49 5.12 0.062 -0.243 -0.297 0.0485 0.0625
0.8550 12 3.00 3.00 3.00 115 140 60.68 80.49 5.14 -0.152 -0.091 -0.236 0.0305 0.0940
0.8560 12 3.00 3.00 3.00 116 141 60.63 81.47 5.14 -0.182 0.154 0.069 0.0350 0.0805
0.8570 12 3.00 3.00 3.00 116 141 60.63 81.47 5.14 -0.060 0.123 0.161 0.0755 0.0850
0.8580 12 3.00 3.00 3.00 117 142 59.67 81.47 5.13 -0.030 -0.121 -0.053 0.0980 0.0535
0.8590 12 3.00 3.00 3.00 117 143 59.67 80.68 5.12 -0.152 -0.213 -0.053 0.0575 0.0670
0.8600 12 3.00 3.00 3.00 118 143 59.15 80.68 5.14 -0.030 -0.213 0.100 0.0845 0.0625
0.8610 12 3.00 3.00 3.00 118 144 59.15 80.64 5.13 0.245 0.031 0.130 0.1340 0.0445
0.8620 12 3.00 3.00 3.00 119 144 59.59 80.64 5.12 0.123 -0.152 -0.083 0.1385 0.0715
0.8630 12 3.00 3.00 3.00 119 145 59.59 81.26 5.11 -0.152 -0.304 -0.236 0.1250 0.0580
0.8640 12 3.00 3.00 3.00 120 146 59.73 81.52 5.11 0.031 0.001 -0.145 0.0620 0.0940
0.8650 12 3.00 3.00 3.00 120 146 59.73 81.52 5.13 0.123 0.276 -0.114 0.0800 0.0490
0.8660 12 3.00 3.00 3.00 120 147 59.73 82.64 5.13 0.062 0.550 -0.114 0.0890 0.0715
0.8670 12 3.00 3.00 3.00 121 148 59.58 82.90 5.13 0.062 0.306 0.039 0.1205 0.0670
0.8680 12 3.00 3.00 3.00 121 148 59.58 82.90 5.12 0.092 0.123 -0.022 0.0845 0.0760
0.8690 12 3.00 3.00 3.00 122 149 59.98 81.01 5.12 -0.030 0.062 -0.145 0.0800 0.0760
0.8700 12 3.00 3.00 3.00 122 150 59.98 81.22 5.13 -0.091 0.001 0.008 0.0755 0.0670
0.8710 12 3.00 3.00 3.00 123 150 60.74 81.22 5.13 -0.152 0.184 0.069 0.0350 0.0985
0.8720 12 3.00 3.00 3.00 123 151 60.74 83.97 5.14 -0.274 0.123 0.100 0.0710 0.0940
0.8730 12 3.00 3.00 3.00 124 152 60.65 84.57 5.12 -0.366 -0.152 0.161 0.0845 0.0805
0.8740 12 3.00 3.00 3.00 124 152 60.65 84.57 5.13 0.062 -0.274 0.039 0.1025 0.0850
0.8750 12 3.00 3.00 3.00 125 153 59.91 83.41 5.11 0.245 -0.243 -0.206 0.1025 0.0850
0.8760 12 3.00 3.00 3.00 125 153 59.91 83.41 5.11 0.062 -0.152 -0.083 0.0935 0.0760
0.8770 12 3.00 3.00 3.00 125 154 59.90 83.24 5.12 0.031 -0.304 -0.114 0.0395 0.0670
0.8780 12 3.00 3.00 3.00 126 155 59.60 83.70 5.14 0.153 -0.365 -0.145 0.0530 0.0805
0.8790 12 3.00 3.00 3.00 126 155 59.60 83.70 5.14 0.184 -0.091 -0.083 0.1115 0.0490
0.8800 12 3.00 3.00 3.00 127 156 59.15 83.19 5.13 0.123 -0.121 -0.022 0.1520 0.0445
0.8810 12 3.00 3.00 3.00 127 156 59.15 83.19 5.12 0.275 -0.091 0.069 0.1835 0.0175
0.8820 12 3.00 3.00 3.00 128 157 59.20 81.79 5.11 0.214 -0.030 -0.022 0.1790 0.0220
0.8830 12 3.00 3.00 3.00 128 158 59.20 81.43 5.11 0.245 -0.060 -0.114 0.1385 0.0490
0.8840 12 3.00 3.00 3.00 129 158 59.96 81.43 5.11 0.275 0.092 0.008 0.1205 0.0625
0.8850 12 3.00 3.00 3.00 129 159 59.96 81.47 5.12 0.123 0.031 0.130 0.0890 0.0625
0.8860 12 3.00 3.00 3.00 130 160 60.70 81.72 5.13 0.092 0.031 0.130 0.0755 0.0940
0.8870 12 3.00 3.00 3.00 130 160 60.70 81.72 5.12 0.092 0.184 -0.175 0.1160 0.0670
0.8880 12 3.00 3.00 3.00 131 161 61.68 81.94 5.12 0.031 0.276 -0.145 0.0980 0.0985
0.8890 12 3.00 3.00 3.00 131 162 61.68 82.07 5.11 0.306 0.306 -0.145 0.1025 0.0580
0.8900 12 3.00 3.00 3.00 132 162 62.56 82.07 5.11 0.245 0.123 -0.114 0.0845 0.0580
0.8910 12 3.00 3.00 3.00 132 163 62.56 82.35 5.13 0.306 -0.091 0.069 0.0530 0.0715
0.8920 12 3.00 3.00 3.00 133 164 63.61 82.35 5.14 0.245 -0.030 0.008 0.0755 0.0445
0.8930 12 3.00 3.00 3.00 133 164 63.61 82.35 5.14 0.092 0.031 -0.022 0.1475 0.0310
0.8940 12 3.00 3.00 3.00 134 164 64.09 81.68 5.12 0.001 0.092 -0.022 0.1700 0.0220
0.8950 12 3.00 3.00 3.00 134 165 64.09 81.52 5.11 -0.182 -0.121 -0.206 0.1610 0.0400
0.8960 12 3.00 3.00 3.00 135 166 64.55 81.53 5.10 -0.243 -0.213 0.069 0.1115 0.0580
0.8970 12 3.00 3.00 3.00 135 166 64.55 81.47 5.13 0.092 -0.304 -0.022 0.0980 0.0715
0.8980 12 3.00 3.00 3.00 136 167 65.37 81.42 5.12 0.062 -0.243 0.008 0.1025 0.1120
0.8990 12 3.00 3.00 3.00 136 168 65.37 81.48 5.11 -0.030 -0.487 -0.083 0.0710 0.1075
0.9000 12 3.00 3.00 3.00 137 168 66.43 81.48 5.12 0.031 -0.579 -0.145 0.0890 0.0670
0.9010 12 3.00 3.00 3.00 137 169 66.43 83.07 5.12 0.092 -0.365 -0.083 0.0890 0.0400
0.9020 12 3.00 3.00 3.00 138 170 66.66 83.16 5.13 -0.060 0.123 0.130 0.1025 0.0490
0.9030 12 3.00 3.00 3.00 138 170 66.66 83.16 5.13 0.031 0.123 0.008 0.0935 0.0355
0.9040 12 3.00 3.00 3.00 139 171 66.10 81.96 5.13 0.062 0.154 0.039 0.0710 0.0490
0.9050 12 3.00 3.00 3.00 139 172 66.10 81.99 5.14 0.092 0.031 0.100 0.0530 0.0760
0.9060 12 3.00 3.00 3.00 140 172 65.90 81.99 5.14 0.153 0.062 0.161 0.0440 0.0715
0.9070 12 3.00 3.00 3.00 140 173 65.90 82.68 5.14 0.123 0.031 0.039 0.0350 0.0805
0.9080 12 3.00 3.00 3.00 141 173 66.78 82.68 5.14 0.062 0.031 -0.114 0.0890 0.0670
0.9090 12 3.00 3.00 3.00 141 174 66.78 82.75 5.13 0.184 -0.213 -0.145 0.1295 0.0850
0.9100 12 3.00 3.00 3.00 142 175 66.54 82.17 5.11 0.214 -0.152 0.069 0.1520 0.0490
0.9110 12 3.00 3.00 3.00 142 175 66.54 82.17 5.11 0.123 -0.213 0.069 0.1790 0.0490
0.9120 12 3.00 3.00 3.00 143 176 65.47 82.00 5.10 0.001 -0.335 0.283 0.1205 0.0625
0.9130 12 3.00 3.00 3.00 143 177 65.47 83.32 5.11 0.031 -0.243 -0.022 0.0575 0.0850
0.9140 12 3.00 3.00 3.00 144 177 65.50 83.32 5.12 0.062 -0.060 -0.114 0.0305 0.0805
0.9150 12 3.00 3.00 3.00 144 178 65.50 83.31 5.14 0.092 -0.030 -0.053 0.0350 0.1120
0.9160 12 3.00 3.00 3.00 145 178 65.88 83.31 5.15 0.062 -0.060 -0.022 0.0575 0.0805
0.9170 12 3.00 3.00 3.00 145 179 65.88 81.91 5.14 -0.091 -0.121 -0.114 0.0845 0.0580
0.9180 12 3.00 3.00 3.00 146 180 66.13 81.80 5.14 0.001 -0.243 -0.114 0.0620 0.0445
0.9190 12 3.00 3.00 3.00 146 180 66.13 81.80 5.13 0.123 -0.396 0.100 0.0665 0.0490
0.9200 12 3.00 3.00 3.00 147 181 66.12 81.85 5.13 0.153 -0.243 0.161 0.0350 0.0940
0.9210 12 3.00 3.00 3.00 147 182 66.12 81.76 5.14 -0.091 -0.335 -0.022 0.0845 0.1030
0.9220 12 3.00 3.00 3.00 148 182 65.86 81.76 5.12 -0.152 -0.213 -0.236 0.1160 0.0670
0.9230 12 3.00 3.00 3.00 148 183 65.86 81.34 5.11 0.214 0.123 -0.206 0.1385 0.0625
0.9240 12 3.00 3.00 3.00 149 183 66.01 81.34 5.11 0.184 0.062 -0.022 0.0260 0.0760
0.9250 12 3.00 3.00 3.00 149 184 66.01 81.31 5.13 0.245 -0.152 -0.022 0.0125 0.0940
0.9260 12 3.00 3.00 3.00 150 185 66.30 82.36 5.16 0.092 -0.152 -0.145 0.0395 0.0805
0.9270 12 3.00 3.00 3.00 150 185 66.30 82.36 5.14 0.184 -0.030 -0.267 0.0440 0.0805
0.9280 12 3.00 3.00 3.00 151 186 66.06 82.41 5.14 0.001 0.062 0.008 0.0215 0.0715
0.9290 12 3.00 3.00 3.00 151 187 66.06 81.82 5.14 0.092 0.062 0.283 0.0170 0.0895
0.9300 12 3.00 3.00 3.00 152 187 65.86 81.82 5.15 0.092 0.001 0.222 0.0260 0.0895
0.9310 12 3.00 3.00 3.00 152 188 65.86 81.84 5.15 -0.091 -0.121 0.008 0.0125 0.1075
0.9320 12 3.00 3.00 3.00 153 188 65.27 81.84 5.14 -0.121 -0.365 -0.053 0.0485 0.0985
0.9330 12 3.00 3.00 3.00 153 189 65.27 82.59 5.13 -0.030 -0.426 -0.022 0.0530 0.1075
0.9340 12 3.00 3.00 3.00 154 190 64.47 82.82 5.13 -0.213 -0.243 -0.145 0.0440 0.0940
0.9350 12 3.00 3.00 3.00 154 190 64.47 82.82 5.13 -0.152 -0.304 -0.175 0.0395 0.0625
0.9360 12 3.00 3.00 3.00 155 191 64.18 83.80 5.14 0.001 -0.518 -0.175 0.0440 0.0850
0.9370 12 3.00 3.00 3.00 155 192 64.18 83.89 5.14 0.092 -0.365 0.069 0.0485 0.1075
0.9380 12 3.00 3.00 3.00 156 192 63.45 83.89 5.13 0.123 -0.335 0.039 0.0710 0.0940
0.9390 12 3.00 3.00 3.00 156 193 63.45 81.71 5.12 0.184 -0.213 -0.083 0.0935 0.0760
0.9400 12 3.00 3.00 3.00 157 194 62.39 81.97 5.12 -0.060 0.001 -0.114 0.0980 0.0580
0.9410 12 3.00 3.00 3.00 157 194 62.39 81.97 5.13 -0.030 0.031 -0.022 0.0665 0.0760
0.9420 12 3.00 3.00 3.00 158 195 62.33 84.82 5.13 0.031 0.031 0.191 0.0980 0.0670
0.9430 12 3.00 3.00 3.00 158 196 62.33 85.42 5.11 0.031 0.031 0.130 0.0890 0.0940
0.9440 12 3.00 3.00 3.00 158 196 62.33 85.42 5.12 0.245 0.001 -0.297 0.1025 0.0805
0.9450 12 3.00 3.00 3.00 159 197 62.75 84.43 5.12 0.245 -0.030 -0.480 0.0845 0.0940
0.9460 12 3.00 3.00 3.00 159 198 62.75 84.53 5.12 0.062 0.031 -0.236 0.0440 0.0895
0.9470 12 3.00 3.00 3.00 160 198 62.91 84.53 5.13 -0.091 0.092 -0.022 0.0215 0.0895
0.9480 12 3.00 3.00 3.00 160 199 62.91 85.26 5.15 0.092 0.031 0.008 0.0440 0.0715
0.9490 12 3.00 3.00 3.00 161 200 61.90 85.01 5.14 -0.030 0.154 -0.175 0.0845 0.0625
0.9500 12 3.00 3.00 3.00 161 200 61.90 85.01 5.13 -0.060 0.031 -0.267 0.0845 0.0625
0.9510 12 3.00 3.00 3.00 162 201 61.23 83.80 5.12 0.001 -0.060 -0.022 0.1070 0.0715
0.9520 12 3.00 3.00 3.00 162 201 61.23 83.80 5.13 0.245 0.001 0.130 0.1115 0.0580
0.9530 12 3.00 3.00 3.00 163 202 61.41 83.46 5.12 0.367 0.215 0.069 0.1340 0.0535
0.9540 12 3.00 3.00 3.00 163 203 61.41 83.56 5.12 0.275 0.276 -0.022 0.0980 0.0760
0.9550 12 3.00 3.00 3.00 164 203 61.34 83.56 5.12 0.123 0.123 -0.083 0.0845 0.0715
0.9560 12 3.00 3.00 3.00 164 204 61.34 83.59 5.13 -0.060 0.123 0.130 0.0935 0.0850
0.9570 12 3.00 3.00 3.00 165 204 61.20 83.59 5.12 0.062 0.092 0.008 0.1070 0.0760
0.9580 12 3.00 3.00 3.00 165 205 61.20 83.54 5.12 0.153 0.092 0.100 0.1070 0.0670
0.9590 12 3.00 3.00 3.00 166 206 61.77 83.50 5.12 0.214 0.123 0.161 0.0710 0.0580
0.9600 12 3.00 3.00 3.00 166 206 61.77 83.50 5.13 0.397 -0.030 -0.053 0.0665 0.0580
0.9610 12 3.00 3.00 3.00 166 207 61.77 83.70 5.14 0.336 0.031 0.008 0.0350 0.0580
0.9620 12 3.00 3.00 3.00 167 208 62.68 83.74 5.15 0.031 0.062 0.130 0.0440 0.0670
0.9630 12 3.00 3.00 3.00 168 208 62.64 83.74 5.15 -0.152 0.001 0.100 0.0845 0.0760
0.9640 12 3.00 3.00 3.00 168 209 62.64 82.93 5.13 -0.182 -0.030 0.069 0.0800 0.0850
0.9650 12 3.00 3.00 3.00 168 210 62.64 82.98 5.13 -0.030 -0.091 -0.083 0.0845 0.0760
0.9660 12 3.00 3.00 3.00 169 210 61.96 82.98 5.13 -0.060 -0.091 -0.145 0.0845 0.0805
0.9670 12 3.00 3.00 3.00 169 211 61.96 83.11 5.13 0.123 0.123 -0.145 0.0665 0.1075
0.9680 12 3.00 3.00 3.00 170 212 61.58 83.42 5.11 0.184 0.154 0.069 0.0575 0.1030
0.9690 12 3.00 3.00 3.00 170 212 61.58 83.42 5.13 0.184 -0.030 0.069 0.1115 0.0760
0.9700 12 3.00 3.00 3.00 171 213 61.02 85.12 5.11 -0.213 -0.152 -0.022 0.1250 0.0310
0.9710 12 3.00 3.00 3.00 171 214 61.02 85.25 5.13 -0.060 -0.335 -0.022 0.1655 0.0175
0.9720 12 3.00 3.00 3.00 172 214 61.11 85.25 5.12 0.245 -0.274 -0.022 0.1880 0.0220
0.9730 12 3.00 3.00 3.00 172 215 61.11 83.85 5.11 -0.030 -0.030 -0.022 0.1205 0.0220
0.9740 12 3.00 3.00 3.00 173 215 61.99 83.70 5.12 -0.213 -0.030 -0.053 0.1025 0.0490
0.9750 12 3.00 3.00 3.00 173 216 61.99 83.65 5.13 -0.091 -0.121 -0.236 0.0935 0.0625
0.9760 12 3.00 3.00 3.00 174 217 62.94 84.43 5.11 0.123 -0.182 0.008 0.0665 0.0670
0.9770 12 3.00 3.00 3.00 174 217 62.94 84.43 5.14 0.092 -0.121 -0.145 0.1025 0.0400
0.9780 12 3.00 3.00 3.00 175 218 64.01 84.44 5.13 0.031 0.184 -0.114 0.0755 0.1120
0.9790 12 3.00 3.00 3.00 175 219 64.01 83.75 5.12 0.062 0.367 -0.175 0.1025 0.0715
0.9800 12 3.00 3.00 3.00 176 219 64.75 83.75 5.12 0.062 0.215 -0.053 0.0890 0.1030
0.9810 12 3.00 3.00 3.00 176 220 64.75 83.60 5.12 0.092 0.031 -0.022 0.0890 0.0760
0.9820 12 3.00 3.00 3.00 177 221 65.34 84.84 5.12 0.153 0.154 -0.053 0.0980 0.0625
0.9830 12 3.00 3.00 3.00 177 221 65.34 84.84 5.12 0.214 0.245 -0.114 0.1475 0.0265
0.9840 12 3.00 3.00 3.00 178 222 65.44 84.68 5.12 0.123 0.123 -0.175 0.1610 0.0220
0.9850 12 3.00 3.00 3.00 178 222 65.44 84.68 5.11 0.062 0.001 -0.053 0.1205 0.0310
0.9860 12 3.00 3.00 3.00 179 223 65.67 83.21 5.12 0.123 0.031 0.008 0.0890 0.0625
0.9870 12 3.00 3.00 3.00 179 224 65.67 82.99 5.13 0.001 0.123 0.069 0.0800 0.0580
0.9880 12 3.00 3.00 3.00 180 224 66.36 82.99 5.13 -0.091 0.184 0.008 0.0665 0.0580
0.9890 12 3.00 3.00 3.00 180 225 66.36 83.09 5.12 0.062 0.184 0.069 0.0485 0.0895
0.9900 12 3.00 3.00 3.00 181 226 67.44 83.04 5.14 0.153 0.031 0.039 0.1115 0.0895
0.9910 12 3.00 3.00 3.00 181 226 67.44 83.04 5.12 0.214 -0.243 0.130 0.1115 0.0850
0.9920 12 3.00 3.00 3.00 182 227 67.72 82.57 5.13 -0.060 -0.182 0.222 0.1250 0.0760
0.9930 12 3.00 3.00 3.00 182 228 67.72 82.53 5.11 -0.091 0.092 0.191 0.0890 0.0580
0.9940 12 3.00 3.00 3.00 183 228 67.18 82.53 5.13 0.123 0.367 0.008 0.0620 0.0715
0.9950 12 3.00 3.00 3.00 183 229 67.18 83.59 5.13 0.275 0.306 -0.022 0.0395 0.0850
0.9960 12 3.00 3.00 3.00 184 230 66.94 83.59 5.14 0.062 0.123 -0.022 0.0440 0.0850
0.9970 12 3.00 3.00 3.00 184 230 66.94 83.59 5.14 0.092 -0.121 0.161 0.0395 0.0850
0.9980 12 3.00 3.00 3.00 185 231 67.78 82.80 5.14 0.275 -0.243 0.100 0.0800 0.0625
0.9990 12 3.00 3.00 3.00 185 231 67.78 82.80 5.14 0.031 -0.274 -0.145 0.1025 0.0445
1.0000 12 3.00 3.00 3.00 186 232 67.50 82.57 5.13 -0.274 -0.274 0.008 0.1520 0.0400
1.0010 12 3.00 3.00 3.00 186 233 67.50 83.14 5.11 -0.366 -0.274 0.008 0.1565 0.0535
1.0020 12 3.00 3.00 3.00 187 233 66.47 83.14 5.10 -0.274 -0.335 -0.022 0.1115 0.0625
1.0030 12 3.00 3.00 3.00 187 234 66.47 83.32 5.12 -0.091 -0.121 0.008 0.0440 0.0805
1.0040 12 3.00 3.00 3.00 188 234 66.62 83.32 5.13 0.062 0.123 -0.114 0.0305 0.0850
1.0050 12 3.00 3.00 3.00 188 235 66.62 84.39 5.16 0.001 0.031 -0.114 0.0305 0.0940
1.0060 12 3.00 3.00 3.00 189 236 67.11 84.76 5.14 -0.121 0.001 -0.083 0.0980 0.0625
1.0070 12 3.00 3.00 3.00 189 236 67.11 84.76 5.12 0.123 0.245 -0.022 0.0845 0.0850
1.0080 12 3.00 3.00 3.00 190 237 67.42 82.63 5.12 -0.030 0.276 0.100 0.0665 0.0805
1.0090 12 3.00 3.00 3.00 190 238 67.42 82.88 5.13 -0.213 0.306 -0.022 0.0575 0.0715
1.0100 12 3.00 3.00 3.00 191 238 67.34 82.88 5.14 0.001 0.184 0.039 0.0440 0.0940
1.0110 12 3.00 3.00 3.00 191 239 67.30 85.58 5.14 0.214 0.062 -0.022 0.0845 0.0715
1.0120 12 3.00 3.00 3.00 192 240 67.04 86.08 5.13 -0.030 -0.121 -0.114 0.1250 0.0670
1.0130 12 3.00 3.00 3.00 193 240 67.08 86.08 5.11 -0.213 -0.335 -0.145 0.0980 0.1030
1.0140 12 3.00 3.00 3.00 193 241 67.08 85.00 5.11 -0.091 -0.365 -0.083 0.0530 0.1075
1.0150 12 3.00 3.00 3.00 194 242 67.22 85.03 5.13 0.031 -0.304 -0.236 0.0440 0.0850
1.0160 12 3.00 3.00 3.00 194 242 67.22 85.03 5.14 -0.060 -0.060 -0.083 0.0305 0.0940
1.0170 12 3.00 3.00 3.00 194 243 67.09 85.75 5.14 -0.121 0.215 -0.022 0.0260 0.1075
1.0180 12 3.00 3.00 3.00 195 244 66.80 85.43 5.14 0.031 0.154 -0.083 0.0080 0.0895
1.0190 12 3.00 3.00 3.00 196 244 66.48 85.43 5.14 0.062 0.031 0.008 0.0395 0.0805
1.0200 12 3.00 3.00 3.00 196 245 66.48 84.01 5.12 0.153 -0.121 -0.206 0.0125 0.0985
1.0210 12 3.00 3.00 3.00 197 246 65.85 83.52 5.15 0.397 0.092 -0.053 0.0260 0.1075
1.0220 12 3.00 3.00 3.00 197 246 65.85 83.52 5.14 0.214 -0.091 0.039 0.0485 0.0940
1.0230 12 3.00 3.00 3.00 198 247 65.03 83.58 5.13 0.031 -0.152 0.069 0.0530 0.1030
1.0240 12 3.00 3.00 3.00 198 248 65.03 83.63 5.12 -0.243 -0.030 0.069 0.0575 0.1075
1.0250 12 3.00 3.00 3.00 198 248 65.03 83.63 5.13 0.001 0.184 0.069 0.0620 0.0805
1.0260 12 3.00 3.00 3.00 199 249 64.76 83.79 5.13 0.245 0.123 -0.145 0.0710 0.1210
1.0270 12 3.00 3.00 3.00 199 249 64.69 83.79 5.14 -0.121 0.001 0.100 0.0710 0.0895
1.0280 12 3.00 3.00 3.00 200 250 64.06 83.95 5.13 -0.304 0.062 0.283 0.0890 0.0535
1.0290 12 3.00 3.00 3.00 200 251 64.06 84.30 5.14 0.092 0.123 -0.083 0.0890 0.0400
1.0300 12 3.00 3.00 3.00 201 251 62.98 84.30 5.13 0.367 0.031 -0.419 0.0665 0.0400
1.0310 12 3.00 3.00 3.00 201 252 62.98 84.33 5.13 0.092 0.031 -0.206 0.0800 0.0625
1.0320 12 3.00 3.00 3.00 202 252 62.93 84.33 5.14 -0.030 -0.030 0.008 0.0800 0.0490
1.0330 12 3.00 3.00 3.00 202 253 62.93 83.46 5.12 0.062 -0.152 -0.083 0.0890 0.0805
1.0340 12 3.00 3.00 3.00 203 254 63.36 83.39 5.13 0.336 0.062 0.191 0.0755 0.0715
1.0350 12 3.00 3.00 3.00 203 254 63.36 83.39 5.13 0.123 0.001 0.039 0.0440 0.0670
1.0360 12 3.00 3.00 3.00 204 255 63.50 83.41 5.14 -0.182 -0.030 0.069 0.0575 0.1165
1.0370 12 3.00 3.00 3.00 204 256 63.50 83.63 5.13 -0.396 0.001 -0.022 0.0620 0.1210
1.0380 12 3.00 3.00 3.00 205 256 62.76 83.63 5.12 -0.274 -0.030 0.008 0.0935 0.0670
1.0390 12 3.00 3.00 3.00 205 257 62.76 85.30 5.12 0.001 -0.121 -0.114 0.0575 0.0625
1.0400 12 3.00 3.00 3.00 206 258 62.37 85.67 5.15 0.062 -0.213 -0.114 0.0800 0.0625
1.0410 12 3.00 3.00 3.00 206 258 62.37 85.67 5.14 -0.060 -0.030 -0.083 0.0980 0.0355
1.0420 12 3.00 3.00 3.00 207 259 62.79 84.49 5.13 -0.182 0.092 -0.206 0.1205 0.0310
1.0430 12 3.00 3.00 3.00 207 260 62.79 84.48 5.12 -0.030 0.215 -0.328 0.0935 0.0535
1.0440 12 3.00 3.00 3.00 208 260 62.84 84.48 5.13 0.092 0.245 -0.145 0.0755 0.0580
1.0450 12 3.00 3.00 3.00 208 261 62.84 85.37 5.14 -0.091 0.367 -0.022 0.0755 0.0670
1.0460 12 3.00 3.00 3.00 209 262 62.56 85.33 5.13 0.062 0.306 -0.053 0.0800 0.0625
1.0470 12 3.00 3.00 3.00 209 262 62.56 85.33 5.14 -0.091 0.245 -0.114 0.1025 0.0895
1.0480 12 3.00 3.00 3.00 210 263 62.88 84.71 5.11 -0.182 0.215 -0.022 0.0890 0.0985
1.0490 12 3.00 3.00 3.00 210 264 62.88 84.55 5.13 0.001 0.001 0.191 0.0935 0.0760
1.0500 12 3.00 3.00 3.00 211 264 63.53 84.55 5.12 0.275 -0.243 0.191 0.0575 0.0760
1.0510 12 3.00 3.00 3.00 211 265 63.53 85.74 5.12 0.214 -0.060 -0.022 0.0485 0.0715
1.0520 12 3.00 3.00 3.00 212 266 63.35 85.69 5.14 0.123 -0.060 -0.175 0.0620 0.0625
1.0530 12 3.00 3.00 3.00 212 266 63.35 85.69 5.14 0.001 -0.091 -0.358 0.0665 0.0670
1.0540 12 3.00 3.00 3.00 212 267 63.35 84.19 5.13 0.031 0.001 -0.328 0.0755 0.0625
1.0550 12 3.00 3.00 3.00 213 267 62.51 84.08 5.12 -0.060 0.031 -0.114 0.0935 0.0490
1.0560 12 3.00 3.00 3.00 213 268 62.51 84.01 5.13 0.031 -0.030 0.100 0.0305 0.0805
1.0570 12 3.00 3.00 3.00 214 269 62.23 84.13 5.14 0.062 -0.182 0.100 0.0350 0.0805
1.0580 12 3.00 3.00 3.00 214 269 62.23 84.13 5.14 0.306 -0.030 0.100 0.1115 0.0715
1.0590 12 3.00 3.00 3.00 215 270 61.90 84.03 5.12 0.214 0.245 -0.083 0.1610 0.0580
1.0600 12 3.00 3.00 3.00 215 271 61.90 83.56 5.10 -0.182 0.489 -0.083 0.1700 0.0625
1.0610 12 3.00 3.00 3.00 216 271 62.08 83.56 5.10 -0.030 0.123 -0.297 0.1610 0.0175
1.0620 12 3.00 3.00 3.00 216 272 62.08 83.49 5.12 0.245 -0.091 -0.297 0.1250 0.0400
1.0630 12 3.00 3.00 3.00 217 273 62.80 84.61 5.12 0.092 -0.060 -0.053 0.0935 0.0490
1.0640 12 3.00 3.00 3.00 217 273 62.80 84.61 5.13 0.092 -0.152 -0.053 0.0800 0.0580
1.0650 12 3.00 3.00 3.00 218 274 63.46 84.69 5.12 0.062 -0.091 -0.083 0.0755 0.0760
1.0660 12 3.00 3.00 3.00 218 274 63.46 84.69 5.13 0.123 0.062 -0.053 0.0980 0.0400
1.0670 12 3.00 3.00 3.00 219 275 64.26 83.85 5.13 0.062 0.001 -0.175 0.0665 0.0625
1.0680 12 3.00 3.00 3.00 219 276 64.26 83.82 5.13 0.092 -0.304 -0.175 0.0890 0.0760
1.0690 12 3.00 3.00 3.00 220 276 65.01 83.82 5.12 -0.030 0.031 0.039 0.0935 0.0895
1.0700 12 3.00 3.00 3.00 220 277 65.01 84.42 5.11 -0.396 -0.060 0.039 0.0845 0.0805
1.0710 12 3.00 3.00 3.00 221 278 66.03 84.56 5.11 -0.274 -0.243 -0.114 0.1115 0.0490
1.0720 12 3.00 3.00 3.00 221 278 66.03 84.56 5.12 0.031 -0.243 -0.114 0.1655 0.0355
1.0730 12 3.00 3.00 3.00 222 279 66.52 85.66 5.12 -0.121 -0.243 0.069 0.1610 0.0220
1.0740 12 3.00 3.00 3.00 222 280 66.52 85.88 5.11 -0.030 -0.030 0.069 0.1115 0.0625
1.0750 12 3.00 3.00 3.00 223 280 67.04 85.88 5.12 0.092 0.154 0.130 0.0890 0.0625
1.0760 12 3.00 3.00 3.00 223 281 67.04 83.69 5.12 0.001 0.092 0.039 0.1025 0.0670
1.0770 12 3.00 3.00 3.00 224 282 67.79 83.86 5.13 0.153 -0.060 -0.267 0.0665 0.0670
1.0780 12 3.00 3.00 3.00 224 282 67.79 83.86 5.13 0.184 -0.152 0.039 0.0575 0.0625
1.0790 12 3.00 3.00 3.00 225 283 68.86 86.47 5.14 0.001 -0.121 0.222 0.0890 0.0715
1.0800 12 3.00 3.00 3.00 225 284 68.86 86.84 5.13 -0.030 0.215 0.191 0.1160 0.0760
1.0810 12 3.00 3.00 3.00 226 284 69.10 86.84 5.12 0.001 0.337 0.161 0.1295 0.0940
1.0820 100 6.00 6.00 6.00 226 285 68.71 85.79 5.11 0.153 0.123 0.008 0.0935 0.0850
1.0830 100 6.00 6.00 6.00 227 286 68.50 85.80 5.12 0.062 -0.060 0.008 0.6200 -0.1850
1.0840 100 6.00 6.00 6.00 228 286 68.62 85.80 4.91 0.001 -0.121 -0.114 0.6965 -0.2165
1.0850 100 6.00 6.00 6.00 228 287 68.62 87.32 4.85 0.062 -0.213 -0.175 0.6920 -0.2210
1.0860 100 6.00 6.00 6.00 229 288 71.04 88.58 4.83 0.153 -0.121 0.069 0.7415 -0.2480
1.0870 100 6.00 6.00 6.00 229 288 71.04 88.58 4.82 0.153 -0.030 0.161 0.8540 -0.3245
1.0880 100 6.00 6.00 6.00 230 289 73.24 90.63 4.77 0.306 -0.335 0.100 1.1285 -0.4955
1.0890 100 6.00 6.00 6.00 231 290 75.74 93.75 4.68 0.214 -0.274 -0.145 1.0880 -0.5180
1.0900 100 6.00 6.00 6.00 231 291 75.74 97.98 4.67 -0.121 0.001 -0.083 0.9890 -0.4235
1.0910 100 6.00 6.00 6.00 232 292 80.19 101.73 4.70 -0.091 0.062 0.039 0.7865 -0.2525
1.0920 100 6.00 6.00 6.00 233 292 85.47 101.73 4.77 0.123 -0.121 -0.083 0.7235 -0.2345
1.0930 100 6.00 6.00 6.00 234 293 90.13 106.26 4.81 -0.182 0.184 -0.145 0.8855 -0.3245
1.0940 100 6.00 6.00 6.00 234 294 90.13 109.08 4.75 0.092 -0.030 -0.175 0.8225 -0.3290
1.0950 100 6.00 6.00 6.00 235 295 95.78 112.52 4.77 0.245 -0.274 -0.053 0.6020 -0.2030
1.0960 100 6.00 6.00 6.00 236 296 99.34 115.10 4.87 -0.030 -0.091 0.069 0.7235 -0.2300
1.0970 100 6.00 6.00 6.00 237 297 103.12 117.74 4.84 -0.121 0.276 0.130 0.7190 -0.2210
1.0980 100 6.00 6.00 6.00 238 298 106.42 120.47 4.80 -0.152 0.001 -0.114 0.5030 -0.1085
1.0990 100 6.00 6.00 6.00 238 299 106.42 123.31 4.89 0.001 -0.182 -0.206 0.5525 -0.1175
1.1000 100 6.00 6.00 6.00 239 300 108.65 125.95 4.89 0.306 -0.091 -0.236 0.6245 -0.1715
1.1010 100 6.00 6.00 6.00 240 301 110.42 131.16 4.85 0.184 -0.060 -0.145 0.4760 -0.1265
1.1020 100 6.00 6.00 6.00 241 302 111.74 133.07 4.91 -0.121 0.123 0.161 0.4625 -0.1040
1.1030 100 6.00 6.00 6.00 242 303 112.54 132.87 4.94 -0.121 0.062 0.191 0.4625 -0.0905
1.1040 100 6.00 6.00 6.00 243 304 114.75 134.19 4.93 0.123 -0.365 0.100 0.5525 -0.1400
1.1050 100 6.00 6.00 6.00 244 305 115.53 137.71 4.89 0.031 -0.365 0.191 0.5525 -0.1625
1.1060 100 6.00 6.00 6.00 245 306 115.36 139.68 4.90 0.092 0.031 0.161 0.6740 -0.1985
1.1070 100 6.00 6.00 6.00 245 308 115.36 141.55 4.85 0.123 0.123 -0.114 0.6650 -0.2165
1.1080 100 6.00 6.00 6.00 246 309 116.84 146.46 4.85 0.092 -0.030 -0.083 0.6155 -0.2030
1.1090 100 6.00 6.00 6.00 247 310 119.45 147.73 4.86 0.153 0.062 0.039 0.4805 -0.1220
1.1100 100 6.00 6.00 6.00 248 311 121.24 147.58 4.92 -0.182 0.001 0.039 0.4850 -0.1310
1.1110 100 6.00 6.00 6.00 249 312 121.94 148.81 4.92 -0.121 -0.213 0.069 0.5390 -0.1805
1.1120 100 6.00 6.00 6.00 250 313 123.40 150.98 4.91 0.153 -0.304 -0.206 0.5525 -0.1805
1.1130 100 6.00 6.00 6.00 251 314 126.21 152.32 4.91 -0.030 0.154 -0.083 0.6200 -0.2030
1.1140 100 6.00 6.00 6.00 252 316 127.52 153.47 4.87 0.031 0.306 -0.022 0.4670 -0.1535
1.1150 100 6.00 6.00 6.00 253 317 127.63 156.91 4.93 0.031 0.031 -0.053 0.4670 -0.1490
1.1160 100 6.00 6.00 6.00 254 318 128.80 157.75 4.95 0.306 0.031 -0.236 0.4940 -0.1445
1.1170 100 6.00 6.00 6.00 255 319 131.03 157.38 4.94 0.489 0.123 -0.206 0.3950 -0.1085
1.1180 100 6.00 6.00 6.00 256 320 131.87 158.15 4.97 0.336 0.184 -0.206 0.4715 -0.1085
1.1190 100 6.00 6.00 6.00 257 322 131.91 160.84 4.94 -0.060 0.154 0.039 0.4490 -0.1175
1.1200 100 6.00 6.00 6.00 258 323 132.65 163.93 4.94 -0.060 0.398 0.008 0.4175 -0.1085
1.1210 100 6.00 6.00 6.00 259 324 133.38 164.57 4.97 0.245 0.703 0.161 0.6155 -0.2300
1.1220 100 6.00 6.00 6.00 260 326 134.25 161.09 4.90 -0.335 0.092 0.252 0.6425 -0.2570
1.1230 100 6.00 6.00 6.00 261 327 136.10 166.98 4.88 -0.182 -0.487 -0.053 0.5210 -0.1580
1.1240 100 6.00 6.00 6.00 262 328 137.65 168.24 4.92 0.245 -0.670 -0.083 0.5345 -0.1535
1.1250 100 6.00 6.00 6.00 264 329 139.84 166.19 4.91 0.062 -0.670 0.100 0.5660 -0.1760
1.1260 100 6.00 6.00 6.00 265 331 142.88 168.04 4.89 -0.121 -0.304 0.069 0.4445 -0.1310
1.1270 100 6.00 6.00 6.00 266 332 143.77 169.90 4.95 -0.121 0.092 0.130 0.6020 -0.2165
1.1280 100 6.00 6.00 6.00 267 333 143.86 169.69 4.91 0.275 0.337 -0.114 0.4805 -0.1445
1.1290 100 6.00 6.00 6.00 268 335 144.93 170.73 4.94 0.336 0.337 -0.114 0.4400 -0.1130
1.1300 100 6.00 6.00 6.00 269 336 147.24 172.02 4.95 0.031 0.001 0.008 0.4895 -0.1400
1.1310 100 6.00 6.00 6.00 270 337 148.11 173.00 4.93 0.153 0.337 -0.022 0.5255 -0.1760
1.1320 100 6.00 6.00 6.00 272 339 148.54 173.83 4.92 0.184 0.611 0.100 0.3815 -0.1130
1.1330 100 6.00 6.00 6.00 273 340 151.95 174.82 4.96 0.123 0.184 0.100 0.3680 -0.0905
1.1340 100 6.00 6.00 6.00 274 341 152.39 173.88 4.99 0.001 -0.213 -0.236 0.5840 -0.2030
1.1350 100 6.00 6.00 6.00 275 343 150.16 174.77 4.92 -0.366 -0.243 -0.175 0.5750 -0.2300
1.1360 100 6.00 6.00 6.00 276 344 150.85 175.72 4.91 -0.152 -0.365 0.069 0.4805 -0.1220
1.1370 100 6.00 6.00 6.00 277 345 152.49 179.61 4.91 -0.091 -0.701 0.100 0.4175 -0.1355
1.1380 100 6.00 6.00 6.00 278 347 153.63 179.30 4.96 -0.396 -0.548 0.039 0.3905 -0.1085
1.1390 100 6.00 6.00 6.00 280 348 155.63 178.69 4.99 -0.182 0.062 0.069 0.4130 -0.0995
1.1400 100 6.00 6.00 6.00 281 349 157.03 181.01 4.97 0.245 0.703 0.161 0.4310 -0.1265
1.1410 100 6.00 6.00 6.00 282 351 157.90 181.38 4.96 0.367 0.550 -0.053 0.3905 -0.0815
1.1420 100 6.00 6.00 6.00 283 352 157.88 181.47 4.95 0.214 0.184 -0.053 0.3590 -0.0860
1.1430 100 6.00 6.00 6.00 285 354 158.28 185.54 4.97 0.031 0.215 -0.083 0.2645 -0.0365
1.1440 100 6.00 6.00 6.00 286 355 158.49 184.32 5.02 -0.030 0.154 0.039 0.2780 -0.0275
1.1450 100 6.00 6.00 6.00 287 356 160.18 184.72 5.02 0.153 0.123 0.069 0.3320 -0.0905
1.1460 100 6.00 6.00 6.00 288 358 160.13 186.09 5.01 0.123 0.092 0.039 0.4400 -0.0815
1.1470 100 6.00 6.00 6.00 289 359 158.56 186.10 4.96 0.031 0.245 -0.114 0.4175 -0.1535
1.1480 100 6.00 6.00 6.00 291 361 159.56 187.84 4.95 0.123 0.489 0.039 0.3500 -0.0905
1.1490 100 6.00 6.00 6.00 292 362 160.82 189.57 5.00 -0.121 0.123 -0.083 0.2870 -0.0545
1.1500 100 6.00 6.00 6.00 293 364 159.86 187.99 5.01 -0.091 -0.274 0.039 0.3275 -0.0770
1.1510 100 6.00 6.00 6.00 294 365 160.27 189.62 5.01 0.184 -0.457 0.222 0.4130 -0.1175
1.1520 100 6.00 6.00 6.00 296 367 162.78 191.38 4.96 0.092 -0.426 0.130 0.3995 -0.1265
1.1530 100 6.00 6.00 6.00 297 368 161.78 193.08 4.98 -0.121 -0.213 -0.083 0.3860 -0.1040
1.1540 100 6.00 6.00 6.00 298 370 162.24 188.22 4.97 -0.274 -0.121 -0.175 0.3410 -0.1040
1.1550 100 6.00 6.00 6.00 299 371 164.00 193.63 4.99 0.123 -0.030 -0.114 0.3185 -0.0590
1.1560 100 6.00 6.00 6.00 301 372 163.96 194.29 5.01 0.123 -0.152 -0.206 0.3995 -0.0680
1.1570 100 6.00 6.00 6.00 302 374 163.72 190.93 4.96 0.001 -0.152 -0.267 0.3050 -0.0500
1.1580 100 6.00 6.00 6.00 303 376 163.75 193.08 5.00 0.031 -0.060 -0.206 0.4130 -0.1355
1.1590 100 6.00 6.00 6.00 304 377 163.91 192.00 4.99 0.153 0.062 -0.053 0.4895 -0.1805
1.1600 100 6.00 6.00 6.00 306 378 164.48 192.03 4.97 -0.213 0.123 -0.114 0.3815 -0.0905
1.1610 100 6.00 6.00 6.00 307 380 164.05 192.83 4.98 -0.366 0.092 -0.267 0.4175 -0.0995
1.1620 100 6.00 6.00 6.00 308 381 164.36 193.61 4.96 -0.060 0.154 -0.145 0.3860 -0.0995
1.1630 100 6.00 6.00 6.00 309 383 165.75 194.24 4.97 0.367 -0.060 -0.053 0.4490 -0.1670
1.1640 100 6.00 6.00 6.00 311 384 166.02 194.83 4.98 0.306 -0.030 0.161 0.3860 -0.1265
1.1650 100 6.00 6.00 6.00 312 386 166.50 193.26 4.98 -0.213 -0.152 0.069 0.3455 -0.0950
1.1660 100 6.00 6.00 6.00 313 387 168.44 193.35 4.99 -0.152 -0.152 -0.053 0.4040 -0.0950
1.1670 100 6.00 6.00 6.00 315 389 168.83 195.56 4.97 -0.152 0.062 -0.022 0.4040 -0.1085
1.1680 100 6.00 6.00 6.00 316 390 168.91 198.06 4.98 -0.060 0.092 -0.145 0.2690 -0.0545
1.1690 100 6.00 6.00 6.00 317 392 172.14 195.24 5.03 0.245 -0.030 -0.083 0.3680 -0.0770
1.1700 100 6.00 6.00 6.00 318 393 172.58 197.35 5.01 0.001 -0.030 0.222 0.4895 -0.1760
1.1710 100 6.00 6.00 6.00 320 395 170.52 196.93 4.97 0.275 0.092 0.344 0.4040 -0.0950
1.1720 100 6.00 6.00 6.00 321 396 172.29 196.23 4.95 0.184 -0.060 0.191 0.3635 -0.0905
1.1730 100 6.00 6.00 6.00 322 398 172.92 200.06 4.98 0.062 -0.060 0.161 0.3005 -0.0455
1.1740 100 6.00 6.00 6.00 324 399 173.99 198.04 5.01 0.245 -0.091 0.069 0.3275 -0.0770
1.1750 100 6.00 6.00 6.00 325 401 174.75 198.52 5.02 0.001 0.031 0.161 0.3050 -0.0590
1.1760 100 6.00 6.00 6.00 326 402 175.10 198.96 5.02 -0.213 0.154 -0.053 0.3365 -0.0635
1.1770 100 6.00 6.00 6.00 328 404 174.69 198.32 4.99 -0.182 0.154 0.039 0.2060 -0.0275
1.1780 100 6.00 6.00 6.00 329 406 174.38 201.15 5.03 0.062 0.123 0.222 0.2015 -0.0185
1.1790 100 6.00 6.00 6.00 330 407 174.29 199.42 5.07 0.245 0.123 0.039 0.2105 -0.0275
1.1800 100 6.00 6.00 6.00 332 409 175.66 200.08 5.06 -0.213 -0.152 -0.175 0.3320 -0.0770
1.1810 100 6.00 6.00 6.00 333 410 173.50 200.99 5.02 0.123 -0.030 -0.083 0.3635 -0.1130
1.1820 100 6.00 6.00 6.00 334 412 173.41 204.03 4.99 0.153 -0.091 0.008 0.3095 -0.0500
1.1830 100 6.00 6.00 6.00 336 413 174.27 198.56 5.01 -0.152 -0.091 -0.145 0.2510 -0.0410
1.1840 100 6.00 6.00 6.00 337 415 172.42 201.45 5.03 0.123 0.001 -0.145 0.2915 -0.0320
1.1850 100 6.00 6.00 6.00 338 416 172.29 204.54 5.03 -0.060 0.092 0.008 0.3815 -0.0905
1.1860 100 6.00 6.00 6.00 340 418 174.34 200.38 4.98 0.153 0.092 0.100 0.3905 -0.1040
1.1870 100 6.00 6.00 6.00 341 419 172.67 202.21 4.97 0.031 0.245 0.161 0.3140 -0.0905
1.1880 100 6.00 6.00 6.00 342 421 172.88 201.50 5.02 -0.213 -0.213 0.069 0.2960 -0.0545
1.1890 100 6.00 6.00 6.00 344 422 174.54 200.76 5.03 -0.243 -0.213 0.008 0.2645 -0.0230
1.1900 100 6.00 6.00 6.00 345 424 173.56 201.37 5.03 -0.243 -0.548 -0.358 0.3365 -0.0770
1.1910 100 6.00 6.00 6.00 346 425 173.45 201.94 4.99 -0.335 -1.006 -0.175 0.3275 -0.0815
1.1920 100 6.00 6.00 6.00 348 427 173.31 202.15 5.00 0.092 -0.548 -0.022 0.4220 -0.1670
1.1930 100 6.00 6.00 6.00 349 428 174.34 202.66 4.99 0.153 -0.243 -0.114 0.3680 -0.1355
1.1940 100 6.00 6.00 6.00 350 430 174.78 201.05 5.00 0.062 0.215 -0.206 0.3185 -0.0725
1.1950 100 6.00 6.00 6.00 352 432 175.27 201.50 5.01 0.245 0.520 0.008 0.3860 -0.0725
1.1960 100 6.00 6.00 6.00 353 433 177.13 205.50 4.97 0.336 0.276 0.161 0.3635 -0.1310
1.1970 100 6.00 6.00 6.00 354 435 177.20 204.25 4.99 -0.152 0.154 0.130 0.3860 -0.1400
1.1980 100 6.00 6.00 6.00 356 436 175.76 202.73 5.00 -0.182 0.245 -0.053 0.3185 -0.0950
1.1990 100 6.00 6.00 6.00 357 438 176.97 204.69 5.01 -0.091 -0.121 -0.145 0.3095 -0.0545
1.2000 100 6.00 6.00 6.00 359 440 176.64 203.20 5.01 0.275 -0.426 -0.206 0.3770 -0.0500
1.2010 100 6.00 6.00 6.00 360 441 176.36 206.77 4.98 0.336 -0.426 -0.236 0.2825 -0.0725
1.2020 100 6.00 6.00 6.00 361 443 179.33 205.78 5.01 -0.030 -0.365 -0.145 0.3050 -0.0950
1.2030 100 6.00 6.00 6.00 363 444 178.07 204.62 5.03 0.367 -0.030 0.100 0.4175 -0.1625
1.2040 100 6.00 6.00 6.00 364 446 176.98 205.36 4.99 0.123 0.062 0.283 0.3410 -0.0590
1.2050 100 6.00 6.00 6.00 365 447 178.13 204.52 5.00 -0.213 0.062 0.008 0.3275 -0.0770
1.2060 100 6.00 6.00 6.00 367 449 178.96 205.89 5.00 0.214 0.337 -0.175 0.2600 -0.0320
1.2070 100 6.00 6.00 6.00 368 450 179.48 207.15 5.04 0.275 0.245 0.039 0.2915 -0.0905
1.2080 100 6.00 6.00 6.00 370 452 180.17 205.20 5.04 0.062 0.428 0.039 0.2780 -0.0590
1.2090 100 6.00 6.00 6.00 371 454 179.89 206.72 5.03 0.062 0.459 -0.175 0.2690 -0.0185
1.2100 100 6.00 6.00 6.00 372 455 180.04 209.76 5.02 0.245 0.062 -0.083 0.1790 -0.0095
1.2110 100 6.00 6.00 6.00 374 457 179.79 207.02 5.06 0.306 -0.243 -0.053 0.1970 -0.0140
1.2120 100 6.00 6.00 6.00 375 458 181.30 204.13 5.06 0.001 -0.304 -0.022 0.2105 -0.0275
1.2130 100 6.00 6.00 6.00 376 460 180.94 209.82 5.06 0.001 -0.152 -0.114 0.3320 -0.0680
1.2140 100 6.00 6.00 6.00 378 462 178.69 205.88 5.01 0.245 0.367 0.191 0.3770 -0.0860
1.2150 100 6.00 6.00 6.00 379 463 179.76 207.87 4.98 0.397 0.428 -0.022 0.2510 -0.0545
1.2160 100 6.00 6.00 6.00 380 465 179.82 206.73 5.04 0.153 0.184 -0.083 0.2060 -0.0230
1.2170 100 6.00 6.00 6.00 382 466 178.26 205.27 5.06 0.001 0.031 -0.083 0.2690 -0.0365
1.2180 100 6.00 6.00 6.00 383 468 180.18 205.50 5.04 0.092 -0.274 0.100 0.3995 -0.1130
1.2190 100 6.00 6.00 6.00 385 469 179.33 205.73 4.98 -0.366 -0.487 0.161 0.3365 -0.0860
1.2200 100 6.00 6.00 6.00 386 471 178.53 206.12 4.99 -0.427 -0.426 0.039 0.2645 -0.0725
1.2210 100 6.00 6.00 6.00 387 472 180.13 206.46 5.04 0.153 -0.243 0.100 0.2195 -0.0230
1.2220 100 6.00 6.00 6.00 389 474 179.49 204.76 5.06 0.275 -0.182 -0.022 0.2510 -0.0365
1.2230 100 6.00 6.00 6.00 390 476 178.81 204.97 5.04 0.153 0.428 0.069 0.3050 -0.0185
1.2240 100 6.00 6.00 6.00 391 477 178.43 208.92 5.00 -0.152 0.672 0.008 0.3950 -0.1445
1.2250 100 6.00 6.00 6.00 393 479 178.99 207.62 4.99 0.062 0.215 0.069 0.3635 -0.1220
1.2260 100 6.00 6.00 6.00 394 480 179.73 205.92 5.01 0.184 0.215 -0.175 0.2915 -0.0770
1.2270 100 6.00 6.00 6.00 396 482 179.99 207.91 5.02 0.123 0.215 -0.236 0.3050 -0.0320
1.2280 100 6.00 6.00 6.00 397 484 181.71 206.24 5.01 0.062 0.092 -0.175 0.3455 -0.0815
1.2290 100 6.00 6.00 6.00 398 485 181.93 209.75 4.99 0.275 -0.060 -0.145 0.3950 -0.1490
1.2300 100 6.00 6.00 6.00 400 487 181.21 208.65 4.98 0.184 -0.243 -0.053 0.2960 -0.0860
1.2310 100 6.00 6.00 6.00 401 488 182.97 207.25 5.02 0.092 -0.152 -0.206 0.2645 -0.0545
1.2320 100 6.00 6.00 6.00 402 490 183.03 207.85 5.04 0.184 0.031 -0.083 0.3455 -0.0590
1.2330 100 6.00 6.00 6.00 404 492 181.46 206.94 5.00 -0.030 -0.030 0.161 0.2330 -0.0455
1.2340 100 6.00 6.00 6.00 405 493 183.62 209.70 5.03 -0.274 -0.121 0.039 0.2870 -0.0680
1.2350 100 6.00 6.00 6.00 407 495 181.91 208.68 5.04 -0.274 0.001 -0.083 0.3725 -0.1355
1.2360 100 6.00 6.00 6.00 408 496 180.60 207.48 5.00 0.062 0.215 0.039 0.2645 -0.0455
1.2370 100 6.00 6.00 6.00 410 498 181.82 208.95 5.03 0.153 0.215 -0.114 0.3050 -0.0680
1.2380 100 6.00 6.00 6.00 411 500 182.57 211.92 5.01 0.184 0.031 -0.175 0.2150 -0.0230
1.2390 100 6.00 6.00 6.00 412 501 182.52 206.09 5.05 0.123 -0.060 -0.022 0.2960 -0.0860
1.2400 100 6.00 6.00 6.00 414 503 183.06 208.82 5.03 0.367 0.276 -0.022 0.2735 -0.0590
1.2410 100 6.00 6.00 6.00 415 504 182.39 211.94 5.02 0.489 0.245 -0.236 0.2735 -0.0230
1.2420 100 6.00 6.00 6.00 416 506 182.47 207.60 5.02 0.031 -0.091 0.008 0.2060 -0.0185
1.2430 100 6.00 6.00 6.00 418 508 182.08 209.97 5.02 -0.243 -0.091 0.161 0.1745 0.0040
1.2440 100 6.00 6.00 6.00 419 509 183.66 208.44 5.07 0.123 0.123 0.008 0.1925 -0.0050
1.2450 100 6.00 6.00 6.00 421 511 182.33 208.51 5.06 0.245 0.245 0.191 0.3005 -0.0545
1.2460 100 6.00 6.00 6.00 422 512 181.25 208.66 5.03 0.031 0.215 0.100 0.3320 -0.0725
1.2470 100 6.00 6.00 6.00 423 514 182.36 208.57 5.01 0.031 -0.091 0.008 0.2375 -0.0320
1.2480 100 6.00 6.00 6.00 425 516 181.81 208.98 5.03 -0.152 -0.335 -0.083 0.1970 -0.0365
1.2490 100 6.00 6.00 6.00 426 517 180.98 207.06 5.07 -0.304 -0.335 0.008 0.2825 -0.0500
1.2500 100 6.00 6.00 6.00 428 519 183.08 206.96 5.04 -0.121 -0.091 -0.083 0.3410 -0.0770
1.2510 100 6.00 6.00 6.00 429 520 181.13 207.27 5.00 0.092 -0.060 -0.083 0.4040 -0.0950
1.2520 100 6.00 6.00 6.00 430 522 181.25 211.12 4.96 0.245 -0.213 0.039 0.2600 -0.0545
1.2530 100 6.00 6.00 6.00 432 524 182.77 208.00 5.03 0.214 -0.335 -0.053 0.1880 -0.0140
1.2540 100 6.00 6.00 6.00 433 525 181.55 210.06 5.06 0.123 -0.121 -0.114 0.2330 -0.0455
1.2550 100 6.00 6.00 6.00 435 527 181.45 209.22 5.05 -0.030 -0.030 -0.236 0.3230 -0.0545
1.2560 100 6.00 6.00 6.00 436 528 181.10 208.27 5.00 0.092 0.123 -0.083 0.4400 -0.1535
1.2570 100 6.00 6.00 6.00 437 530 181.86 212.19 4.96 0.153 0.245 -0.053 0.3095 -0.0905
1.2580 100 6.00 6.00 6.00 439 532 182.12 209.45 5.01 0.062 0.245 0.039 0.2690 -0.0635
1.2590 100 6.00 6.00 6.00 440 533 182.62 210.17 5.04 0.214 0.062 -0.114 0.2465 -0.0275
1.2600 100 6.00 6.00 6.00 442 535 183.97 209.70 5.04 0.153 0.001 -0.297 0.4400 -0.1310
1.2610 100 6.00 6.00 6.00 443 536 183.28 209.18 4.97 -0.182 -0.152 -0.572 0.3365 -0.1085
1.2620 100 6.00 6.00 6.00 444 538 182.43 211.90 5.00 -0.182 -0.121 -0.267 0.2825 -0.0590
1.2630 100 6.00 6.00 6.00 446 540 183.46 209.70 5.03 0.062 0.062 0.100 0.2735 -0.0680
1.2640 100 6.00 6.00 6.00 447 541 182.57 211.11 5.04 -0.091 -0.121 0.100 0.2825 -0.0500
1.2650 100 6.00 6.00 6.00 449 543 182.51 212.71 5.01 -0.030 0.062 -0.022 0.2285 -0.0185
1.2660 100 6.00 6.00 6.00 450 544 185.52 214.00 5.05 -0.121 0.001 0.161 0.3635 -0.1130
1.2670 100 6.00 6.00 6.00 451 546 182.56 207.73 5.02 0.092 -0.426 0.222 0.3095 -0.0905
1.2680 100 6.00 6.00 6.00 453 548 183.34 213.21 5.02 0.092 -0.548 -0.145 0.2285 -0.0140
1.2690 100 6.00 6.00 6.00 454 549 184.30 209.13 5.04 -0.060 -0.335 -0.236 0.3320 -0.0590
1.2700 100 6.00 6.00 6.00 456 551 184.71 209.94 4.97 0.031 -0.060 -0.297 0.2150 -0.0230
1.2710 100 6.00 6.00 6.00 457 552 185.11 210.88 5.05 0.123 0.031 -0.297 0.3095 -0.0860
1.2720 100 6.00 6.00 6.00 458 554 185.24 209.20 5.03 0.001 0.031 0.039 0.2510 -0.0275
1.2730 100 6.00 6.00 6.00 460 556 184.49 209.20 5.05 -0.335 -0.182 0.100 0.2375 0.0085
1.2740 100 6.00 6.00 6.00 461 557 184.14 209.29 5.04 -0.182 -0.182 -0.114 0.2465 -0.0140
1.2750 100 6.00 6.00 6.00 463 559 184.73 209.67 5.04 -0.121 -0.121 -0.053 0.1655 -0.0140
1.2760 100 6.00 6.00 6.00 464 560 185.03 210.08 5.06 -0.060 0.062 -0.083 0.2555 -0.0455
1.2770 100 6.00 6.00 6.00 465 562 182.96 207.92 5.05 -0.182 0.062 -0.175 0.2960 -0.0635
1.2780 100 6.00 6.00 6.00 467 564 183.50 208.30 5.04 -0.030 0.062 -0.022 0.3365 -0.0545
1.2790 100 6.00 6.00 6.00 468 565 184.34 212.06 4.99 0.397 0.001 0.069 0.2015 -0.0185
1.2800 100 6.00 6.00 6.00 470 567 182.76 210.92 5.04 0.458 0.062 -0.114 0.1970 -0.0365
1.2810 100 6.00 6.00 6.00 471 568 184.82 209.13 5.06 -0.060 -0.213 -0.083 0.3410 -0.1220
1.2820 100 6.00 6.00 6.00 472 570 184.75 211.10 5.02 -0.091 -0.243 0.008 0.3230 -0.0545
1.2830 100 6.00 6.00 6.00 474 572 182.95 209.20 5.00 0.214 -0.152 0.161 0.3050 -0.0410
1.2840 100 6.00 6.00 6.00 475 573 184.54 212.66 4.99 0.245 0.031 0.039 0.2015 -0.0230
1.2850 100 6.00 6.00 6.00 477 575 184.01 211.40 5.05 0.306 0.276 -0.114 0.2195 -0.0230
1.2860 100 6.00 6.00 6.00 478 576 183.16 210.18 5.06 0.153 0.215 -0.114 0.1925 -0.0050
1.2870 100 6.00 6.00 6.00 479 578 182.92 210.83 5.07 0.123 0.001 -0.022 0.4355 -0.1040
1.2880 100 6.00 6.00 6.00 481 580 183.37 209.77 4.98 0.092 0.062 -0.175 0.3500 -0.1220
1.2890 100 6.00 6.00 6.00 482 581 184.05 212.57 5.00 -0.121 0.031 -0.267 0.2735 -0.0725
1.2900 100 6.00 6.00 6.00 484 583 184.21 211.61 5.04 0.092 -0.030 -0.267 0.2465 -0.0455
1.2910 100 6.00 6.00 6.00 485 585 185.79 211.03 5.05 0.123 0.367 0.008 0.3095 -0.0680
1.2920 100 6.00 6.00 6.00 486 586 185.78 212.04 5.03 0.184 0.550 0.161 0.3905 -0.1400
1.2930 100 6.00 6.00 6.00 488 588 184.44 215.13 4.98 0.062 0.367 0.130 0.2870 -0.0815
1.2940 100 6.00 6.00 6.00 489 589 185.63 209.33 5.02 0.153 0.245 0.069 0.2690 -0.0365
1.2950 100 6.00 6.00 6.00 491 591 185.22 212.01 5.04 0.092 0.123 0.069 0.2690 -0.0500
1.2960 100 6.00 6.00 6.00 492 593 184.75 213.02 5.03 -0.213 0.092 0.008 0.2915 -0.0230
1.2970 100 6.00 6.00 6.00 494 594 187.84 210.71 5.01 -0.152 -0.030 0.130 0.3320 -0.0905
1.2980 100 6.00 6.00 6.00 495 596 184.61 212.98 5.00 0.123 0.001 0.191 0.3590 -0.1040
1.2990 100 6.00 6.00 6.00 496 598 184.91 211.56 5.00 0.153 0.062 0.008 0.1925 -0.0230
1.3000 100 6.00 6.00 6.00 498 599 186.06 211.76 5.05 -0.091 0.123 -0.083 0.2645 -0.0410
1.3010 100 6.00 6.00 6.00 499 601 186.72 211.81 5.03 -0.213 -0.091 0.039 0.2465 -0.0050
1.3020 100 6.00 6.00 6.00 501 602 186.81 211.91 5.02 0.031 -0.182 -0.083 0.3095 -0.0950
1.3030 100 6.00 6.00 6.00 502 604 186.93 212.38 5.01 0.001 -0.152 -0.236 0.2285 -0.0455
1.3040 100 6.00 6.00 6.00 504 606 186.27 210.27 5.05 0.001 -0.182 0.100 0.1880 -0.0185
1.3050 100 6.00 6.00 6.00 505 607 185.84 210.10 5.05 -0.182 -0.213 0.252 0.2195 0.0040
1.3060 100 6.00 6.00 6.00 506 609 185.83 211.75 5.04 -0.091 0.031 0.100 0.2420 -0.0275
1.3070 100 6.00 6.00 6.00 508 610 186.98 213.96 5.02 -0.182 -0.182 -0.083 0.2195 -0.0500
1.3080 100 6.00 6.00 6.00 509 612 184.52 210.69 5.07 -0.182 -0.304 -0.022 0.2690 -0.0725
1.3090 100 6.00 6.00 6.00 511 614 184.90 212.69 5.04 0.062 -0.213 0.008 0.2735 -0.0410
1.3100 100 6.00 6.00 6.00 512 615 185.44 211.17 5.03 0.336 0.001 0.039 0.2330 -0.0005
1.3110 100 6.00 6.00 6.00 513 617 183.80 212.82 5.02 0.306 0.276 -0.022 0.2375 -0.0410
1.3120 100 6.00 6.00 6.00 515 619 184.60 213.61 5.04 -0.030 0.367 -0.053 0.3095 -0.0905
1.3130 100 6.00 6.00 6.00 516 620 185.34 212.27 5.03 -0.121 0.184 -0.083 0.2780 -0.0995
1.3140 100 6.00 6.00 6.00 518 622 183.13 212.76 5.04 0.062 -0.091 0.130 0.3185 -0.0410
1.3150 100 6.00 6.00 6.00 519 623 184.56 211.75 5.01 -0.030 -0.091 0.069 0.2240 -0.0365
1.3160 100 6.00 6.00 6.00 520 625 184.58 213.11 5.03 0.245 -0.030 -0.114 0.2195 -0.0365
1.3170 100 6.00 6.00 6.00 522 627 183.25 213.45 5.06 0.336 -0.030 -0.114 0.1700 -0.0050
1.3180 100 6.00 6.00 6.00 523 628 182.77 212.15 5.07 0.275 0.276 0.008 0.3590 -0.1130
1.3190 100 6.00 6.00 6.00 525 630 183.22 213.79 5.01 -0.030 0.398 -0.022 0.3905 -0.1310
1.3200 100 6.00 6.00 6.00 526 632 183.83 216.65 4.98 -0.030 0.306 -0.053 0.2735 -0.0725
1.3210 100 6.00 6.00 6.00 528 633 184.23 210.68 5.03 0.245 0.276 0.069 0.2600 -0.0500
1.3220 100 6.00 6.00 6.00 529 635 185.81 213.18 5.04 0.245 0.184 0.069 0.2645 -0.0590
1.3230 100 6.00 6.00 6.00 530 636 185.99 216.08 5.04 -0.060 -0.121 0.069 0.4535 -0.1220
1.3240 100 6.00 6.00 6.00 532 638 184.77 211.77 4.96 -0.182 -0.396 -0.083 0.3320 -0.0905
1.3250 100 6.00 6.00 6.00 533 640 186.02 213.73 4.99 0.092 -0.304 0.008 0.2510 -0.0725
1.3260 100 6.00 6.00 6.00 535 641 185.15 212.22 5.04 0.214 0.001 0.283 0.2735 -0.0815
1.3270 100 6.00 6.00 6.00 536 643 184.59 211.86 5.04 0.184 0.001 0.100 0.2330 -0.0140
1.3280 100 6.00 6.00 6.00 537 645 187.51 211.70 5.04 0.062 -0.182 -0.175 0.3320 -0.0725
1.3290 100 6.00 6.00 6.00 539 646 186.14 211.88 5.00 -0.366 -0.365 0.039 0.3950 -0.1400
1.3300 100 6.00 6.00 6.00 540 648 184.80 212.32 4.99 -0.640 -0.518 0.191 0.2015 -0.0365
1.3310 100 6.00 6.00 6.00 542 649 186.29 210.30 5.05 -0.427 -0.335 0.161 0.2510 -0.0545
1.3320 100 6.00 6.00 6.00 543 651 187.08 210.42 5.04 -0.274 -0.243 0.191 0.2645 -0.0140
1.3330 100 6.00 6.00 6.00 545 653 187.31 212.69 5.03 -0.060 0.001 -0.083 0.3950 -0.1085
1.3340 100 6.00 6.00 6.00 546 654 187.60 214.88 4.98 0.031 0.123 -0.267 0.2375 -0.0455
1.3350 100 6.00 6.00 6.00 547 656 186.86 211.58 5.04 0.367 0.184 -0.206 0.1835 -0.0185
1.3360 100 6.00 6.00 6.00 549 658 186.77 213.49 5.08 0.367 0.092 -0.175 0.1745 0.0130
1.3370 100 6.00 6.00 6.00 550 659 186.52 211.88 5.07 0.092 -0.060 0.161 0.2375 -0.0095
1.3380 100 6.00 6.00 6.00 552 661 187.77 213.43 5.03 -0.030 0.154 0.283 0.2420 -0.0320
1.3390 100 6.00 6.00 6.00 553 662 185.21 215.49 5.04 -0.091 0.306 0.008 0.2735 -0.0725
1.3400 100 6.00 6.00 6.00 554 664 185.01 212.96 5.03 0.001 0.337 -0.053 0.2465 -0.0590
1.3410 100 6.00 6.00 6.00 556 666 186.21 213.47 5.05 0.092 -0.060 0.130 0.2285 -0.0050
1.3420 100 6.00 6.00 6.00 557 667 184.48 212.62 5.04 -0.030 -0.487 0.130 0.2330 -0.0320
1.3430 100 6.00 6.00 6.00 559 669 185.41 213.92 5.03 -0.121 -0.518 0.069 0.3095 -0.1040
1.3440 100 6.00 6.00 6.00 560 671 186.26 214.32 5.04 -0.121 -0.426 -0.145 0.2780 -0.0770
1.3450 100 6.00 6.00 6.00 562 672 184.46 212.93 5.04 -0.091 -0.182 -0.022 0.2780 -0.0635
1.3460 100 6.00 6.00 6.00 563 674 186.09 214.60 5.03 -0.060 0.184 0.008 0.2420 -0.0455
1.3470 100 6.00 6.00 6.00 564 676 186.19 217.67 5.03 0.153 0.215 -0.114 0.2240 -0.0275
1.3480 100 6.00 6.00 6.00 566 677 184.74 211.54 5.07 0.092 0.154 -0.206 0.1655 -0.0140
1.3490 100 6.00 6.00 6.00 567 679 184.39 214.46 5.06 0.092 -0.060 -0.053 0.3365 -0.0905
1.3500 100 6.00 6.00 6.00 569 680 184.75 217.51 5.03 0.062 -0.121 -0.053 0.4220 -0.0950
1.3510 100 6.00 6.00 6.00 570 682 185.36 213.21 4.97 0.031 -0.121 -0.053 0.2960 -0.0725
1.3520 100 6.00 6.00 6.00 572 684 185.49 215.25 5.01 0.092 -0.121 0.069 0.2375 -0.0410
1.3530 100 6.00 6.00 6.00 573 685 187.05 213.97 5.04 0.092 0.031 0.039 0.2690 -0.0545
1.3540 100 6.00 6.00 6.00 574 687 187.16 213.92 5.04 0.123 0.154 -0.022 0.3950 -0.1220
1.3550 100 6.00 6.00 6.00 576 689 186.04 214.18 4.99 -0.121 0.184 0.008 0.3365 -0.0815
1.3560 100 6.00 6.00 6.00 577 690 187.49 214.22 4.99 -0.243 -0.152 0.100 0.2375 -0.0545
1.3570 100 6.00 6.00 6.00 579 692 186.88 214.62 5.04 -0.060 -0.426 0.161 0.2330 -0.0680
1.3580 100 6.00 6.00 6.00 580 694 186.01 212.83 5.04 -0.182 -0.213 0.252 0.2105 -0.0320
1.3590 100 6.00 6.00 6.00 582 695 188.87 212.68 5.05 -0.152 0.092 0.283 0.3410 -0.0545
1.3600 100 6.00 6.00 6.00 583 697 185.58 214.65 5.00 -0.030 0.184 0.252 0.4175 -0.1400
1.3610 100 6.00 6.00 6.00 584 698 185.78 216.80 4.96 -0.243 0.031 0.130 0.2060 -0.0275
1.3620 100 6.00 6.00 6.00 586 700 186.89 213.53 5.05 -0.182 -0.152 0.191 0.2330 -0.0410
1.3630 100 6.00 6.00 6.00 587 702 187.50 215.60 5.05 0.062 -0.182 0.100 0.2150 0.0040
1.3640 100 6.00 6.00 6.00 589 703 187.49 213.77 5.05 -0.030 -0.182 -0.114 0.3725 -0.0815
1.3650 100 6.00 6.00 6.00 590 705 187.77 215.48 4.98 0.001 -0.396 0.008 0.2600 -0.0770
1.3660 100 6.00 6.00 6.00 592 707 186.95 216.20 5.03 0.092 -0.182 0.100 0.1700 -0.0050
1.3670 100 6.00 6.00 6.00 593 708 186.75 214.91 5.07 0.306 0.215 0.100 0.1565 0.0040
1.3680 100 6.00 6.00 6.00 594 710 186.37 215.18 5.07 0.245 0.123 -0.145 0.2330 0.0130
1.3690 100 6.00 6.00 6.00 596 712 187.99 214.15 5.04 -0.060 0.123 -0.053 0.2420 -0.0365
1.3700 100 6.00 6.00 6.00 597 713 185.43 216.50 5.04 -0.060 0.092 0.039 0.2690 -0.0770
1.3710 100 6.00 6.00 6.00 599 715 185.87 214.84 5.04 0.306 0.184 0.100 0.2285 -0.0455
1.3720 100 6.00 6.00 6.00 600 717 186.47 213.44 5.05 -0.121 0.154 0.130 0.1880 0.0085
1.3730 100 6.00 6.00 6.00 601 718 184.76 214.18 5.06 -0.579 -0.243 -0.053 0.2240 -0.0455
1.3740 100 6.00 6.00 6.00 603 720 185.54 217.23 5.05 -0.396 -0.121 0.100 0.3275 -0.0995
1.3750 100 6.00 6.00 6.00 604 722 186.37 211.13 5.03 0.092 -0.396 0.313 0.2870 -0.0815
1.3760 100 6.00 6.00 6.00 606 723 184.45 216.70 5.04 0.031 -0.426 0.374 0.2690 -0.0590
1.3770 100 6.00 6.00 6.00 607 725 186.12 214.79 5.04 -0.182 -0.182 -0.206 0.2735 -0.0095
1.3780 100 6.00 6.00 6.00 608 726 186.21 212.54 5.01 0.062 0.154 -0.206 0.2195 -0.0275
1.3790 100 6.00 6.00 6.00 610 728 184.88 214.60 5.04 0.611 0.489 -0.236 0.1790 -0.0095
1.3800 100 6.00 6.00 6.00 611 730 184.46 213.25 5.06 0.550 0.306 -0.083 0.3455 -0.1085
1.3810 100 6.00 6.00 6.00 613 731 184.81 213.38 5.02 -0.091 0.154 0.100 0.3725 -0.0815
1.3820 100 6.00 6.00 6.00 614 733 185.51 213.64 4.99 -0.182 0.001 0.008 0.3140 -0.0635
1.3830 100 6.00 6.00 6.00 616 735 185.65 213.84 5.00 0.001 0.092 -0.114 0.2465 -0.0590
1.3840 100 6.00 6.00 6.00 617 736 187.27 214.11 5.04 0.123 0.154 -0.053 0.2870 -0.0770
1.3850 100 6.00 6.00 6.00 618 738 187.32 212.21 5.05 0.062 -0.182 -0.206 0.3680 -0.1175
1.3860 100 6.00 6.00 6.00 620 740 186.42 212.21 5.00 0.001 -0.426 -0.053 0.3455 -0.0545
1.3870 100 6.00 6.00 6.00 621 741 188.24 216.04 4.99 0.153 -0.457 0.130 0.2735 -0.0590
1.3880 100 6.00 6.00 6.00 623 743 188.06 214.59 5.01 0.031 -0.640 0.008 0.2330 -0.0545
1.3890 100 6.00 6.00 6.00 624 744 187.61 212.96 5.05 -0.091 -0.945 -0.083 0.1880 -0.0230
1.3900 100 6.00 6.00 6.00 626 746 190.73 215.10 5.07 0.123 -0.518 0.069 0.3410 -0.0770
1.3910 100 6.00 6.00 6.00 627 748 187.46 213.29 5.01 0.092 0.062 0.100 0.4085 -0.1175
1.3920 100 6.00 6.00 6.00 629 749 187.97 216.65 4.97 0.062 0.367 0.039 0.2015 -0.0275
1.3930 100 6.00 6.00 6.00 630 751 188.24 215.60 5.04 0.184 0.489 0.130 0.2375 -0.0455
1.3940 100 6.00 6.00 6.00 631 753 188.32 214.25 5.05 0.214 0.215 0.008 0.2150 0.0040
1.3950 100 6.00 6.00 6.00 633 754 187.97 214.85 5.08 0.245 0.001 -0.114 0.3680 -0.0770
1.3960 100 6.00 6.00 6.00 634 756 188.20 213.78 4.99 -0.030 -0.213 -0.358 0.2375 -0.0500
1.3970 100 6.00 6.00 6.00 636 758 187.51 216.50 5.04 -0.243 0.062 -0.145 0.1700 0.0040
1.3980 100 6.00 6.00 6.00 637 759 187.15 214.54 5.07 -0.182 0.367 -0.083 0.1610 -0.0050
1.3990 100 6.00 6.00 6.00 639 761 187.82 215.06 5.08 0.031 0.428 -0.053 0.2060 0.0085
1.4000 100 6.00 6.00 6.00 640 762 188.23 216.01 5.05 -0.091 0.459 -0.114 0.2420 -0.0500
1.4010 100 6.00 6.00 6.00 641 764 186.01 218.88 5.04 -0.182 0.550 0.039 0.2780 -0.0635
1.4020 100 6.00 6.00 6.00 643 766 186.51 212.85 5.04 -0.030 0.001 -0.053 0.2330 -0.0455
1.4030 100 6.00 6.00 6.00 644 767 187.33 218.55 5.04 -0.121 -0.182 -0.083 0.1835 -0.0050
1.4040 100 6.00 6.00 6.00 646 769 185.82 216.62 5.06 -0.152 -0.426 0.008 0.2960 -0.0320
1.4050 100 6.00 6.00 6.00 647 771 187.97 215.31 5.01 0.062 -0.426 -0.053 0.3230 -0.1040
1.4060 100 6.00 6.00 6.00 649 772 187.01 216.40 5.01 0.031 -0.335 -0.053 0.2915 -0.0815
1.4070 100 6.00 6.00 6.00 650 774 186.22 215.03 5.03 -0.091 -0.274 -0.022 0.2510 -0.0635
1.4080 100 6.00 6.00 6.00 652 776 187.88 215.17 5.04 -0.121 -0.152 -0.053 0.2510 -0.0140
1.4090 100 6.00 6.00 6.00 653 777 186.80 215.48 5.04 -0.152 -0.152 0.008 0.2555 -0.0185
1.4100 100 6.00 6.00 6.00 654 779 186.63 215.61 5.03 -0.396 -0.426 0.069 0.1970 -0.0365
1.4110 100 6.00 6.00 6.00 656 780 186.43 215.94 5.06 -0.304 -0.243 -0.022 0.3725 -0.1355
1.4120 100 6.00 6.00 6.00 657 782 187.28 213.96 5.02 -0.060 0.001 -0.022 0.3185 -0.0860
1.4130 100 6.00 6.00 6.00 659 784 187.48 213.97 5.01 0.153 0.245 -0.022 0.3365 -0.0410
1.4140 100 6.00 6.00 6.00 660 786 187.86 218.15 4.99 0.031 0.154 0.069 0.2375 -0.0410
1.4150 100 6.00 6.00 6.00 661 787 189.17 214.49 5.04 -0.182 -0.030 -0.022 0.3320 -0.1130
1.4160 100 6.00 6.00 6.00 663 789 188.82 215.06 5.05 0.062 -0.091 -0.053 0.3185 -0.0950
1.4170 100 6.00 6.00 6.00 664 790 188.49 215.50 5.01 0.306 0.215 0.313 0.3185 -0.0545
1.4180 100 6.00 6.00 6.00 666 792 189.94 213.37 5.01 -0.152 -0.060 0.100 0.3095 -0.0590
1.4190 100 6.00 6.00 6.00 667 794 188.47 216.99 5.01 -0.152 0.031 0.161 0.2195 -0.0365
1.4200 100 6.00 6.00 6.00 669 795 189.31 214.28 5.04 -0.030 -0.060 0.069 0.2060 -0.0275
1.4210 100 6.00 6.00 6.00 670 797 190.23 214.44 5.06 -0.091 -0.182 0.008 0.3725 -0.1130
1.4220 100 6.00 6.00 6.00 672 799 187.08 214.20 5.01 0.092 -0.091 -0.145 0.3455 -0.0635
1.4230 100 6.00 6.00 6.00 673 800 188.07 213.76 4.98 -0.182 0.092 0.008 0.2015 -0.0365
1.4240 100 6.00 6.00 6.00 674 802 188.64 216.52 5.05 0.001 0.123 0.191 0.2285 -0.0410
1.4250 100 6.00 6.00 6.00 676 804 189.06 214.15 5.05 0.245 0.031 -0.083 0.2510 -0.0410
1.4260 100 6.00 6.00 6.00 677 805 189.38 215.56 5.06 0.245 -0.060 -0.083 0.2825 -0.0500
1.4270 100 6.00 6.00 6.00 679 807 189.03 217.32 5.02 0.031 0.123 -0.053 0.1835 -0.0185
1.4280 100 6.00 6.00 6.00 680 808 188.60 219.08 5.05 0.001 0.489 0.191 0.1655 -0.0050
1.4290 100 6.00 6.00 6.00 682 810 188.20 212.78 5.07 -0.243 0.154 0.313 0.1610 0.0130
1.4300 100 6.00 6.00 6.00 683 812 189.66 218.49 5.09 0.031 -0.213 0.252 0.2060 -0.0230
1.4310 100 6.00 6.00 6.00 685 813 188.21 214.30 5.05 0.153 -0.365 0.039 0.3365 -0.0590
1.4320 100 6.00 6.00 6.00 686 815 187.13 215.17 4.99 0.031 -0.426 0.008 0.2600 -0.0680
1.4330 100 6.00 6.00 6.00 687 817 188.39 215.54 5.03 0.031 -0.335 -0.145 0.2015 -0.0275
1.4340 100 6.00 6.00 6.00 689 818 187.75 214.63 5.05 -0.243 -0.213 -0.083 0.1970 -0.0050
1.4350 100 6.00 6.00 6.00 690 820 186.92 215.08 5.06 -0.060 -0.182 -0.022 0.3095 -0.0500
1.4360 100 6.00 6.00 6.00 692 822 188.89 215.24 5.02 0.092 -0.060 0.161 0.3365 -0.1040
1.4370 100 6.00 6.00 6.00 693 823 186.99 215.66 5.00 0.031 -0.182 0.100 0.2735 -0.0815
1.4380 100 6.00 6.00 6.00 695 825 187.91 214.72 5.04 -0.091 0.062 0.039 0.2195 -0.0365
1.4390 100 6.00 6.00 6.00 696 827 188.81 213.59 5.05 -0.152 0.215 0.100 0.2105 -0.0185
1.4400 100 6.00 6.00 6.00 697 828 187.59 213.87 5.05 -0.121 0.123 0.039 0.2960 -0.0320
1.4410 100 6.00 6.00 6.00 699 830 187.17 217.91 5.00 0.001 -0.121 -0.114 0.2825 -0.0770
1.4420 100 6.00 6.00 6.00 700 832 186.96 214.66 5.04 0.062 -0.152 -0.053 0.3545 -0.1400
1.4430 100 6.00 6.00 6.00 702 833 188.00 216.72 5.01 0.001 0.184 -0.053 0.2645 -0.0635
1.4440 100 6.00 6.00 6.00 703 835 188.05 215.76 5.03 0.001 0.184 -0.053 0.3140 -0.0500
1.4450 100 6.00 6.00 6.00 705 836 189.17 214.90 5.01 0.214 0.245 -0.267 0.2780 -0.0410
1.4460 100 6.00 6.00 6.00 706 838 190.04 218.74 5.02 0.336 0.398 -0.267 0.3905 -0.1490
1.4470 100 6.00 6.00 6.00 708 840 189.17 216.01 5.00 0.092 0.276 -0.053 0.2915 -0.0770
1.4480 100 6.00 6.00 6.00 709 842 190.69 216.49 5.03 0.153 0.092 0.069 0.2600 -0.0230
1.4490 100 6.00 6.00 6.00 710 843 190.47 215.54 5.04 0.275 -0.060 0.039 0.3275 -0.0770
1.4500 100 6.00 6.00 6.00 712 845 188.85 216.79 4.99 0.214 -0.182 -0.053 0.1925 -0.0275
1.4510 100 6.00 6.00 6.00 713 846 191.57 218.59 5.06 -0.060 -0.243 -0.114 0.2555 -0.0770
1.4520 100 6.00 6.00 6.00 715 848 189.93 216.10 5.07 -0.182 -0.457 -0.083 0.3635 -0.1265
1.4530 100 6.00 6.00 6.00 716 850 188.60 217.63 5.00 -0.366 -0.274 -0.053 0.2555 -0.0365
1.4540 100 6.00 6.00 6.00 718 851 189.80 220.65 5.03 -0.121 0.123 0.039 0.2285 -0.0365
1.4550 100 6.00 6.00 6.00 719 853 190.60 217.59 5.05 -0.213 0.276 0.069 0.1835 -0.0320
1.4560 100 6.00 6.00 6.00 721 855 190.74 217.30 5.06 0.031 -0.030 0.039 0.2870 -0.0680
1.4570 100 6.00 6.00 6.00 722 856 191.07 220.53 5.03 0.397 -0.182 0.161 0.3095 -0.0410
1.4580 100 6.00 6.00 6.00 724 858 190.22 215.76 5.02 0.214 -0.152 0.039 0.1970 -0.0185
1.4590 100 6.00 6.00 6.00 725 860 189.96 218.01 5.03 0.092 -0.121 -0.267 0.1655 0.0130
1.4600 100 6.00 6.00 6.00 726 861 189.78 216.53 5.07 0.062 -0.274 -0.389 0.1700 -0.0095
1.4610 100 6.00 6.00 6.00 728 863 191.32 216.46 5.07 -0.121 -0.396 -0.328 0.2465 -0.0365
1.4620 100 6.00 6.00 6.00 729 865 188.98 216.10 5.05 -0.030 -0.213 -0.206 0.3005 -0.0725
1.4630 100 6.00 6.00 6.00 731 866 189.62 215.37 5.01 -0.121 0.184 -0.083 0.2555 -0.0590
1.4640 100 6.00 6.00 6.00 732 868 190.40 215.59 5.04 -0.182 0.276 0.130 0.1610 -0.0005
1.4650 100 6.00 6.00 6.00 734 870 188.82 213.35 5.08 -0.304 0.123 0.130 0.2060 -0.0095
1.4660 100 6.00 6.00 6.00 735 871 190.97 213.55 5.06 -0.182 0.092 0.161 0.3815 -0.0950
1.4670 100 6.00 6.00 6.00 737 873 189.98 215.51 4.99 -0.121 -0.182 0.039 0.3455 -0.0950
1.4680 100 6.00 6.00 6.00 738 875 189.17 216.09 4.99 0.001 -0.091 -0.083 0.2330 -0.0590
1.4690 100 6.00 6.00 6.00 740 876 190.83 214.47 5.05 0.245 0.428 -0.236 0.1925 -0.0140
1.4700 100 6.00 6.00 6.00 741 878 189.51 216.43 5.07 0.672 0.276 -0.175 0.2240 -0.0095
1.4710 100 6.00 6.00 6.00 742 880 189.47 214.61 5.05 0.336 -0.304 0.100 0.2825 -0.0095
1.4720 100 6.00 6.00 6.00 744 881 189.11 218.36 5.02 0.031 -0.396 -0.053 0.3815 -0.1310
1.4730 100 6.00 6.00 6.00 745 883 189.95 217.10 5.00 0.062 -0.030 -0.175 0.2825 -0.0815
1.4740 100 6.00 6.00 6.00 747 884 190.10 215.67 5.03 0.245 0.428 -0.114 0.2375 -0.0500
1.4750 100 6.00 6.00 6.00 748 886 190.49 216.14 5.05 0.092 0.581 -0.022 0.2960 -0.0320
1.4760 100 6.00 6.00 6.00 750 888 191.59 215.04 5.03 -0.030 0.092 -0.083 0.3770 -0.1220
1.4770 100 6.00 6.00 6.00 751 890 189.71 217.90 5.00 0.306 -0.030 -0.175 0.3275 -0.0995
1.4780 100 6.00 6.00 6.00 753 891 190.06 215.52 5.01 0.275 -0.091 0.161 0.2420 -0.0545
1.4790 100 6.00 6.00 6.00 754 893 190.70 216.14 5.05 -0.213 -0.243 0.344 0.2960 -0.0410
1.4800 100 6.00 6.00 6.00 756 894 190.02 217.01 5.03 -0.091 -0.426 0.008 0.2285 -0.0365
1.4810 100 6.00 6.00 6.00 757 896 193.10 219.91 5.04 -0.152 -0.030 -0.114 0.2510 -0.0770
1.4820 100 6.00 6.00 6.00 758 898 193.10 213.87 5.05 0.123 0.062 -0.053 0.3545 -0.1220
1.4830 100 6.00 6.00 6.00 760 899 189.96 219.61 4.99 0.428 0.062 -0.053 0.2375 -0.0365
1.4840 100 6.00 6.00 6.00 761 901 191.11 217.58 5.03 0.458 -0.091 -0.236 0.3095 -0.0320
1.4850 100 6.00 6.00 6.00 763 903 191.69 216.33 5.01 0.306 -0.030 -0.022 0.1970 -0.0185
1.4860 100 6.00 6.00 6.00 764 904 191.84 217.45 5.05 -0.030 0.001 0.039 0.2870 -0.0815
1.4870 100 6.00 6.00 6.00 766 906 192.22 215.70 5.04 0.031 -0.152 -0.114 0.2465 -0.0410
1.4880 100 6.00 6.00 6.00 767 908 191.70 215.51 5.04 -0.213 -0.091 -0.114 0.2240 0.0085
1.4890 100 6.00 6.00 6.00 769 909 191.71 215.13 5.04 -0.182 0.062 0.008 0.1925 0.0085
1.4900 100 6.00 6.00 6.00 770 911 191.63 215.41 5.05 -0.121 0.062 0.069 0.1565 0.0085
1.4910 100 6.00 6.00 6.00 772 912 193.03 215.83 5.07 -0.091 -0.091 0.100 0.2060 -0.0320
1.4920 100 6.00 6.00 6.00 773 914 190.71 213.93 5.07 -0.121 -0.091 0.130 0.2735 -0.0545
1.4930 100 6.00 6.00 6.00 775 916 190.60 214.29 5.04 -0.182 -0.243 0.100 0.3320 -0.0455
1.4940 100 6.00 6.00 6.00 776 918 191.87 218.17 5.00 -0.091 -0.121 0.008 0.2015 -0.0005
1.4950 100 6.00 6.00 6.00 777 919 190.09 216.93 5.05 0.153 0.001 -0.022 0.1745 -0.0140
1.4960 100 6.00 6.00 6.00 779 921 190.94 216.22 5.07 0.031 0.092 -0.053 0.3230 -0.1040
1.4970 100 6.00 6.00 6.00 780 922 192.04 217.38 5.03 0.062 0.215 -0.083 0.3455 -0.0500
1.4980 100 6.00 6.00 6.00 782 924 190.00 215.38 5.00 0.489 0.245 0.161 0.3050 -0.0545
1.4990 100 6.00 6.00 6.00 783 926 191.69 218.17 5.00 0.367 0.123 0.161 0.1835 -0.0140
1.5000 100 6.00 6.00 6.00 785 927 191.04 214.92 5.06 -0.243 0.062 0.039 0.2060 -0.0095
1.5010 100 6.00 6.00 6.00 786 929 190.19 215.22 5.06 -0.427 -0.121 0.100 0.1790 -0.0095
1.5020 100 6.00 6.00 6.00 788 931 190.01 215.33 5.07 -0.060 -0.335 -0.022 0.4580 -0.1310
1.5030 100 6.00 6.00 6.00 789 932 190.74 214.79 4.97 -0.091 -0.060 0.039 0.3005 -0.0905
1.5040 100 6.00 6.00 6.00 791 934 190.96 217.94 5.02 -0.091 -0.121 -0.053 0.2420 -0.0500
1.5050 100 6.00 6.00 6.00 792 936 191.26 215.70 5.05 0.306 -0.335 0.039 0.2195 -0.0275
1.5060 100 6.00 6.00 6.00 794 937 192.67 217.34 5.06 0.794 -0.274 0.008 0.3680 -0.1085
1.5070 100 6.00 6.00 6.00 795 939 191.70 219.17 5.00 0.519 0.001 -0.328 0.3095 -0.0995
1.5080 100 6.00 6.00 6.00 796 941 192.04 217.86 5.01 0.336 0.276 -0.663 0.2420 -0.0590
1.5090 100 6.00 6.00 6.00 798 942 193.73 214.71 5.05 -0.152 0.703 -0.297 0.2600 -0.0545
1.5100 100 6.00 6.00 6.00 799 944 192.56 220.58 5.05 -0.396 0.794 0.222 0.2465 -0.0365
1.5110 100 6.00 6.00 6.00 801 946 193.32 216.33 5.04 -0.335 0.672 0.069 0.2960 -0.0320
1.5120 100 6.00 6.00 6.00 802 947 194.18 218.64 5.01 -0.182 0.215 0.008 0.3590 -0.1355
1.5130 100 6.00 6.00 6.00 804 949 190.93 217.87 5.01 -0.243 -0.396 0.069 0.2375 -0.0545
1.5140 100 6.00 6.00 6.00 805 951 192.03 217.15 5.04 -0.152 -0.762 0.039 0.2420 -0.0275
1.5150 100 6.00 6.00 6.00 807 952 192.64 217.34 5.05 -0.274 -0.762 -0.022 0.2420 -0.0275
1.5160 100 6.00 6.00 6.00 808 954 192.67 216.95 5.03 0.489 -0.426 -0.114 0.3185 -0.0860
1.5170 100 6.00 6.00 6.00 810 956 193.22 216.57 5.02 0.764 -0.609 0.008 0.2195 -0.0545
1.5180 100 6.00 6.00 6.00 811 957 192.49 213.71 5.05 0.489 -0.426 0.161 0.2015 -0.0140
1.5190 100 6.00 6.00 6.00 813 959 192.47 213.74 5.06 0.458 0.001 0.008 0.1700 0.0355
1.5200 100 6.00 6.00 6.00 814 960 192.28 213.93 5.06 0.153 0.276 -0.114 0.2690 -0.0140
1.5210 100 6.00 6.00 6.00 816 962 193.96 218.02 5.01 -0.213 0.092 0.008 0.1880 -0.0275
1.5220 100 6.00 6.00 6.00 817 964 191.61 214.90 5.07 -0.427 -0.182 -0.053 0.2510 -0.0635
1.5230 100 6.00 6.00 6.00 818 966 191.51 216.83 5.05 -0.640 -0.213 0.069 0.2465 -0.0365
1.5240 100 6.00 6.00 6.00 820 967 192.92 215.38 5.04 -0.701 0.123 0.039 0.2240 0.0040
1.5250 100 6.00 6.00 6.00 821 969 191.36 216.86 5.03 -0.518 -0.152 -0.145 0.2060 -0.0185
1.5260 100 6.00 6.00 6.00 823 970 192.42 218.88 5.04 0.031 -0.579 -0.236 0.3140 -0.0905
1.5270 100 6.00 6.00 6.00 824 972 193.38 216.22 5.03 0.428 -0.182 -0.022 0.2645 -0.0770
1.5280 100 6.00 6.00 6.00 826 974 191.44 217.06 5.04 0.458 0.184 0.069 0.3005 -0.0320
1.5290 100 6.00 6.00 6.00 827 975 193.10 216.25 5.02 0.428 0.550 -0.022 0.2150 -0.0185
1.5300 100 6.00 6.00 6.00 829 977 192.52 217.44 5.04 0.581 0.825 0.039 0.1970 -0.0185
1.5310 100 6.00 6.00 6.00 830 979 191.54 217.84 5.06 0.458 0.581 0.100 0.2105 -0.0140
1.5320 100 6.00 6.00 6.00 832 980 191.33 216.75 5.06 0.062 0.215 -0.175 0.3635 -0.1265
1.5330 100 6.00 6.00 6.00 833 982 191.74 218.61 5.01 -0.304 -0.030 -0.297 0.3275 -0.0860
1.5340 100 6.00 6.00 6.00 835 984 191.29 221.69 5.00 -0.121 -0.426 -0.236 0.2465 -0.0410
1.5350 100 6.00 6.00 6.00 836 985 190.91 215.59 5.05 -0.182 -0.518 -0.175 0.2285 -0.0545
1.5360 100 6.00 6.00 6.00 838 987 191.93 218.28 5.08 -0.335 -0.396 0.008 0.3590 -0.1085
1.5370 100 6.00 6.00 6.00 839 989 190.73 219.22 5.02 -0.427 -0.396 0.069 0.3950 -0.0905
1.5380 100 6.00 6.00 6.00 840 990 190.98 217.07 4.97 -0.396 -0.060 0.008 0.2645 -0.0545
1.5390 100 6.00 6.00 6.00 842 992 192.80 219.19 5.02 -0.060 0.184 -0.145 0.2555 -0.0590
1.5400 100 6.00 6.00 6.00 843 994 192.00 217.62 5.04 0.031 0.154 -0.114 0.2150 -0.0275
1.5410 100 6.00 6.00 6.00 845 996 193.68 217.75 5.06 0.397 -0.091 -0.236 0.2735 -0.0410
1.5420 100 6.00 6.00 6.00 846 997 195.08 217.90 5.03 0.611 -0.243 -0.114 0.4130 -0.1400
1.5430 100 6.00 6.00 6.00 848 999 191.87 218.13 4.98 0.550 -0.182 0.100 0.2240 -0.0500
1.5440 100 6.00 6.00 6.00 849 1000 193.06 218.30 5.05 0.519 -0.152 0.008 0.2240 -0.0455
1.5450 100 6.00 6.00 6.00 851 1002 193.62 216.30 5.06 0.306 0.001 0.100 0.1970 -0.0095
1.5460 100 6.00 6.00 6.00 852 1004 193.79 216.50 5.06 -0.091 0.184 0.100 0.3635 -0.0635
1.5470 100 6.00 6.00 6.00 854 1005 194.07 220.35 4.99 -0.366 0.306 -0.053 0.2375 -0.0545
1.5480 100 6.00 6.00 6.00 855 1007 193.19 219.01 5.03 -0.427 0.092 -0.236 0.1610 -0.0140
1.5490 100 6.00 6.00 6.00 857 1009 193.01 218.31 5.07 -0.640 -0.243 -0.175 0.1475 0.0175
1.5500 100 6.00 6.00 6.00 858 1010 192.78 219.32 5.08 -0.243 -0.274 0.008 0.2285 0.0130
1.5510 100 6.00 6.00 6.00 860 1012 194.15 217.51 5.05 0.062 -0.213 0.161 0.2510 -0.0140
1.5520 100 6.00 6.00 6.00 861 1014 191.46 221.31 5.03 0.184 -0.243 0.008 0.2555 -0.0500
1.5530 100 6.00 6.00 6.00 863 1016 191.87 218.75 5.04 0.123 -0.152 -0.175 0.2015 -0.0320
1.5540 100 6.00 6.00 6.00 864 1017 192.47 219.11 5.05 0.306 0.001 -0.206 0.1700 0.0130
1.5550 100 6.00 6.00 6.00 866 1019 190.68 218.51 5.06 0.336 0.123 0.008 0.2735 -0.0230
1.5560 100 6.00 6.00 6.00 867 1020 192.65 217.76 5.02 0.153 -0.121 0.008 0.3095 -0.0995
1.5570 100 6.00 6.00 6.00 868 1022 192.51 220.30 5.02 0.214 -0.304 -0.053 0.2735 -0.0680
1.5580 100 6.00 6.00 6.00 870 1024 190.48 217.57 5.04 0.153 -0.396 0.130 0.2555 -0.0455
1.5590 100 6.00 6.00 6.00 871 1026 192.15 219.00 5.05 -0.182 -0.182 0.069 0.2240 -0.0140
1.5600 100 6.00 6.00 6.00 873 1027 191.57 221.92 5.05 -0.335 -0.121 -0.206 0.2015 -0.0185
1.5610 100 6.00 6.00 6.00 874 1029 190.74 218.94 5.06 -0.335 -0.243 0.100 0.2105 -0.0140
1.5620 100 6.00 6.00 6.00 876 1031 190.47 218.69 5.06 0.031 -0.365 0.130 0.3590 -0.1130
1.5630 100 6.00 6.00 6.00 877 1032 191.33 221.72 5.02 -0.121 -0.121 0.252 0.3320 -0.0905
1.5640 100 6.00 6.00 6.00 879 1034 191.50 217.34 5.00 -0.060 -0.152 0.283 0.2960 -0.0635
1.5650 100 6.00 6.00 6.00 880 1036 191.84 219.37 5.01 0.336 -0.030 0.069 0.2105 -0.0320
1.5660 100 6.00 6.00 6.00 882 1037 193.19 217.99 5.05 0.245 0.001 -0.175 0.3545 -0.1130
1.5670 100 6.00 6.00 6.00 883 1039 192.10 217.87 5.02 0.245 0.123 -0.022 0.3275 -0.1085
1.5680 100 6.00 6.00 6.00 885 1040 193.26 218.08 5.02 0.367 -0.060 0.039 0.2825 -0.0500
1.5690 100 6.00 6.00 6.00 886 1042 194.19 217.80 5.02 0.275 -0.335 0.039 0.2825 -0.0860
1.5700 100 6.00 6.00 6.00 888 1044 192.65 217.83 5.04 0.153 -0.304 0.039 0.1880 -0.0275
1.5710 100 6.00 6.00 6.00 889 1045 195.27 215.68 5.07 0.062 -0.274 -0.236 0.2690 -0.0635
1.5720 100 6.00 6.00 6.00 890 1047 194.98 215.67 5.05 -0.243 -0.365 0.008 0.4130 -0.1040
1.5730 100 6.00 6.00 6.00 892 1049 191.85 217.77 4.98 -0.091 -0.335 0.130 0.2825 -0.0545
1.5740 100 6.00 6.00 6.00 894 1050 193.14 219.95 5.00 -0.030 0.154 0.130 0.2105 -0.0365
1.5750 100 6.00 6.00 6.00 895 1052 193.69 216.53 5.05 0.001 0.367 -0.083 0.1970 -0.0140
1.5760 100 6.00 6.00 6.00 896 1054 193.67 218.23 5.06 0.123 0.367 -0.053 0.3230 -0.0770
1.5770 100 6.00 6.00 6.00 898 1056 194.08 216.31 5.02 0.001 0.489 0.161 0.2915 -0.0275
1.5780 100 6.00 6.00 6.00 899 1057 193.47 219.86 5.00 0.153 0.123 0.191 0.1790 -0.0095
1.5790 100 6.00 6.00 6.00 901 1059 193.40 218.67 5.06 0.275 -0.274 0.100 0.1385 0.0265
1.5800 100 6.00 6.00 6.00 902 1060 193.13 217.31 5.08 0.184 0.092 0.130 0.1565 -0.0050
1.5810 100 6.00 6.00 6.00 904 1062 194.62 217.95 5.08 0.184 0.520 -0.083 0.2690 -0.0005
1.5820 2 0.00 0.00 0.00 905 1064 192.13 217.15 5.04 -0.030 0.245 -0.022 0.2510 -0.0725
1.5830 2 0.00 0.00 0.00 907 1066 192.55 219.62 5.03 0.001 0.031 0.008 -0.1990 -0.1985
1.5840 2 0.00 0.00 0.00 908 1067 192.33 215.51 5.18 0.062 -0.091 0.100 -0.2440 -0.2210
1.5850 2 0.00 0.00 0.00 910 1069 187.45 212.48 5.20 -0.121 -0.091 0.100 -0.2485 -0.2120
1.5860 2 0.00 0.00 0.00 911 1070 184.81 208.99 5.20 -0.274 -0.030 -0.053 -0.2260 -0.1490
1.5870 2 0.00 0.00 0.00 912 1072 181.49 206.82 5.20 -0.091 -0.243 -0.267 -0.1765 -0.3020
1.5880 2 0.00 0.00 0.00 914 1073 174.73 196.41 5.20 -0.030 -0.426 -0.236 -0.1855 -0.3110
1.5890 2 0.00 0.00 0.00 915 1075 171.80 193.36 5.20 -0.060 -0.182 0.039 -0.1945 -0.3335
1.5900 2 0.00 0.00 0.00 916 1076 169.12 189.93 5.20 -0.152 -0.121 0.008 -0.2170 -0.2300
1.5910 2 0.00 0.00 0.00 917 1077 164.46 181.15 5.20 0.153 -0.365 -0.114 -0.1900 -0.1715
1.5920 2 0.00 0.00 0.00 918 1079 161.30 177.13 5.20 0.916 -0.152 -0.145 -0.1585 -0.1670
1.5930 2 0.00 0.00 0.00 920 1080 156.88 173.88 5.20 -0.488 0.092 -0.114 -0.2080 -0.2075
1.5940 2 0.00 0.00 0.00 921 1081 153.08 169.56 5.20 -0.701 0.306 -0.114 -0.2305 -0.2075
1.5950 2 0.00 0.00 0.00 922 1082 150.16 166.64 5.21 -0.121 0.337 0.222 -0.2080 -0.1985
1.5960 2 0.00 0.00 0.00 923 1084 146.45 161.84 5.20 0.489 -0.121 0.130 -0.2260 -0.1535
1.5970 2 0.00 0.00 0.00 924 1085 143.00 155.80 5.20 0.062 0.031 -0.267 -0.1990 -0.1535
1.5980 2 0.00 0.00 0.00 925 1086 139.46 152.49 5.20 0.245 0.001 -0.328 -0.2080 -0.1805
1.5990 2 0.00 0.00 0.00 926 1087 135.80 149.05 5.20 0.153 -0.335 0.039 -0.1810 -0.1175
1.6000 2 0.00 0.00 0.00 927 1088 131.14 145.69 5.20 0.214 -0.213 0.008 -0.1360 -0.1310
1.6010 2 0.00 0.00 0.00 928 1089 128.31 139.61 5.19 -0.304 0.031 -0.114 -0.1540 -0.1760
1.6020 2 0.00 0.00 0.00 929 1090 125.88 136.15 5.20 -0.304 0.215 -0.145 -0.1810 -0.1265
1.6030 2 0.00 0.00 0.00 930 1091 122.92 132.37 5.19 -0.213 0.459 -0.114 -0.1945 -0.1040
1.6040 2 0.00 0.00 0.00 930 1092 118.85 129.32 5.20 -0.396 0.001 -0.083 -0.1810 -0.0860
1.6050 2 0.00 0.00 0.00 931 1093 118.53 127.44 5.19 -0.060 -0.640 -0.053 -0.1585 -0.0590
1.6060 2 0.00 0.00 0.00 932 1094 114.81 124.86 5.20 0.184 -0.640 0.100 -0.1315 -0.0815
1.6070 2 0.00 0.00 0.00 933 1095 112.45 119.85 5.20 0.123 -0.274 0.222 -0.1270 -0.0995
1.6080 2 0.00 0.00 0.00 934 1096 108.78 117.18 5.21 0.031 0.123 -0.022 -0.1495 -0.1220
1.6090 2 0.00 0.00 0.00 934 1096 104.97 117.18 5.19 0.184 0.367 -0.328 -0.1540 -0.1310
1.6100 2 0.00 0.00 0.00 935 1097 103.50 114.21 5.19 0.642 0.215 -0.114 -0.1450 -0.0860
1.6110 2 0.00 0.00 0.00 936 1098 100.58 111.07 5.20 0.855 -0.060 0.069 -0.1405 -0.0545
1.6120 2 0.00 0.00 0.00 937 1099 98.04 106.19 5.20 0.214 0.184 0.069 -0.1720 -0.0140
1.6130 2 0.00 0.00 0.00 937 1099 96.90 103.83 5.20 -0.182 0.489 -0.114 -0.1540 -0.0860
1.6140 2 0.00 0.00 0.00 938 1100 95.09 102.81 5.20 -0.182 0.672 -0.114 -0.1360 -0.0815
1.6150 2 0.00 0.00 0.00 939 1101 91.10 100.19 5.19 -0.091 0.489 0.130 -0.1270 -0.0455
1.6160 2 0.00 0.00 0.00 939 1102 91.10 96.70 5.20 -0.152 0.123 0.039 -0.1405 -0.0230
1.6170 2 0.00 0.00 0.00 940 1102 87.65 96.70 5.20 -0.488 -0.060 -0.083 -0.1450 -0.0680
1.6180 2 0.00 0.00 0.00 941 1103 84.11 90.96 5.20 -0.640 -0.060 0.069 -0.1135 -0.0500
1.6190 2 0.00 0.00 0.00 941 1103 84.11 88.00 5.20 -0.335 -0.274 0.100 -0.0820 -0.0275
1.6200 2 0.00 0.00 0.00 942 1104 81.18 87.11 5.20 0.367 -0.335 -0.145 -0.0955 -0.0050
1.6210 2 0.00 0.00 0.00 942 1105 81.18 82.84 5.20 0.733 -0.213 -0.328 -0.1135 0.0130
1.6220 2 0.00 0.00 0.00 943 1105 77.90 82.84 5.20 0.733 0.092 -0.358 -0.1000 -0.0005
1.6230 2 0.00 0.00 0.00 943 1106 77.90 79.65 5.20 0.642 0.123 0.008 -0.1225 0.0085
1.6240 2 0.00 0.00 0.00 944 1106 75.47 79.65 5.20 0.336 0.001 -0.114 -0.1090 0.0310
1.6250 2 0.00 0.00 0.00 944 1107 74.25 75.13 5.22 -0.121 -0.121 0.100 -0.1000 -0.0275
1.6260 2 0.00 0.00 0.00 945 1107 72.82 75.13 5.20 -0.335 -0.518 0.130 -0.1180 0.0175
1.6270 2 0.00 0.00 0.00 945 1108 70.30 71.84 5.20 -0.396 -0.457 -0.053 -0.1135 0.0220
1.6280 2 0.00 0.00 0.00 946 1108 70.06 71.84 5.20 -0.518 -0.182 -0.328 -0.1090 -0.0050
1.6290 2 0.00 0.00 0.00 946 1109 70.06 68.99 5.20 -0.610 0.092 -0.053 -0.1135 -0.0005
1.6300 2 0.00 0.00 0.00 947 1109 67.14 68.99 5.20 -0.366 0.154 0.191 -0.1135 -0.0140
1.6310 2 0.00 0.00 0.00 947 1110 67.14 65.82 5.20 -0.182 0.001 0.100 -0.1135 -0.0005
1.6320 2 0.00 0.00 0.00 948 1110 63.90 65.82 5.20 0.214 0.001 -0.083 -0.1000 0.0355
1.6330 2 0.00 0.00 0.00 948 1110 63.90 62.24 5.20 0.519 -0.274 -0.297 -0.0955 0.0490
1.6340 2 0.00 0.00 0.00 949 1111 60.07 60.84 5.20 0.642 -0.152 -0.267 -0.1135 0.0400
1.6350 2 0.00 0.00 0.00 949 1111 60.07 60.52 5.20 0.397 0.184 -0.206 -0.1000 0.0445
1.6360 2 0.00 0.00 0.00 949 1112 58.35 57.75 5.20 0.245 0.306 -0.114 -0.1000 0.0265
1.6370 2 0.00 0.00 0.00 950 1112 57.20 57.75 5.20 0.153 0.001 -0.145 -0.1135 0.0310
1.6380 2 0.00 0.00 0.00 950 1112 57.20 55.07 5.19 -0.213 -0.060 -0.114 -0.1135 0.0355
1.6390 2 0.00 0.00 0.00 950 1113 54.19 54.69 5.20 -0.366 -0.213 -0.022 -0.1135 0.0445
1.6400 2 0.00 0.00 0.00 951 1113 53.96 54.52 5.19 -0.366 -0.243 -0.175 -0.1000 0.0535
1.6410 2 0.00 0.00 0.00 951 1114 53.96 52.01 5.20 -0.396 -0.182 -0.175 -0.1045 0.0445
1.6420 2 0.00 0.00 0.00 952 1114 50.59 52.01 5.20 -0.427 -0.274 -0.053 -0.0910 0.0670
1.6430 2 0.00 0.00 0.00 952 1114 50.59 52.01 5.20 -0.121 -0.182 -0.053 -0.1000 0.0625
1.6440 2 0.00 0.00 0.00 952 1115 50.59 48.87 5.20 0.153 -0.121 0.161 -0.1045 0.0580
1.6450 2 0.00 0.00 0.00 952 1115 46.99 48.87 5.20 0.123 -0.213 0.252 -0.1135 0.0490
1.6460 2 0.00 0.00 0.00 953 1115 45.82 48.87 5.20 0.123 -0.091 0.069 -0.1045 0.0355
1.6470 2 0.00 0.00 0.00 953 1116 45.82 46.10 5.20 0.245 0.092 0.008 -0.1000 0.0175
1.6480 2 0.00 0.00 0.00 953 1116 44.30 46.10 5.20 0.336 0.154 0.069 -0.0820 0.0355
1.6490 2 0.00 0.00 0.00 954 1116 41.36 46.10 5.20 0.367 0.123 0.039 -0.0955 0.0445
1.6500 2 0.00 0.00 0.00 954 1116 41.36 43.88 5.20 0.367 0.092 -0.358 -0.0910 0.0310
1.6510 2 0.00 0.00 0.00 954 1117 41.36 41.16 5.20 0.092 0.001 -0.175 -0.0910 0.0355
1.6520 2 0.00 0.00 0.00 954 1117 40.40 41.16 5.20 -0.030 -0.213 -0.145 -0.0910 0.0445
1.6530 2 0.00 0.00 0.00 954 1117 37.51 41.16 5.20 -0.274 -0.121 -0.114 -0.0820 0.0490
1.6540 2 0.00 0.00 0.00 955 1117 36.41 38.68 5.20 -0.518 -0.304 -0.083 -0.0820 0.0445
1.6550 2 0.00 0.00 0.00 955 1118 36.41 37.89 5.20 -0.213 -0.304 -0.022 -0.0910 0.0580
1.6560 2 0.00 0.00 0.00 955 1118 36.41 37.89 5.20 0.153 -0.182 -0.175 -0.0775 0.0670
1.6570 2 0.00 0.00 0.00 955 1118 34.43 37.89 5.20 0.214 0.184 -0.236 -0.0775 0.0625
1.6580 2 0.00 0.00 0.00 955 1118 32.30 37.15 5.20 0.214 0.245 -0.083 -0.0730 0.0625
1.6590 2 0.00 0.00 0.00 956 1118 31.99 34.69 5.20 0.489 0.154 -0.175 -0.0820 0.0400
1.6600 2 0.00 0.00 0.00 956 1119 31.99 34.60 5.20 0.550 -0.060 -0.053 -0.0730 0.0580
1.6610 2 0.00 0.00 0.00 956 1119 31.99 34.60 5.20 0.519 -0.060 -0.022 -0.0910 0.0715
1.6620 2 0.00 0.00 0.00 956 1119 31.32 34.39 5.21 0.367 -0.060 -0.145 -0.0955 0.0580
1.6630 2 0.00 0.00 0.00 956 1119 29.55 32.27 5.20 -0.091 -0.152 -0.022 -0.0820 0.0760
1.6640 2 0.00 0.00 0.00 956 1120 27.98 30.91 5.20 -0.396 -0.030 -0.083 -0.0865 0.0625
1.6650 2 0.00 0.00 0.00 957 1120 27.22 30.91 5.20 -0.427 0.031 -0.022 -0.0865 0.0670
1.6660 2 0.00 0.00 0.00 957 1120 27.22 30.91 5.20 -0.396 0.031 -0.022 -0.0865 0.0670
1.6670 2 0.00 0.00 0.00 957 1120 27.22 30.91 5.20 -0.121 0.001 -0.022 -0.0775 0.0670
1.6680 2 0.00 0.00 0.00 957 1120 27.22 30.42 5.20 -0.030 -0.091 -0.022 -0.0730 0.0715
1.6690 2 0.00 0.00 0.00 957 1120 25.97 28.75 5.20 0.031 -0.091 0.039 -0.0820 0.0715
1.6700 2 0.00 0.00 0.00 957 1120 24.75 27.25 5.20 0.245 -0.152 0.100 -0.0685 0.0670
1.6710 2 0.00 0.00 0.00 957 1120 23.63 25.90 5.19 0.123 -0.060 0.008 -0.0730 0.0715
1.6720 2 0.00 0.00 0.00 957 1121 22.61 25.64 5.20 0.184 -0.030 -0.175 -0.0865 0.0985
1.6730 2 0.00 0.00 0.00 957 1121 21.67 25.64 5.20 0.184 0.001 -0.206 -0.0775 0.0805
1.6740 2 0.00 0.00 0.00 958 1121 21.38 25.64 5.20 -0.030 0.062 -0.145 -0.0775 0.0850
1.6750 2 0.00 0.00 0.00 958 1121 21.38 25.27 5.20 0.031 -0.121 -0.206 -0.0685 0.0940
1.6760 2 0.00 0.00 0.00 958 1121 21.38 24.11 5.20 0.062 -0.152 -0.236 -0.0595 0.0940
1.6770 2 0.00 0.00 0.00 958 1121 21.38 23.05 5.18 0.214 0.092 -0.053 -0.0685 0.0850
1.6780 2 0.00 0.00 0.00 958 1121 21.30 22.07 5.20 -0.030 0.154 -0.083 -0.0685 0.0805
1.6790 2 0.00 0.00 0.00 958 1121 20.47 21.18 5.20 -0.396 0.001 -0.145 -0.0550 0.0670
1.6800 2 0.00 0.00 0.00 958 1121 19.70 20.36 5.19 0.123 0.245 -0.114 -0.0595 0.0850
1.6810 2 0.00 0.00 0.00 958 1121 18.99 19.60 5.19 0.367 0.184 -0.022 -0.0640 0.0850
1.6820 2 0.00 0.00 0.00 958 1121 18.32 18.89 5.19 0.306 0.154 -0.114 -0.0550 0.0895
1.6830 2 0.00 0.00 0.00 958 1121 17.70 18.23 5.19 0.031 -0.030 -0.236 -0.0550 0.0850
1.6840 2 0.00 0.00 0.00 958 1121 17.12 17.62 5.19 0.062 -0.121 -0.053 -0.0640 0.0850
1.6850 2 0.00 0.00 0.00 958 1121 16.58 17.04 5.19 0.123 0.154 0.191 -0.0595 0.0940
1.6860 2 0.00 0.00 0.00 958 1121 16.07 16.51 5.19 0.092 0.367 -0.022 -0.0550 0.0895
1.6870 2 0.00 0.00 0.00 958 1121 15.59 16.00 5.19 -0.182 0.215 -0.083 -0.0595 0.0850
1.6880 2 0.00 0.00 0.00 958 1121 15.14 15.53 5.19 0.031 0.123 -0.175 -0.0640 0.0985
1.6890 2 0.00 0.00 0.00 958 1121 14.72 15.08 5.19 0.153 0.001 -0.145 -0.0685 0.0895
1.6900 2 0.00 0.00 0.00 958 1121 14.31 14.66 5.20 -0.030 -0.365 -0.083 -0.0685 0.1120
1.6910 2 0.00 0.00 0.00 958 1121 13.93 14.26 5.20 -0.030 -0.335 -0.083 -0.0640 0.1030
1.6920 2 0.00 0.00 0.00 958 1121 13.57 13.88 5.20 -0.030 -0.243 -0.175 -0.0640 0.0985
1.6930 2 0.00 0.00 0.00 958 1120 13.23 -15.47 5.20 -0.152 0.031 -0.083 -0.0640 0.1030
1.6940 2 0.00 0.00 0.00 958 1120 12.90 -13.18 5.19 -0.060 0.276 0.069 -0.0685 0.1165
1.6950 2 0.00 0.00 0.00 958 1120 12.59 -12.86 5.20 0.184 0.062 0.008 -0.0640 0.1120
1.6960 2 0.00 0.00 0.00 958 1120 12.30 -12.55 5.19 0.092 0.001 0.008 -0.0685 0.1210
1.6970 2 0.00 0.00 0.00 958 1120 12.02 -12.26 5.20 0.031 0.092 0.008 -0.0595 0.1210
1.6980 2 0.00 0.00 0.00 958 1120 11.75 -11.98 5.20 -0.121 0.245 0.039 -0.0685 0.1075
1.6990 2 0.00 0.00 0.00 958 1120 11.49 -11.71 5.19 0.123 0.062 -0.022 -0.0640 0.1030
1.7000 2 0.00 0.00 0.00 958 1120 11.24 -11.45 5.20 0.245 0.031 -0.022 -0.0640 0.1120
1.7010 2 0.00 0.00 0.00 958 1120 11.01 -11.21 5.19 -0.091 0.306 -0.053 -0.0640 0.1030
1.7020 2 0.00 0.00 0.00 958 1120 10.78 -10.97 5.20 -0.182 0.276 -0.022 -0.0730 0.1030
1.7030 2 0.00 0.00 0.00 958 1120 10.56 -10.75 5.20 0.123 0.092 -0.053 -0.0595 0.1030
1.7040 2 0.00 0.00 0.00 958 1120 10.35 -10.53 5.20 0.214 0.154 -0.145 -0.0640 0.1030
1.7050 2 0.00 0.00 0.00 958 1120 10.15 -10.32 5.20 -0.060 0.062 -0.175 -0.0595 0.0940
1.7060 2 0.00 0.00 0.00 958 1120 9.96 -10.12 5.20 0.062 -0.091 -0.145 -0.0595 0.0985
1.7070 2 0.00 0.00 0.00 958 1120 9.77 -9.93 5.19 0.245 0.001 -0.145 -0.0640 0.0895
1.7080 2 0.00 0.00 0.00 958 1120 9.59 -9.75 5.19 0.184 0.123 -0.022 -0.0595 0.0940
1.7090 2 0.00 0.00 0.00 958 1120 9.42 -9.57 5.20 0.031 0.031 0.161 -0.0640 0.0940
1.7100 2 0.00 0.00 0.00 958 1120 9.25 -9.40 5.19 0.092 -0.121 0.191 -0.0595 0.0895
1.7110 2 0.00 0.00 0.00 958 1120 9.09 -9.23 5.19 -0.030 0.001 0.161 -0.0685 0.0940
1.7120 2 0.00 0.00 0.00 958 1120 8.94 -9.07 5.19 -0.091 0.367 0.008 -0.0640 0.0895
1.7130 2 0.00 0.00 0.00 958 1120 8.79 -8.92 5.20 0.001 0.306 -0.114 -0.0640 0.0805
1.7140 2 0.00 0.00 0.00 958 1120 8.64 -8.77 5.20 0.001 0.154 0.008 -0.0595 0.0895
1.7150 2 0.00 0.00 0.00 958 1120 8.50 -8.62 5.20 0.123 0.276 0.100 -0.0640 0.0940
1.7160 2 0.00 0.00 0.00 958 1120 8.37 -8.48 5.19 0.123 0.398 0.130 -0.0640 0.0985
1.7170 2 0.00 0.00 0.00 958 1120 8.24 -8.35 5.20 -0.030 0.550 -0.053 -0.0685 0.0805
1.7180 2 0.00 0.00 0.00 958 1120 8.11 -8.22 5.20 0.031 0.428 -0.145 -0.0640 0.0805
1.7190 2 0.00 0.00 0.00 958 1120 7.98 -8.09 5.20 0.184 0.154 -0.114 -0.0685 0.0985
1.7200 2 0.00 0.00 0.00 958 1120 7.86 -7.97 5.19 0.001 0.001 0.069 -0.0640 0.1030
1.7210 2 0.00 0.00 0.00 958 1120 7.75 -7.85 5.21 -0.121 0.031 0.222 -0.0595 0.0940
1.7220 2 0.00 0.00 0.00 958 1120 7.64 -7.73 5.20 0.031 0.092 0.100 -0.0640 0.0895
1.7230 2 0.00 0.00 0.00 958 1120 7.53 -7.62 5.20 0.153 0.154 -0.145 -0.0550 0.0850
1.7240 2 0.00 0.00 0.00 958 1120 7.42 -7.51 5.20 0.123 0.123 -0.206 -0.0640 0.0940
1.7250 2 0.00 0.00 0.00 958 1120 7.32 -7.40 5.20 0.214 0.123 -0.083 -0.0640 0.0985
1.7260 2 0.00 0.00 0.00 958 1120 7.21 -7.30 5.19 0.275 0.123 0.191 -0.0685 0.0940
1.7270 2 0.00 0.00 0.00 958 1120 7.12 -7.20 5.19 0.275 -0.152 0.161 -0.0640 0.0850
1.7280 2 0.00 0.00 0.00 958 1120 7.02 -7.10 5.19 0.092 -0.213 -0.114 -0.0685 0.0895
1.7290 2 0.00 0.00 0.00 958 1120 6.93 -7.01 5.19 0.245 0.062 -0.083 -0.0640 0.1030
1.7300 2 0.00 0.00 0.00 958 1120 6.84 -6.91 5.21 0.245 0.062 -0.022 -0.0550 0.0985
1.7310 2 0.00 0.00 0.00 958 1120 6.75 -6.82 5.20 0.306 -0.060 0.222 -0.0640 0.0940
1.7320 2 0.00 0.00 0.00 958 1120 6.66 -6.74 5.19 0.306 0.031 0.344 -0.0775 0.0985
1.7330 2 0.00 0.00 0.00 958 1120 6.58 -6.65 5.20 0.214 0.092 0.161 -0.0595 0.0850
1.7340 2 0.00 0.00 0.00 958 1120 6.50 -6.57 5.20 0.092 -0.030 -0.022 -0.0595 0.0895
1.7350 2 0.00 0.00 0.00 958 1120 6.42 -6.49 5.20 -0.091 0.001 0.039 -0.0640 0.0895
1.7360 2 0.00 0.00 0.00 958 1120 6.34 -6.41 5.20 -0.060 0.092 0.039 -0.0685 0.0850
1.7370 2 0.00 0.00 0.00 958 1120 6.26 -6.33 5.20 0.001 0.276 0.161 -0.0640 0.0940
1.7380 2 0.00 0.00 0.00 958 1120 6.19 -6.25 5.20 0.123 0.123 -0.022 -0.0730 0.0805
1.7390 2 0.00 0.00 0.00 958 1120 6.12 -6.18 5.19 0.001 0.062 0.130 -0.0550 0.0850
1.7400 2 0.00 0.00 0.00 958 1120 6.05 -6.11 5.20 0.184 0.001 0.191 -0.0595 0.0985
1.7410 2 0.00 0.00 0.00 958 1120 5.98 -6.04 5.19 0.275 -0.182 0.100 -0.0730 0.0895
1.7420 2 0.00 0.00 0.00 958 1120 5.91 -5.97 5.20 0.123 -0.182 -0.083 -0.0595 0.0805
1.7430 2 0.00 0.00 0.00 958 1120 5.85 -5.90 5.19 0.123 -0.060 0.100 -0.0640 0.0850
1.7440 2 0.00 0.00 0.00 958 1120 5.78 -5.84 5.19 0.092 0.123 0.191 -0.0775 0.0895
1.7450 2 0.00 0.00 0.00 958 1120 5.72 -5.77 5.20 0.031 0.184 0.161 -0.0595 0.0940
1.7460 2 0.00 0.00 0.00 958 1120 5.66 -5.71 5.18 0.001 0.031 0.008 -0.0730 0.0895
1.7470 2 0.00 0.00 0.00 958 1120 5.60 -5.65 5.20 0.092 0.154 0.161 -0.0595 0.0940
1.7480 2 0.00 0.00 0.00 958 1120 5.54 -5.59 5.20 0.092 0.062 0.100 -0.0595 0.0940
1.7490 2 0.00 0.00 0.00 958 1120 5.48 -5.53 5.19 0.062 0.001 -0.145 -0.0640 0.0895
1.7500 2 0.00 0.00 0.00 958 1120 5.42 -5.47 5.19 0.184 0.092 0.008 -0.0730 0.0985
1.7510 2 0.00 0.00 0.00 958 1120 5.37 -5.41 5.19 0.062 0.123 0.039 -0.0685 0.0940
1.7520 2 0.00 0.00 0.00 958 1120 5.31 -5.36 5.20 0.062 -0.121 -0.022 -0.0775 0.0895
1.7530 2 0.00 0.00 0.00 958 1120 5.26 -5.30 5.20 -0.060 -0.182 -0.053 -0.0595 0.0940
1.7540 2 0.00 0.00 0.00 958 1120 5.21 -5.25 5.20 0.092 -0.152 -0.175 -0.0640 0.0985
1.7550 2 0.00 0.00 0.00 958 1120 5.15 -5.20 5.20 0.214 -0.030 -0.145 -0.0595 0.1075
1.7560 2 0.00 0.00 0.00 958 1120 5.10 -5.15 5.19 0.153 -0.030 -0.083 -0.0550 0.0940
1.7570 2 0.00 0.00 0.00 958 1120 5.06 -5.10 5.20 -0.091 0.154 -0.236 -0.0685 0.0985
1.7580 2 0.00 0.00 0.00 958 1120 5.01 -5.05 5.19 -0.152 -0.060 -0.145 -0.0595 0.0985
1.7590 2 0.00 0.00 0.00 958 1120 4.96 -5.00 5.20 -0.091 -0.243 -0.114 -0.0640 0.0895
1.7600 2 0.00 0.00 0.00 958 1120 4.91 -4.95 5.20 -0.091 -0.365 -0.114 -0.0640 0.0895
1.7610 2 0.00 0.00 0.00 958 1120 4.87 -4.91 5.20 0.031 -0.152 -0.083 -0.0685 0.0895
1.7620 2 0.00 0.00 0.00 958 1120 4.82 -4.86 5.20 0.062 0.092 0.008 -0.0640 0.0850
1.7630 2 0.00 0.00 0.00 958 1120 4.78 -4.82 5.20 0.153 0.184 -0.053 -0.0595 0.0850
1.7640 2 0.00 0.00 0.00 958 1120 4.74 -4.77 5.20 -0.030 -0.060 -0.236 -0.0685 0.1030
1.7650 2 0.00 0.00 0.00 958 1120 4.69 -4.73 5.19 0.092 -0.121 -0.114 -0.0640 0.0940
1.7660 2 0.00 0.00 0.00 958 1120 4.65 -4.69 5.20 0.153 0.001 0.100 -0.0685 0.0895
1.7670 2 0.00 0.00 0.00 958 1120 4.61 -4.65 5.19 0.123 0.092 -0.083 -0.0685 0.0805
1.7680 2 0.00 0.00 0.00 958 1120 4.57 -4.60 5.18 0.245 0.123 -0.236 -0.0730 0.0985
1.7690 2 0.00 0.00 0.00 958 1120 4.53 -4.56 5.20 0.184 0.001 -0.145 -0.0640 0.0895
1.7700 2 0.00 0.00 0.00 958 1120 4.49 -4.52 5.20 0.062 -0.152 0.039 -0.0640 0.0895
1.7710 2 0.00 0.00 0.00 958 1120 4.45 -4.49 5.19 -0.182 -0.030 -0.022 -0.0640 0.0895
1.7720 2 0.00 0.00 0.00 958 1120 4.42 -4.45 5.19 0.062 0.062 -0.206 -0.0640 0.0895
1.7730 2 0.00 0.00 0.00 958 1120 4.38 -4.41 5.20 0.153 0.092 -0.145 -0.0505 0.0895
1.7740 2 0.00 0.00 0.00 958 1120 4.34 -4.37 5.19 0.123 0.123 0.008 -0.0685 0.1075
1.7750 2 0.00 0.00 0.00 958 1120 4.31 -4.34 5.19 0.123 0.062 0.161 -0.0685 0.0985
1.7760 2 0.00 0.00 0.00 958 1120 4.27 -4.30 5.19 0.092 -0.121 0.100 -0.0685 0.0895
1.7770 2 0.00 0.00 0.00 958 1120 4.24 -4.27 5.19 0.184 -0.030 -0.114 -0.0640 0.0940
1.7780 2 0.00 0.00 0.00 958 1120 4.20 -4.23 5.19 0.153 0.092 -0.236 -0.0595 0.0985
1.7790 2 0.00 0.00 0.00 958 1120 4.17 -4.20 5.20 -0.182 0.184 -0.022 -0.0550 0.0940
1.7800 2 0.00 0.00 0.00 958 1120 4.14 -4.16 5.20 -0.060 0.154 0.130 -0.0685 0.0850
1.7810 2 0.00 0.00 0.00 958 1120 4.10 -4.13 5.20 0.001 0.062 -0.175 -0.0730 0.0940
1.7820 2 0.00 0.00 0.00 958 1120 4.07 -4.10 5.19 0.092 0.031 -0.022 -0.0640 0.0850
1.7830 2 0.00 0.00 0.00 958 1120 4.04 -4.07 5.20 0.153 0.001 -0.022 -0.0685 0.1030
1.7840 2 0.00 0.00 0.00 958 1120 4.01 -4.04 5.20 -0.060 0.276 -0.053 -0.0685 0.0985
1.7850 2 0.00 0.00 0.00 958 1120 3.98 -4.01 5.19 -0.091 0.092 -0.022 -0.0640 0.0940
1.7860 2 0.00 0.00 0.00 958 1120 3.95 -3.98 5.20 -0.091 -0.182 0.039 -0.0685 0.0940
1.7870 2 0.00 0.00 0.00 958 1120 3.92 -3.95 5.20 0.092 -0.060 -0.053 -0.0685 0.0940
1.7880 2 0.00 0.00 0.00 958 1120 3.89 -3.92 5.19 0.092 -0.243 -0.053 -0.0640 0.0985
1.7890 2 0.00 0.00 0.00 958 1120 3.86 -3.89 5.20 -0.030 -0.121 0.069 -0.0640 0.0940
1.7900 2 0.00 0.00 0.00 958 1120 3.83 -3.86 5.21 0.031 -0.030 -0.083 -0.0595 0.0940
1.7910 2 0.00 0.00 0.00 958 1120 3.81 -3.83 5.20 -0.060 0.062 -0.053 -0.0685 0.0895
1.7920 2 0.00 0.00 0.00 958 1120 3.78 -3.80 5.18 0.123 0.123 0.069 -0.0685 0.0985
1.7930 2 0.00 0.00 0.00 958 1120 3.75 -3.77 5.19 -0.060 0.184 0.008 -0.0685 0.0940
1.7940 2 0.00 0.00 0.00 958 1120 3.72 -3.75 5.20 -0.152 -0.213 -0.145 -0.0730 0.0760
1.7950 2 0.00 0.00 0.00 958 1120 3.70 -3.72 5.20 -0.091 -0.152 -0.236 -0.0685 0.0940
1.7960 2 0.00 0.00 0.00 958 1120 3.67 -3.69 5.20 0.123 0.092 -0.175 -0.0685 0.0940
1.7970 2 0.00 0.00 0.00 958 1120 3.65 -3.67 5.19 0.123 0.276 -0.053 -0.0595 0.1075
1.7980 2 0.00 0.00 0.00 958 1120 3.62 -3.64 5.20 0.184 0.215 0.008 -0.0640 0.0895
1.7990 2 0.00 0.00 0.00 958 1120 3.60 -3.62 5.19 0.153 -0.030 0.039 -0.0595 0.0940
1.8000 2 0.00 0.00 0.00 958 1120 3.57 -3.59 5.20 0.031 -0.060 -0.114 -0.0640 0.0985
1.8010 2 0.00 0.00 0.00 958 1120 3.55 -3.57 5.20 -0.030 0.092 0.069 -0.0640 0.0895
1.8020 2 0.00 0.00 0.00 958 1120 3.52 -3.54 5.18 0.031 -0.121 0.100 -0.0685 0.1030
1.8030 2 0.00 0.00 0.00 958 1120 3.50 -3.52 5.20 0.031 -0.091 -0.083 -0.0730 0.0895
1.8040 2 0.00 0.00 0.00 958 1120 3.48 -3.50 5.19 0.123 -0.030 -0.145 -0.0640 0.0940
1.8050 2 0.00 0.00 0.00 958 1120 3.45 -3.47 5.19 0.153 0.092 0.069 -0.0685 0.0985
1.8060 2 0.00 0.00 0.00 958 1120 3.43 -3.45 5.19 0.123 0.154 0.069 -0.0730 0.0805
1.8070 2 0.00 0.00 0.00 958 1120 3.41 -3.43 5.20 0.214 0.123 -0.022 -0.0685 0.0985
1.8080 2 0.00 0.00 0.00 958 1120 3.39 -3.41 5.19 0.123 -0.030 -0.206 -0.0685 0.0895
1.8090 2 0.00 0.00 0.00 958 1120 3.37 -3.38 5.20 0.092 -0.091 -0.145 -0.0595 0.0895
1.8100 2 0.00 0.00 0.00 958 1120 3.34 -3.36 5.19 0.306 -0.030 -0.053 -0.0730 0.0895
1.8110 2 0.00 0.00 0.00 958 1120 3.32 -3.34 5.19 0.153 -0.060 0.008 -0.0685 0.0985
1.8120 2 0.00 0.00 0.00 958 1120 3.30 -3.32 5.19 0.031 0.031 0.252 -0.0595 0.0895
1.8130 2 0.00 0.00 0.00 958 1120 3.28 -3.30 5.19 -0.060 0.215 0.222 -0.0685 0.0895
1.8140 2 0.00 0.00 0.00 958 1120 3.26 -3.28 5.20 -0.060 0.184 -0.145 -0.0685 0.0760
1.8150 2 0.00 0.00 0.00 958 1120 3.24 -3.26 5.19 0.214 0.092 0.008 -0.0640 0.0805
1.8160 2 0.00 0.00 0.00 958 1120 3.22 -3.24 5.19 0.214 0.123 0.313 -0.0595 0.0940
1.8170 2 0.00 0.00 0.00 958 1120 3.20 -3.22 5.19 0.092 0.062 0.252 -0.0640 0.0895
1.8180 2 0.00 0.00 0.00 958 1120 3.18 -3.20 5.19 -0.091 0.184 -0.083 -0.0640 0.0985
1.8190 2 0.00 0.00 0.00 958 1120 3.16 -3.18 5.21 0.062 0.092 -0.053 -0.0595 0.0940
1.8200 2 0.00 0.00 0.00 958 1120 3.14 -3.16 5.19 0.001 0.092 -0.053 -0.0685 0.0805
1.8210 2 0.00 0.00 0.00 958 1120 3.12 -3.14 5.19 -0.091 0.031 -0.083 -0.0595 0.0940
1.8220 2 0.00 0.00 0.00 958 1120 3.11 -3.12 5.20 0.001 0.001 0.008 -0.0685 0.0940
1.8230 2 0.00 0.00 0.00 958 1120 3.09 -3.10 5.20 0.153 0.184 0.222 -0.0640 0.0940
1.8240 2 0.00 0.00 0.00 958 1120 3.07 -3.09 5.20 0.214 0.062 0.161 -0.0730 0.0940
1.8250 2 0.00 0.00 0.00 958 1120 3.05 -3.07 5.20 0.062 -0.030 0.039 -0.0685 0.0895
1.8260 2 0.00 0.00 0.00 958 1120 3.03 -3.05 5.20 0.092 -0.304 -0.053 -0.0595 0.0850
1.8270 2 0.00 0.00 0.00 958 1120 3.02 -3.03 5.20 0.062 -0.426 0.008 -0.0640 0.0850
1.8280 2 0.00 0.00 0.00 958 1120 3.00 -3.01 5.20 -0.060 -0.030 -0.114 -0.0640 0.0985
1.8290 2 0.00 0.00 0.00 958 1120 2.98 -3.00 5.19 0.062 -0.030 -0.083 -0.0640 0.1030
1.8300 2 0.00 0.00 0.00 958 1120 2.97 -2.98 5.20 0.245 0.062 -0.022 -0.0640 0.1075
1.8310 2 0.00 0.00 0.00 958 1120 2.95 -2.96 5.20 0.214 0.276 0.100 -0.0685 0.0895
1.8320 2 0.00 0.00 0.00 958 1120 2.93 -2.95 5.20 0.153 0.215 0.130 -0.0595 0.0895
1.8330 2 0.00 0.00 0.00 958 1120 2.92 -2.93 5.20 -0.152 0.123 -0.083 -0.0595 0.0850
1.8340 2 0.00 0.00 0.00 958 1120 2.90 -2.91 5.19 -0.243 0.031 0.008 -0.0550 0.0850
1.8350 2 0.00 0.00 0.00 958 1120 2.88 -2.90 5.20 -0.243 -0.030 0.069 -0.0595 0.0940
1.8360 2 0.00 0.00 0.00 958 1120 2.87 -2.88 5.19 -0.243 0.062 0.130 -0.0730 0.0985
1.8370 2 0.00 0.00 0.00 958 1120 2.85 -2.87 5.20 -0.213 0.001 0.039 -0.0595 0.0940
1.8380 2 0.00 0.00 0.00 958 1120 2.84 -2.85 5.20 0.123 0.031 -0.175 -0.0640 0.0940
1.8390 2 0.00 0.00 0.00 958 1120 2.82 -2.83 5.19 0.092 -0.091 -0.114 -0.0685 0.0985
1.8400 2 0.00 0.00 0.00 958 1120 2.81 -2.82 5.19 0.275 -0.060 -0.022 -0.0595 0.0850
1.8410 2 0.00 0.00 0.00 958 1120 2.79 -2.80 5.19 0.214 -0.091 -0.053 -0.0685 0.0850
1.8420 2 0.00 0.00 0.00 958 1120 2.78 -2.79 5.20 0.184 0.154 -0.114 -0.0640 0.0940
1.8430 2 0.00 0.00 0.00 958 1120 2.76 -2.77 5.20 0.245 0.428 0.008 -0.0595 0.0895
1.8440 2 0.00 0.00 0.00 958 1120 2.75 -2.76 5.20 0.031 0.245 0.039 -0.0595 0.0985
1.8450 2 0.00 0.00 0.00 958 1120 2.73 -2.75 5.19 0.184 -0.060 0.069 -0.0775 0.0805
1.8460 2 0.00 0.00 0.00 958 1120 2.72 -2.73 5.20 0.275 -0.121 -0.022 -0.0640 0.0985
1.8470 2 0.00 0.00 0.00 958 1120 2.70 -2.72 5.20 -0.060 -0.060 -0.175 -0.0640 0.0805
1.8480 2 0.00 0.00 0.00 958 1120 2.69 -2.70 5.19 0.001 -0.060 -0.145 -0.0730 0.0940
1.8490 2 0.00 0.00 0.00 958 1120 2.68 -2.69 5.20 0.184 -0.091 -0.083 -0.0685 0.0985
1.8500 2 0.00 0.00 0.00 958 1120 2.66 -2.68 5.20 0.275 -0.182 0.130 -0.0640 0.0895
1.8510 2 0.00 0.00 0.00 958 1120 2.65 -2.66 5.19 0.397 0.031 0.130 -0.0685 0.1030
1.8520 2 0.00 0.00 0.00 958 1120 2.64 -2.65 5.20 0.306 0.123 0.161 -0.0640 0.0850
1.8530 2 0.00 0.00 0.00 958 1120 2.62 -2.63 5.19 0.001 0.123 0.008 -0.0595 0.0715
1.8540 2 0.00 0.00 0.00 958 1120 2.61 -2.62 5.20 0.153 0.031 -0.175 -0.0595 0.0895
1.8550 2 0.00 0.00 0.00 958 1120 2.60 -2.61 5.21 0.336 0.031 -0.114 -0.0640 0.1030
1.8560 2 0.00 0.00 0.00 958 1120 2.58 -2.60 5.19 0.214 0.031 0.008 -0.0595 0.0895
1.8570 2 0.00 0.00 0.00 958 1120 2.57 -2.58 5.20 0.062 0.092 -0.053 -0.0730 0.1030
1.8580 2 0.00 0.00 0.00 958 1120 2.56 -2.57 5.20 -0.030 0.123 -0.297 -0.0640 0.0940
1.8590 2 0.00 0.00 0.00 958 1120 2.55 -2.56 5.21 0.062 0.092 -0.145 -0.0640 0.0985
1.8600 2 0.00 0.00 0.00 958 1120 2.53 -2.55 5.20 0.245 -0.060 -0.114 -0.0595 0.0985
1.8610 2 0.00 0.00 0.00 958 1120 2.52 -2.53 5.19 0.153 -0.030 -0.175 -0.0640 0.0850
1.8620 2 0.00 0.00 0.00 958 1120 2.51 -2.52 5.19 0.306 0.184 -0.053 -0.0595 0.0850
1.8630 2 0.00 0.00 0.00 958 1120 2.50 -2.51 5.19 0.245 0.031 -0.206 -0.0595 0.0895
1.8640 2 0.00 0.00 0.00 958 1120 2.49 -2.50 5.19 0.062 -0.152 -0.328 -0.0685 0.0940
1.8650 2 0.00 0.00 0.00 958 1120 2.47 -2.48 5.20 -0.213 -0.243 -0.236 -0.0550 0.0895
1.8660 2 0.00 0.00 0.00 958 1120 2.46 -2.47 5.19 -0.182 -0.243 0.191 -0.0595 0.0940
1.8670 2 0.00 0.00 0.00 958 1120 2.45 -2.46 5.20 -0.030 0.062 0.222 -0.0640 0.0985
1.8680 2 0.00 0.00 0.00 958 1120 2.44 -2.45 5.22 0.092 -0.060 0.008 -0.0640 0.0940
1.8690 2 0.00 0.00 0.00 958 1120 2.43 -2.44 5.19 0.092 -0.152 -0.083 -0.0685 0.0895
1.8700 2 0.00 0.00 0.00 958 1120 2.42 -2.43 5.20 -0.121 0.001 -0.053 -0.0640 0.0985
1.8710 2 0.00 0.00 0.00 958 1120 2.41 -2.42 5.20 -0.091 -0.060 0.039 -0.0640 0.0940
1.8720 2 0.00 0.00 0.00 958 1120 2.40 -2.40 5.20 0.092 0.184 0.161 -0.0730 0.0985
1.8730 2 0.00 0.00 0.00 958 1120 2.38 -2.39 5.20 0.062 0.123 0.161 -0.0550 0.0850
1.8740 2 0.00 0.00 0.00 958 1120 2.37 -2.38 5.19 0.092 0.001 -0.175 -0.0730 0.0985
1.8750 2 0.00 0.00 0.00 958 1120 2.36 -2.37 5.20 0.275 -0.030 -0.206 -0.0685 0.0895
1.8760 2 0.00 0.00 0.00 958 1120 2.35 -2.36 5.20 0.245 -0.091 -0.022 -0.0595 0.0940
1.8770 2 0.00 0.00 0.00 958 1120 2.34 -2.35 5.19 0.031 -0.213 0.069 -0.0730 0.0760
1.8780 2 0.00 0.00 0.00 958 1120 2.33 -2.34 5.19 0.153 -0.060 0.161 -0.0730 0.0940
1.8790 2 0.00 0.00 0.00 958 1120 2.32 -2.33 5.20 0.214 0.184 0.252 -0.0685 0.0850
1.8800 2 0.00 0.00 0.00 958 1120 2.31 -2.32 5.19 0.123 0.245 0.039 -0.0640 0.0850
1.8810 2 0.00 0.00 0.00 958 1120 2.30 -2.31 5.20 0.214 -0.030 -0.083 -0.0640 0.0895
% sent 1882 log lines
